{"type": "FeatureCollection", "features": [{"type": "Feature", "properties": {"class_id": 2, "classification": "Fold", "area": 88.875}, "geometry": {"type": "Polygon", "coordinates": [[[18858.0, 22263.0], [18856.5, 22264.5], [18855.0, 22264.5], [18852.0, 22267.5], [18852.0, 22269.0], [18850.5, 22270.5], [18867.0, 22270.5], [18867.0, 22269.0], [18865.5, 22267.5], [18865.5, 22266.0], [18862.5, 22263.0], [18858.0, 22263.0]]]}}, {"type": "Feature", "properties": {"class_id": 2, "classification": "Fold", "area": 12.375}, "geometry": {"type": "Polygon", "coordinates": [[[18666.0, 22221.0], [18666.0, 22224.0], [18667.5, 22225.5], [18669.0, 22225.5], [18669.0, 22221.0], [18666.0, 22221.0]]]}}, {"type": "Feature", "properties": {"class_id": 2, "classification": "Fold", "area": 3.375}, "geometry": {"type": "Polygon", "coordinates": [[[23040.0, 21756.0], [23040.0, 21759.0], [23041.5, 21757.5], [23041.5, 21756.0], [23040.0, 21756.0]]]}}, {"type": "Feature", "properties": {"class_id": 2, "classification": "Fold", "area": 39.375}, "geometry": {"type": "Polygon", "coordinates": [[[4605.0, 21660.0], [4603.5, 21661.5], [4603.5, 21672.0], [4606.5, 21675.0], [4606.5, 21660.0], [4605.0, 21660.0]]]}}, {"type": "Feature", "properties": {"class_id": 2, "classification": "Fold", "area": 5674.5}, "geometry": {"type": "Polygon", "coordinates": [[[10302.0, 21600.0], [10300.5, 21601.5], [10299.0, 21601.5], [10296.0, 21604.5], [10296.0, 21606.0], [10293.0, 21609.0], [10293.0, 21612.0], [10291.5, 21613.5], [10291.5, 21628.5], [10293.0, 21630.0], [10293.0, 21633.0], [10291.5, 21634.5], [10291.5, 21640.5], [10293.0, 21642.0], [10293.0, 21643.5], [10294.5, 21643.5], [10296.0, 21645.0], [10297.5, 21645.0], [10303.5, 21651.0], [10303.5, 21652.5], [10305.0, 21651.0], [10312.5, 21651.0], [10314.0, 21649.5], [10320.0, 21649.5], [10321.5, 21651.0], [10323.0, 21651.0], [10324.5, 21652.5], [10326.0, 21652.5], [10329.0, 21655.5], [10329.0, 21657.0], [10336.5, 21664.5], [10336.5, 21666.0], [10338.0, 21667.5], [10338.0, 21669.0], [10339.5, 21670.5], [10339.5, 21672.0], [10341.0, 21673.5], [10341.0, 21675.0], [10342.5, 21676.5], [10342.5, 21678.0], [10344.0, 21679.5], [10344.0, 21681.0], [10348.5, 21685.5], [10348.5, 21687.0], [10350.0, 21688.5], [10350.0, 21690.0], [10351.5, 21691.5], [10351.5, 21694.5], [10353.0, 21696.0], [10353.0, 21697.5], [10354.5, 21699.0], [10354.5, 21700.5], [10359.0, 21705.0], [10360.5, 21705.0], [10362.0, 21706.5], [10363.5, 21706.5], [10365.0, 21708.0], [10372.5, 21708.0], [10374.0, 21709.5], [10395.0, 21709.5], [10398.0, 21706.5], [10398.0, 21699.0], [10396.5, 21697.5], [10396.5, 21694.5], [10395.0, 21693.0], [10395.0, 21690.0], [10393.5, 21688.5], [10393.5, 21685.5], [10392.0, 21684.0], [10392.0, 21681.0], [10390.5, 21679.5], [10390.5, 21676.5], [10389.0, 21675.0], [10389.0, 21670.5], [10387.5, 21669.0], [10387.5, 21667.5], [10386.0, 21666.0], [10386.0, 21664.5], [10384.5, 21663.0], [10384.5, 21661.5], [10383.0, 21660.0], [10383.0, 21658.5], [10381.5, 21657.0], [10381.5, 21655.5], [10380.0, 21654.0], [10380.0, 21652.5], [10378.5, 21651.0], [10378.5, 21649.5], [10375.5, 21646.5], [10375.5, 21645.0], [10371.0, 21640.5], [10371.0, 21639.0], [10366.5, 21634.5], [10366.5, 21633.0], [10365.0, 21631.5], [10365.0, 21628.5], [10363.5, 21627.0], [10363.5, 21622.5], [10362.0, 21621.0], [10362.0, 21619.5], [10360.5, 21619.5], [10359.0, 21618.0], [10353.0, 21618.0], [10351.5, 21616.5], [10347.0, 21616.5], [10345.5, 21615.0], [10344.0, 21615.0], [10342.5, 21613.5], [10341.0, 21613.5], [10338.0, 21610.5], [10338.0, 21609.0], [10335.0, 21606.0], [10332.0, 21606.0], [10332.0, 21607.5], [10329.0, 21610.5], [10329.0, 21612.0], [10324.5, 21616.5], [10318.5, 21616.5], [10314.0, 21612.0], [10314.0, 21606.0], [10312.5, 21604.5], [10312.5, 21603.0], [10311.0, 21601.5], [10308.0, 21601.5], [10306.5, 21600.0], [10302.0, 21600.0]]]}}, {"type": "Feature", "properties": {"class_id": 2, "classification": "Fold", "area": 2.25}, "geometry": {"type": "Polygon", "coordinates": [[[9994.5, 20728.5], [9994.5, 20730.0], [9996.0, 20730.0], [9996.0, 20728.5], [9994.5, 20728.5]]]}}, {"type": "Feature", "properties": {"class_id": 2, "classification": "Fold", "area": 41.625}, "geometry": {"type": "Polygon", "coordinates": [[[23490.0, 20398.5], [23490.0, 20403.0], [23491.5, 20404.5], [23493.0, 20404.5], [23494.5, 20406.0], [23496.0, 20406.0], [23497.5, 20404.5], [23497.5, 20403.0], [23496.0, 20401.5], [23496.0, 20400.0], [23494.5, 20398.5], [23490.0, 20398.5]]]}}, {"type": "Feature", "properties": {"class_id": 2, "classification": "Fold", "area": 4244.625}, "geometry": {"type": "Polygon", "coordinates": [[[21679.5, 20223.0], [21678.0, 20224.5], [21657.0, 20224.5], [21655.5, 20226.0], [21649.5, 20226.0], [21648.0, 20227.5], [21639.0, 20227.5], [21637.5, 20229.0], [21634.5, 20229.0], [21633.0, 20230.5], [21628.5, 20230.5], [21627.0, 20232.0], [21622.5, 20232.0], [21621.0, 20233.5], [21616.5, 20233.5], [21615.0, 20235.0], [21612.0, 20235.0], [21610.5, 20236.5], [21604.5, 20236.5], [21603.0, 20238.0], [21595.5, 20238.0], [21594.0, 20239.5], [21591.0, 20239.5], [21589.5, 20241.0], [21585.0, 20241.0], [21583.5, 20242.5], [21580.5, 20242.5], [21579.0, 20244.0], [21574.5, 20244.0], [21573.0, 20245.5], [21547.5, 20245.5], [21546.0, 20247.0], [21538.5, 20247.0], [21537.0, 20248.5], [21531.0, 20248.5], [21529.5, 20250.0], [21525.0, 20250.0], [21523.5, 20251.5], [21511.5, 20251.5], [21510.0, 20250.0], [21504.0, 20250.0], [21504.0, 20280.0], [21507.0, 20280.0], [21508.5, 20278.5], [21510.0, 20278.5], [21511.5, 20277.0], [21516.0, 20277.0], [21517.5, 20278.5], [21529.5, 20278.5], [21531.0, 20277.0], [21532.5, 20277.0], [21538.5, 20271.0], [21540.0, 20271.0], [21541.5, 20269.5], [21544.5, 20269.5], [21546.0, 20268.0], [21556.5, 20268.0], [21558.0, 20266.5], [21562.5, 20266.5], [21564.0, 20265.0], [21570.0, 20265.0], [21571.5, 20263.5], [21577.5, 20263.5], [21579.0, 20262.0], [21595.5, 20262.0], [21597.0, 20260.5], [21600.0, 20260.5], [21601.5, 20259.0], [21606.0, 20259.0], [21607.5, 20257.5], [21612.0, 20257.5], [21613.5, 20256.0], [21619.5, 20256.0], [21621.0, 20254.5], [21627.0, 20254.5], [21628.5, 20253.0], [21636.0, 20253.0], [21637.5, 20251.5], [21640.5, 20251.5], [21642.0, 20250.0], [21646.5, 20250.0], [21648.0, 20248.5], [21651.0, 20248.5], [21652.5, 20247.0], [21655.5, 20247.0], [21657.0, 20245.5], [21661.5, 20245.5], [21663.0, 20244.0], [21681.0, 20244.0], [21682.5, 20242.5], [21685.5, 20242.5], [21687.0, 20241.0], [21688.5, 20241.0], [21690.0, 20239.5], [21691.5, 20239.5], [21693.0, 20238.0], [21696.0, 20238.0], [21696.0, 20233.5], [21694.5, 20232.0], [21696.0, 20230.5], [21696.0, 20224.5], [21694.5, 20223.0], [21679.5, 20223.0]]]}}, {"type": "Feature", "properties": {"class_id": 2, "classification": "Fold", "area": 336.375}, "geometry": {"type": "Polygon", "coordinates": [[[2722.5, 20010.0], [2719.5, 20013.0], [2721.0, 20014.5], [2721.0, 20028.0], [2719.5, 20029.5], [2719.5, 20031.0], [2718.0, 20032.5], [2718.0, 20034.0], [2721.0, 20037.0], [2722.5, 20037.0], [2724.0, 20035.5], [2727.0, 20035.5], [2728.5, 20034.0], [2730.0, 20034.0], [2731.5, 20032.5], [2733.0, 20032.5], [2736.0, 20029.5], [2737.5, 20029.5], [2737.5, 20028.0], [2739.0, 20026.5], [2733.0, 20020.5], [2733.0, 20019.0], [2731.5, 20017.5], [2731.5, 20013.0], [2730.0, 20011.5], [2730.0, 20010.0], [2722.5, 20010.0]]]}}, {"type": "Feature", "properties": {"class_id": 2, "classification": "Fold", "area": 141.75}, "geometry": {"type": "Polygon", "coordinates": [[[2718.0, 19968.0], [2718.0, 19971.0], [2716.5, 19972.5], [2716.5, 19977.0], [2718.0, 19978.5], [2724.0, 19978.5], [2725.5, 19980.0], [2728.5, 19980.0], [2730.0, 19978.5], [2730.0, 19968.0], [2718.0, 19968.0]]]}}, {"type": "Feature", "properties": {"class_id": 2, "classification": "Fold", "area": 120668.625}, "geometry": {"type": "Polygon", "coordinates": [[[21271.5, 19840.5], [21267.0, 19840.5], [21265.5, 19842.0], [21264.0, 19842.0], [21259.5, 19846.5], [21259.5, 19851.0], [21258.0, 19852.5], [21258.0, 19855.5], [21259.5, 19857.0], [21259.5, 19860.0], [21262.5, 19863.0], [21262.5, 19864.5], [21264.0, 19866.0], [21264.0, 19867.5], [21267.0, 19870.5], [21267.0, 19872.0], [21268.5, 19873.5], [21268.5, 19875.0], [21270.0, 19876.5], [21270.0, 19879.5], [21271.5, 19881.0], [21271.5, 19882.5], [21274.5, 19885.5], [21274.5, 19887.0], [21279.0, 19891.5], [21279.0, 19893.0], [21282.0, 19896.0], [21282.0, 19897.5], [21283.5, 19899.0], [21283.5, 19902.0], [21285.0, 19903.5], [21285.0, 19905.0], [21292.5, 19912.5], [21294.0, 19912.5], [21295.5, 19914.0], [21300.0, 19914.0], [21301.5, 19912.5], [21304.5, 19912.5], [21306.0, 19911.0], [21309.0, 19911.0], [21310.5, 19909.5], [21321.0, 19909.5], [21322.5, 19911.0], [21324.0, 19911.0], [21325.5, 19912.5], [21327.0, 19912.5], [21328.5, 19914.0], [21331.5, 19914.0], [21333.0, 19915.5], [21336.0, 19915.5], [21337.5, 19917.0], [21345.0, 19917.0], [21346.5, 19918.5], [21348.0, 19918.5], [21349.5, 19920.0], [21351.0, 19920.0], [21354.0, 19923.0], [21355.5, 19923.0], [21358.5, 19926.0], [21361.5, 19926.0], [21363.0, 19927.5], [21369.0, 19927.5], [21370.5, 19929.0], [21373.5, 19929.0], [21375.0, 19930.5], [21376.5, 19930.5], [21379.5, 19933.5], [21381.0, 19933.5], [21384.0, 19936.5], [21385.5, 19936.5], [21387.0, 19938.0], [21390.0, 19938.0], [21391.5, 19939.5], [21394.5, 19939.5], [21396.0, 19941.0], [21397.5, 19941.0], [21400.5, 19944.0], [21402.0, 19944.0], [21403.5, 19945.5], [21405.0, 19945.5], [21406.5, 19947.0], [21408.0, 19947.0], [21409.5, 19948.5], [21411.0, 19948.5], [21420.0, 19957.5], [21420.0, 19960.5], [21421.5, 19962.0], [21421.5, 19966.5], [21495.0, 19966.5], [21498.0, 19969.5], [21501.0, 19969.5], [21504.0, 19972.5], [21504.0, 19986.0], [21507.0, 19986.0], [21508.5, 19987.5], [21519.0, 19987.5], [21520.5, 19989.0], [21525.0, 19989.0], [21526.5, 19990.5], [21529.5, 19990.5], [21531.0, 19992.0], [21534.0, 19992.0], [21535.5, 19993.5], [21538.5, 19993.5], [21540.0, 19995.0], [21543.0, 19995.0], [21544.5, 19996.5], [21546.0, 19996.5], [21547.5, 19998.0], [21550.5, 19998.0], [21552.0, 19999.5], [21556.5, 19999.5], [21558.0, 20001.0], [21559.5, 20001.0], [21561.0, 20002.5], [21562.5, 20002.5], [21564.0, 20004.0], [21565.5, 20004.0], [21567.0, 20005.5], [21568.5, 20005.5], [21570.0, 20007.0], [21571.5, 20007.0], [21573.0, 20008.5], [21576.0, 20008.5], [21577.5, 20010.0], [21582.0, 20010.0], [21583.5, 20011.5], [21588.0, 20011.5], [21589.5, 20013.0], [21592.5, 20013.0], [21594.0, 20014.5], [21597.0, 20014.5], [21598.5, 20016.0], [21600.0, 20016.0], [21601.5, 20017.5], [21604.5, 20017.5], [21606.0, 20019.0], [21607.5, 20019.0], [21610.5, 20022.0], [21613.5, 20022.0], [21615.0, 20023.5], [21621.0, 20023.5], [21622.5, 20025.0], [21627.0, 20025.0], [21628.5, 20026.5], [21633.0, 20026.5], [21634.5, 20028.0], [21637.5, 20028.0], [21639.0, 20029.5], [21642.0, 20029.5], [21643.5, 20031.0], [21648.0, 20031.0], [21649.5, 20032.5], [21652.5, 20032.5], [21654.0, 20034.0], [21657.0, 20034.0], [21658.5, 20035.5], [21660.0, 20035.5], [21663.0, 20038.5], [21664.5, 20038.5], [21667.5, 20041.5], [21669.0, 20041.5], [21670.5, 20043.0], [21672.0, 20043.0], [21673.5, 20044.5], [21675.0, 20044.5], [21676.5, 20046.0], [21681.0, 20046.0], [21682.5, 20047.5], [21685.5, 20047.5], [21687.0, 20049.0], [21688.5, 20049.0], [21690.0, 20050.5], [21691.5, 20050.5], [21693.0, 20052.0], [21694.5, 20052.0], [21696.0, 20053.5], [21697.5, 20053.5], [21699.0, 20055.0], [21700.5, 20055.0], [21702.0, 20056.5], [21703.5, 20056.5], [21705.0, 20058.0], [21708.0, 20058.0], [21709.5, 20059.5], [21711.0, 20059.5], [21712.5, 20061.0], [21715.5, 20061.0], [21717.0, 20062.5], [21721.5, 20062.5], [21723.0, 20064.0], [21729.0, 20064.0], [21730.5, 20065.5], [21733.5, 20065.5], [21735.0, 20067.0], [21739.5, 20067.0], [21741.0, 20068.5], [21745.5, 20068.5], [21747.0, 20070.0], [21748.5, 20070.0], [21751.5, 20073.0], [21753.0, 20073.0], [21754.5, 20074.5], [21756.0, 20074.5], [21759.0, 20077.5], [21760.5, 20077.5], [21765.0, 20082.0], [21766.5, 20082.0], [21768.0, 20083.5], [21769.5, 20083.5], [21772.5, 20086.5], [21774.0, 20086.5], [21775.5, 20088.0], [21777.0, 20088.0], [21780.0, 20091.0], [21781.5, 20091.0], [21784.5, 20094.0], [21787.5, 20094.0], [21789.0, 20095.5], [21790.5, 20095.5], [21792.0, 20097.0], [21793.5, 20097.0], [21796.5, 20100.0], [21798.0, 20100.0], [21799.5, 20101.5], [21801.0, 20101.5], [21802.5, 20103.0], [21804.0, 20103.0], [21807.0, 20106.0], [21808.5, 20106.0], [21810.0, 20107.5], [21811.5, 20107.5], [21813.0, 20109.0], [21816.0, 20109.0], [21819.0, 20112.0], [21820.5, 20112.0], [21822.0, 20113.5], [21823.5, 20113.5], [21828.0, 20118.0], [21829.5, 20118.0], [21832.5, 20121.0], [21835.5, 20121.0], [21837.0, 20122.5], [21840.0, 20122.5], [21841.5, 20124.0], [21846.0, 20124.0], [21847.5, 20125.5], [21849.0, 20125.5], [21850.5, 20127.0], [21852.0, 20127.0], [21853.5, 20128.5], [21855.0, 20128.5], [21858.0, 20131.5], [21859.5, 20131.5], [21862.5, 20134.5], [21864.0, 20134.5], [21868.5, 20139.0], [21870.0, 20139.0], [21873.0, 20142.0], [21874.5, 20142.0], [21876.0, 20143.5], [21877.5, 20143.5], [21879.0, 20145.0], [21882.0, 20145.0], [21883.5, 20146.5], [21886.5, 20146.5], [21888.0, 20148.0], [21891.0, 20148.0], [21892.5, 20149.5], [21894.0, 20149.5], [21897.0, 20152.5], [21898.5, 20152.5], [21903.0, 20157.0], [21904.5, 20157.0], [21906.0, 20158.5], [21907.5, 20158.5], [21910.5, 20161.5], [21912.0, 20161.5], [21913.5, 20163.0], [21915.0, 20163.0], [21916.5, 20164.5], [21918.0, 20164.5], [21925.5, 20172.0], [21925.5, 20178.0], [21922.5, 20181.0], [21915.0, 20181.0], [21913.5, 20182.5], [21907.5, 20182.5], [21906.0, 20184.0], [21903.0, 20184.0], [21901.5, 20185.5], [21898.5, 20185.5], [21897.0, 20187.0], [21892.5, 20187.0], [21891.0, 20188.5], [21886.5, 20188.5], [21885.0, 20190.0], [21864.0, 20190.0], [21862.5, 20191.5], [21855.0, 20191.5], [21853.5, 20193.0], [21847.5, 20193.0], [21846.0, 20194.5], [21834.0, 20194.5], [21832.5, 20196.0], [21825.0, 20196.0], [21823.5, 20197.5], [21811.5, 20197.5], [21810.0, 20199.0], [21799.5, 20199.0], [21798.0, 20200.5], [21793.5, 20200.5], [21792.0, 20202.0], [21786.0, 20202.0], [21784.5, 20203.5], [21774.0, 20203.5], [21772.5, 20205.0], [21769.5, 20205.0], [21768.0, 20206.5], [21765.0, 20206.5], [21763.5, 20208.0], [21760.5, 20208.0], [21759.0, 20209.5], [21756.0, 20209.5], [21754.5, 20211.0], [21750.0, 20211.0], [21748.5, 20212.5], [21742.5, 20212.5], [21741.0, 20214.0], [21724.5, 20214.0], [21723.0, 20215.5], [21721.5, 20215.5], [21718.5, 20218.5], [21718.5, 20227.5], [21715.5, 20230.5], [21714.0, 20230.5], [21712.5, 20232.0], [21706.5, 20232.0], [21702.0, 20236.5], [21708.0, 20236.5], [21709.5, 20235.0], [21735.0, 20235.0], [21736.5, 20233.5], [21747.0, 20233.5], [21748.5, 20232.0], [21762.0, 20232.0], [21763.5, 20230.5], [21804.0, 20230.5], [21805.5, 20229.0], [21814.5, 20229.0], [21816.0, 20227.5], [21829.5, 20227.5], [21831.0, 20226.0], [21837.0, 20226.0], [21838.5, 20224.5], [21843.0, 20224.5], [21844.5, 20223.0], [21849.0, 20223.0], [21850.5, 20221.5], [21870.0, 20221.5], [21871.5, 20223.0], [21874.5, 20223.0], [21876.0, 20221.5], [21892.5, 20221.5], [21894.0, 20220.0], [21909.0, 20220.0], [21910.5, 20218.5], [21925.5, 20218.5], [21927.0, 20220.0], [21937.5, 20220.0], [21939.0, 20221.5], [21943.5, 20221.5], [21945.0, 20223.0], [21966.0, 20223.0], [21967.5, 20224.5], [21973.5, 20224.5], [21975.0, 20226.0], [21985.5, 20226.0], [21987.0, 20227.5], [21993.0, 20227.5], [21994.5, 20229.0], [22003.5, 20229.0], [22005.0, 20230.5], [22012.5, 20230.5], [22014.0, 20232.0], [22027.5, 20232.0], [22029.0, 20233.5], [22035.0, 20233.5], [22036.5, 20235.0], [22045.5, 20235.0], [22047.0, 20236.5], [22051.5, 20236.5], [22053.0, 20238.0], [22059.0, 20238.0], [22060.5, 20239.5], [22066.5, 20239.5], [22068.0, 20241.0], [22077.0, 20241.0], [22078.5, 20242.5], [22084.5, 20242.5], [22086.0, 20244.0], [22093.5, 20244.0], [22095.0, 20245.5], [22101.0, 20245.5], [22102.5, 20247.0], [22105.5, 20247.0], [22107.0, 20248.5], [22108.5, 20248.5], [22110.0, 20250.0], [22113.0, 20250.0], [22114.5, 20251.5], [22117.5, 20251.5], [22119.0, 20253.0], [22120.5, 20253.0], [22122.0, 20254.5], [22126.5, 20254.5], [22128.0, 20256.0], [22132.5, 20256.0], [22134.0, 20257.5], [22138.5, 20257.5], [22140.0, 20259.0], [22143.0, 20259.0], [22144.5, 20260.5], [22149.0, 20260.5], [22150.5, 20262.0], [22155.0, 20262.0], [22156.5, 20263.5], [22158.0, 20263.5], [22159.5, 20265.0], [22165.5, 20265.0], [22167.0, 20266.5], [22168.5, 20266.5], [22170.0, 20268.0], [22171.5, 20268.0], [22173.0, 20269.5], [22188.0, 20269.5], [22189.5, 20268.0], [22195.5, 20268.0], [22197.0, 20266.5], [22209.0, 20266.5], [22210.5, 20265.0], [22218.0, 20265.0], [22219.5, 20263.5], [22246.5, 20263.5], [22248.0, 20262.0], [22266.0, 20262.0], [22267.5, 20263.5], [22270.5, 20263.5], [22270.5, 20262.0], [22272.0, 20260.5], [22273.5, 20262.0], [22275.0, 20262.0], [22276.5, 20260.5], [22293.0, 20260.5], [22294.5, 20262.0], [22299.0, 20262.0], [22300.5, 20263.5], [22311.0, 20263.5], [22312.5, 20265.0], [22326.0, 20265.0], [22327.5, 20266.5], [22339.5, 20266.5], [22341.0, 20265.0], [22347.0, 20265.0], [22348.5, 20266.5], [22354.5, 20266.5], [22356.0, 20268.0], [22360.5, 20268.0], [22362.0, 20269.5], [22366.5, 20269.5], [22368.0, 20271.0], [22374.0, 20271.0], [22375.5, 20272.5], [22381.5, 20272.5], [22383.0, 20274.0], [22389.0, 20274.0], [22390.5, 20275.5], [22396.5, 20275.5], [22398.0, 20277.0], [22401.0, 20277.0], [22402.5, 20278.5], [22408.5, 20278.5], [22410.0, 20280.0], [22414.5, 20280.0], [22416.0, 20281.5], [22419.0, 20281.5], [22420.5, 20283.0], [22422.0, 20283.0], [22423.5, 20284.5], [22428.0, 20284.5], [22429.5, 20286.0], [22434.0, 20286.0], [22435.5, 20287.5], [22437.0, 20287.5], [22438.5, 20289.0], [22441.5, 20289.0], [22443.0, 20290.5], [22444.5, 20290.5], [22446.0, 20292.0], [22447.5, 20292.0], [22449.0, 20293.5], [22452.0, 20293.5], [22453.5, 20295.0], [22455.0, 20295.0], [22456.5, 20296.5], [22458.0, 20296.5], [22459.5, 20298.0], [22462.5, 20298.0], [22464.0, 20299.5], [22465.5, 20299.5], [22467.0, 20301.0], [22470.0, 20301.0], [22471.5, 20302.5], [22474.5, 20302.5], [22476.0, 20304.0], [22479.0, 20304.0], [22480.5, 20305.5], [22482.0, 20305.5], [22483.5, 20307.0], [22485.0, 20307.0], [22486.5, 20308.5], [22488.0, 20308.5], [22489.5, 20310.0], [22491.0, 20310.0], [22492.5, 20311.5], [22498.5, 20311.5], [22500.0, 20313.0], [22503.0, 20313.0], [22504.5, 20314.5], [22507.5, 20314.5], [22510.5, 20317.5], [22512.0, 20317.5], [22515.0, 20320.5], [22516.5, 20320.5], [22518.0, 20322.0], [22519.5, 20322.0], [22521.0, 20323.5], [22522.5, 20323.5], [22527.0, 20328.0], [22533.0, 20322.0], [22533.0, 20320.5], [22534.5, 20319.0], [22540.5, 20319.0], [22542.0, 20320.5], [22546.5, 20320.5], [22548.0, 20322.0], [22555.5, 20322.0], [22557.0, 20323.5], [22558.5, 20323.5], [22560.0, 20325.0], [22564.5, 20325.0], [22566.0, 20326.5], [22567.5, 20326.5], [22569.0, 20328.0], [22573.5, 20328.0], [22576.5, 20331.0], [22579.5, 20331.0], [22581.0, 20332.5], [22582.5, 20332.5], [22584.0, 20334.0], [22590.0, 20334.0], [22591.5, 20335.5], [22596.0, 20335.5], [22597.5, 20337.0], [22606.5, 20337.0], [22608.0, 20338.5], [22609.5, 20338.5], [22611.0, 20340.0], [22614.0, 20340.0], [22615.5, 20341.5], [22617.0, 20341.5], [22618.5, 20343.0], [22621.5, 20343.0], [22623.0, 20344.5], [22623.0, 20350.5], [22621.5, 20352.0], [22624.5, 20352.0], [22626.0, 20353.5], [22630.5, 20353.5], [22632.0, 20355.0], [22639.5, 20355.0], [22641.0, 20356.5], [22644.0, 20356.5], [22645.5, 20358.0], [22657.5, 20358.0], [22659.0, 20359.5], [22731.0, 20359.5], [22732.5, 20358.0], [22738.5, 20358.0], [22740.0, 20359.5], [22749.0, 20359.5], [22750.5, 20358.0], [22756.5, 20358.0], [22758.0, 20356.5], [22764.0, 20356.5], [22765.5, 20355.0], [22771.5, 20355.0], [22773.0, 20353.5], [22780.5, 20353.5], [22782.0, 20352.0], [22786.5, 20352.0], [22788.0, 20350.5], [22818.0, 20350.5], [22819.5, 20349.0], [22848.0, 20349.0], [22849.5, 20350.5], [22857.0, 20350.5], [22858.5, 20352.0], [22863.0, 20352.0], [22864.5, 20353.5], [22867.5, 20353.5], [22870.5, 20356.5], [22872.0, 20356.5], [22873.5, 20358.0], [22876.5, 20358.0], [22878.0, 20359.5], [22881.0, 20359.5], [22882.5, 20361.0], [22884.0, 20361.0], [22887.0, 20364.0], [22888.5, 20364.0], [22890.0, 20365.5], [22891.5, 20365.5], [22894.5, 20368.5], [22896.0, 20368.5], [22897.5, 20370.0], [22899.0, 20370.0], [22900.5, 20371.5], [22902.0, 20371.5], [22903.5, 20373.0], [22906.5, 20373.0], [22908.0, 20374.5], [22912.5, 20374.5], [22914.0, 20376.0], [22917.0, 20376.0], [22918.5, 20377.5], [22920.0, 20377.5], [22921.5, 20379.0], [22923.0, 20379.0], [22924.5, 20380.5], [22926.0, 20380.5], [22927.5, 20382.0], [22932.0, 20382.0], [22933.5, 20383.5], [22936.5, 20383.5], [22938.0, 20385.0], [22939.5, 20385.0], [22941.0, 20386.5], [22942.5, 20386.5], [22944.0, 20388.0], [22947.0, 20388.0], [22948.5, 20389.5], [22950.0, 20389.5], [22951.5, 20391.0], [22954.5, 20391.0], [22956.0, 20392.5], [22959.0, 20392.5], [22960.5, 20394.0], [22963.5, 20394.0], [22965.0, 20395.5], [22966.5, 20395.5], [22968.0, 20397.0], [22969.5, 20397.0], [22971.0, 20398.5], [22972.5, 20398.5], [22974.0, 20400.0], [22977.0, 20400.0], [22978.5, 20401.5], [22981.5, 20401.5], [22983.0, 20403.0], [22986.0, 20403.0], [22987.5, 20404.5], [22989.0, 20404.5], [22990.5, 20406.0], [22992.0, 20406.0], [22993.5, 20407.5], [22996.5, 20407.5], [22998.0, 20409.0], [23002.5, 20409.0], [23004.0, 20410.5], [23007.0, 20410.5], [23008.5, 20412.0], [23016.0, 20412.0], [23017.5, 20413.5], [23025.0, 20413.5], [23026.5, 20415.0], [23038.5, 20415.0], [23040.0, 20416.5], [23040.0, 20425.5], [23041.5, 20424.0], [23046.0, 20424.0], [23047.5, 20422.5], [23049.0, 20422.5], [23050.5, 20424.0], [23052.0, 20422.5], [23056.5, 20422.5], [23058.0, 20424.0], [23065.5, 20424.0], [23067.0, 20425.5], [23068.5, 20425.5], [23070.0, 20427.0], [23071.5, 20427.0], [23073.0, 20428.5], [23074.5, 20428.5], [23076.0, 20430.0], [23077.5, 20430.0], [23080.5, 20433.0], [23080.5, 20437.5], [23088.0, 20437.5], [23089.5, 20439.0], [23091.0, 20439.0], [23094.0, 20442.0], [23098.5, 20437.5], [23106.0, 20437.5], [23107.5, 20439.0], [23116.5, 20439.0], [23118.0, 20437.5], [23122.5, 20437.5], [23124.0, 20436.0], [23127.0, 20436.0], [23130.0, 20433.0], [23131.5, 20433.0], [23133.0, 20434.5], [23134.5, 20434.5], [23136.0, 20433.0], [23140.5, 20433.0], [23142.0, 20431.5], [23158.5, 20431.5], [23158.5, 20428.5], [23160.0, 20427.0], [23160.0, 20425.5], [23164.5, 20421.0], [23164.5, 20419.5], [23166.0, 20418.0], [23166.0, 20415.0], [23167.5, 20413.5], [23167.5, 20412.0], [23166.0, 20410.5], [23166.0, 20407.5], [23164.5, 20406.0], [23164.5, 20404.5], [23161.5, 20401.5], [23160.0, 20401.5], [23157.0, 20398.5], [23155.5, 20398.5], [23154.0, 20397.0], [23152.5, 20397.0], [23151.0, 20395.5], [23149.5, 20395.5], [23148.0, 20394.0], [23146.5, 20394.0], [23145.0, 20392.5], [23143.5, 20392.5], [23140.5, 20389.5], [23139.0, 20389.5], [23136.0, 20386.5], [23134.5, 20386.5], [23131.5, 20383.5], [23130.0, 20383.5], [23121.0, 20374.5], [23119.5, 20374.5], [23116.5, 20371.5], [23115.0, 20371.5], [23113.5, 20370.0], [23112.0, 20370.0], [23107.5, 20365.5], [23107.5, 20364.0], [23106.0, 20362.5], [23106.0, 20361.0], [23104.5, 20359.5], [23104.5, 20352.0], [23103.0, 20350.5], [23103.0, 20344.5], [23101.5, 20343.0], [23101.5, 20341.5], [23100.0, 20341.5], [23098.5, 20340.0], [23097.0, 20340.0], [23095.5, 20338.5], [23086.5, 20338.5], [23085.0, 20337.0], [23074.5, 20337.0], [23073.0, 20335.5], [23070.0, 20335.5], [23068.5, 20334.0], [23065.5, 20334.0], [23064.0, 20332.5], [23053.5, 20332.5], [23052.0, 20331.0], [23047.5, 20331.0], [23046.0, 20329.5], [23044.5, 20329.5], [23043.0, 20328.0], [23035.5, 20328.0], [23034.0, 20326.5], [23032.5, 20326.5], [23031.0, 20325.0], [23016.0, 20325.0], [23014.5, 20323.5], [23011.5, 20323.5], [23010.0, 20322.0], [23007.0, 20322.0], [23005.5, 20320.5], [23002.5, 20320.5], [23001.0, 20319.0], [22996.5, 20319.0], [22995.0, 20317.5], [22989.0, 20317.5], [22987.5, 20316.0], [22980.0, 20316.0], [22978.5, 20317.5], [22977.0, 20317.5], [22975.5, 20319.0], [22968.0, 20319.0], [22966.5, 20317.5], [22965.0, 20317.5], [22962.0, 20314.5], [22960.5, 20314.5], [22959.0, 20313.0], [22950.0, 20313.0], [22948.5, 20311.5], [22944.0, 20311.5], [22942.5, 20310.0], [22941.0, 20310.0], [22939.5, 20308.5], [22936.5, 20308.5], [22935.0, 20307.0], [22933.5, 20307.0], [22932.0, 20305.5], [22929.0, 20305.5], [22927.5, 20304.0], [22923.0, 20304.0], [22921.5, 20302.5], [22914.0, 20302.5], [22912.5, 20301.0], [22908.0, 20301.0], [22906.5, 20299.5], [22903.5, 20299.5], [22902.0, 20298.0], [22897.5, 20298.0], [22896.0, 20296.5], [22887.0, 20296.5], [22885.5, 20295.0], [22882.5, 20295.0], [22881.0, 20293.5], [22879.5, 20293.5], [22878.0, 20292.0], [22876.5, 20292.0], [22875.0, 20290.5], [22869.0, 20290.5], [22867.5, 20289.0], [22861.5, 20289.0], [22860.0, 20287.5], [22857.0, 20287.5], [22855.5, 20286.0], [22852.5, 20286.0], [22851.0, 20284.5], [22846.5, 20284.5], [22845.0, 20283.0], [22840.5, 20283.0], [22839.0, 20281.5], [22834.5, 20281.5], [22833.0, 20283.0], [22819.5, 20283.0], [22818.0, 20281.5], [22813.5, 20281.5], [22812.0, 20280.0], [22795.5, 20280.0], [22794.0, 20278.5], [22791.0, 20278.5], [22789.5, 20277.0], [22788.0, 20277.0], [22786.5, 20275.5], [22782.0, 20275.5], [22780.5, 20274.0], [22758.0, 20274.0], [22756.5, 20272.5], [22755.0, 20272.5], [22753.5, 20271.0], [22749.0, 20271.0], [22747.5, 20269.5], [22743.0, 20269.5], [22741.5, 20268.0], [22738.5, 20268.0], [22737.0, 20266.5], [22729.5, 20266.5], [22728.0, 20265.0], [22720.5, 20265.0], [22719.0, 20263.5], [22714.5, 20263.5], [22713.0, 20262.0], [22710.0, 20262.0], [22708.5, 20260.5], [22705.5, 20260.5], [22702.5, 20257.5], [22701.0, 20257.5], [22699.5, 20256.0], [22698.0, 20256.0], [22696.5, 20254.5], [22693.5, 20254.5], [22692.0, 20253.0], [22690.5, 20254.5], [22690.5, 20256.0], [22689.0, 20257.5], [22689.0, 20259.0], [22687.5, 20260.5], [22678.5, 20260.5], [22677.0, 20259.0], [22674.0, 20259.0], [22672.5, 20257.5], [22648.5, 20257.5], [22647.0, 20259.0], [22633.5, 20259.0], [22632.0, 20260.5], [22623.0, 20260.5], [22621.5, 20262.0], [22620.0, 20260.5], [22618.5, 20262.0], [22606.5, 20262.0], [22605.0, 20263.5], [22603.5, 20262.0], [22587.0, 20262.0], [22585.5, 20260.5], [22581.0, 20260.5], [22579.5, 20259.0], [22584.0, 20254.5], [22584.0, 20253.0], [22587.0, 20250.0], [22587.0, 20248.5], [22590.0, 20245.5], [22591.5, 20245.5], [22593.0, 20244.0], [22591.5, 20242.5], [22590.0, 20242.5], [22588.5, 20241.0], [22587.0, 20241.0], [22585.5, 20239.5], [22582.5, 20239.5], [22581.0, 20238.0], [22570.5, 20238.0], [22569.0, 20236.5], [22564.5, 20236.5], [22563.0, 20238.0], [22555.5, 20238.0], [22554.0, 20239.5], [22537.5, 20239.5], [22536.0, 20238.0], [22530.0, 20238.0], [22528.5, 20236.5], [22488.0, 20236.5], [22486.5, 20235.0], [22482.0, 20235.0], [22480.5, 20233.5], [22474.5, 20233.5], [22473.0, 20232.0], [22465.5, 20232.0], [22464.0, 20230.5], [22459.5, 20230.5], [22458.0, 20229.0], [22452.0, 20229.0], [22450.5, 20227.5], [22426.5, 20227.5], [22425.0, 20226.0], [22422.0, 20226.0], [22420.5, 20224.5], [22416.0, 20224.5], [22414.5, 20223.0], [22402.5, 20223.0], [22401.0, 20221.5], [22395.0, 20221.5], [22393.5, 20220.0], [22381.5, 20220.0], [22380.0, 20218.5], [22371.0, 20218.5], [22369.5, 20217.0], [22360.5, 20217.0], [22359.0, 20215.5], [22354.5, 20215.5], [22353.0, 20214.0], [22342.5, 20214.0], [22341.0, 20212.5], [22327.5, 20212.5], [22326.0, 20211.0], [22320.0, 20211.0], [22318.5, 20209.5], [22314.0, 20209.5], [22312.5, 20208.0], [22308.0, 20208.0], [22306.5, 20206.5], [22299.0, 20206.5], [22297.5, 20205.0], [22294.5, 20205.0], [22293.0, 20203.5], [22291.5, 20203.5], [22290.0, 20202.0], [22287.0, 20202.0], [22285.5, 20200.5], [22279.5, 20200.5], [22278.0, 20199.0], [22272.0, 20199.0], [22270.5, 20197.5], [22270.5, 20196.0], [22260.0, 20196.0], [22258.5, 20197.5], [22239.0, 20197.5], [22237.5, 20196.0], [22225.5, 20196.0], [22224.0, 20194.5], [22218.0, 20194.5], [22216.5, 20193.0], [22212.0, 20193.0], [22210.5, 20191.5], [22204.5, 20191.5], [22203.0, 20190.0], [22198.5, 20190.0], [22197.0, 20188.5], [22185.0, 20188.5], [22183.5, 20187.0], [22176.0, 20187.0], [22174.5, 20185.5], [22168.5, 20185.5], [22167.0, 20184.0], [22161.0, 20184.0], [22159.5, 20182.5], [22153.5, 20182.5], [22152.0, 20181.0], [22149.0, 20181.0], [22147.5, 20179.5], [22143.0, 20179.5], [22141.5, 20178.0], [22140.0, 20178.0], [22138.5, 20176.5], [22132.5, 20176.5], [22131.0, 20175.0], [22107.0, 20175.0], [22105.5, 20173.5], [22093.5, 20173.5], [22092.0, 20172.0], [22089.0, 20172.0], [22087.5, 20170.5], [22083.0, 20170.5], [22081.5, 20169.0], [22078.5, 20169.0], [22077.0, 20167.5], [22069.5, 20167.5], [22068.0, 20166.0], [22062.0, 20166.0], [22060.5, 20164.5], [22054.5, 20164.5], [22053.0, 20163.0], [22048.5, 20163.0], [22047.0, 20161.5], [22044.0, 20161.5], [22042.5, 20160.0], [22039.5, 20160.0], [22038.0, 20158.5], [22035.0, 20158.5], [22033.5, 20157.0], [22029.0, 20157.0], [22027.5, 20155.5], [22023.0, 20155.5], [22021.5, 20154.0], [22018.5, 20154.0], [22017.0, 20152.5], [22012.5, 20152.5], [22011.0, 20151.0], [22008.0, 20151.0], [22006.5, 20149.5], [22005.0, 20149.5], [22003.5, 20148.0], [22002.0, 20148.0], [22000.5, 20146.5], [21997.5, 20146.5], [21996.0, 20145.0], [21994.5, 20145.0], [21993.0, 20143.5], [21990.0, 20143.5], [21988.5, 20142.0], [21987.0, 20142.0], [21985.5, 20140.5], [21982.5, 20140.5], [21981.0, 20139.0], [21975.0, 20139.0], [21973.5, 20137.5], [21969.0, 20137.5], [21967.5, 20136.0], [21964.5, 20136.0], [21963.0, 20134.5], [21961.5, 20134.5], [21960.0, 20133.0], [21958.5, 20133.0], [21955.5, 20130.0], [21954.0, 20130.0], [21952.5, 20128.5], [21949.5, 20128.5], [21948.0, 20127.0], [21942.0, 20127.0], [21940.5, 20125.5], [21937.5, 20125.5], [21936.0, 20124.0], [21934.5, 20124.0], [21933.0, 20122.5], [21930.0, 20122.5], [21928.5, 20121.0], [21925.5, 20121.0], [21924.0, 20119.5], [21922.5, 20119.5], [21921.0, 20118.0], [21919.5, 20118.0], [21918.0, 20116.5], [21916.5, 20116.5], [21915.0, 20115.0], [21913.5, 20115.0], [21912.0, 20113.5], [21910.5, 20113.5], [21909.0, 20112.0], [21907.5, 20112.0], [21906.0, 20110.5], [21903.0, 20110.5], [21901.5, 20109.0], [21900.0, 20109.0], [21898.5, 20107.5], [21895.5, 20107.5], [21894.0, 20106.0], [21892.5, 20106.0], [21891.0, 20104.5], [21889.5, 20104.5], [21886.5, 20101.5], [21885.0, 20101.5], [21883.5, 20100.0], [21882.0, 20100.0], [21880.5, 20098.5], [21879.0, 20098.5], [21877.5, 20097.0], [21876.0, 20097.0], [21874.5, 20095.5], [21871.5, 20095.5], [21870.0, 20094.0], [21867.0, 20094.0], [21865.5, 20092.5], [21864.0, 20092.5], [21862.5, 20091.0], [21861.0, 20091.0], [21859.5, 20089.5], [21855.0, 20089.5], [21853.5, 20088.0], [21850.5, 20088.0], [21849.0, 20086.5], [21847.5, 20086.5], [21846.0, 20085.0], [21843.0, 20085.0], [21841.5, 20083.5], [21838.5, 20083.5], [21837.0, 20082.0], [21834.0, 20082.0], [21832.5, 20080.5], [21829.5, 20080.5], [21828.0, 20079.0], [21825.0, 20079.0], [21823.5, 20077.5], [21820.5, 20077.5], [21819.0, 20076.0], [21816.0, 20076.0], [21814.5, 20074.5], [21813.0, 20074.5], [21811.5, 20073.0], [21808.5, 20073.0], [21807.0, 20071.5], [21804.0, 20071.5], [21802.5, 20070.0], [21799.5, 20070.0], [21798.0, 20068.5], [21793.5, 20068.5], [21792.0, 20067.0], [21787.5, 20067.0], [21786.0, 20065.5], [21783.0, 20065.5], [21781.5, 20064.0], [21780.0, 20064.0], [21778.5, 20062.5], [21777.0, 20062.5], [21775.5, 20061.0], [21772.5, 20061.0], [21771.0, 20059.5], [21768.0, 20059.5], [21766.5, 20058.0], [21763.5, 20058.0], [21762.0, 20056.5], [21759.0, 20056.5], [21757.5, 20055.0], [21754.5, 20055.0], [21753.0, 20053.5], [21751.5, 20053.5], [21750.0, 20052.0], [21748.5, 20052.0], [21747.0, 20050.5], [21745.5, 20050.5], [21744.0, 20049.0], [21741.0, 20049.0], [21739.5, 20047.5], [21738.0, 20047.5], [21736.5, 20046.0], [21733.5, 20046.0], [21732.0, 20044.5], [21729.0, 20044.5], [21727.5, 20043.0], [21724.5, 20043.0], [21723.0, 20041.5], [21720.0, 20041.5], [21718.5, 20040.0], [21717.0, 20040.0], [21715.5, 20038.5], [21714.0, 20038.5], [21712.5, 20037.0], [21709.5, 20037.0], [21708.0, 20035.5], [21705.0, 20035.5], [21703.5, 20034.0], [21700.5, 20034.0], [21699.0, 20032.5], [21697.5, 20032.5], [21696.0, 20031.0], [21694.5, 20031.0], [21693.0, 20029.5], [21690.0, 20029.5], [21688.5, 20028.0], [21687.0, 20028.0], [21685.5, 20026.5], [21684.0, 20026.5], [21682.5, 20025.0], [21679.5, 20025.0], [21678.0, 20023.5], [21676.5, 20023.5], [21675.0, 20022.0], [21672.0, 20022.0], [21670.5, 20020.5], [21669.0, 20020.5], [21667.5, 20019.0], [21664.5, 20019.0], [21663.0, 20017.5], [21661.5, 20017.5], [21660.0, 20016.0], [21658.5, 20016.0], [21657.0, 20014.5], [21655.5, 20014.5], [21654.0, 20013.0], [21651.0, 20013.0], [21649.5, 20011.5], [21646.5, 20011.5], [21645.0, 20010.0], [21643.5, 20010.0], [21642.0, 20008.5], [21639.0, 20008.5], [21637.5, 20007.0], [21634.5, 20007.0], [21633.0, 20005.5], [21631.5, 20005.5], [21630.0, 20004.0], [21628.5, 20004.0], [21627.0, 20002.5], [21625.5, 20002.5], [21624.0, 20001.0], [21621.0, 20001.0], [21619.5, 19999.5], [21618.0, 19999.5], [21616.5, 19998.0], [21613.5, 19998.0], [21612.0, 19996.5], [21609.0, 19996.5], [21607.5, 19995.0], [21606.0, 19995.0], [21604.5, 19993.5], [21601.5, 19993.5], [21600.0, 19992.0], [21597.0, 19992.0], [21595.5, 19990.5], [21594.0, 19990.5], [21592.5, 19989.0], [21591.0, 19989.0], [21589.5, 19987.5], [21588.0, 19987.5], [21586.5, 19986.0], [21583.5, 19986.0], [21582.0, 19984.5], [21576.0, 19984.5], [21574.5, 19983.0], [21571.5, 19983.0], [21570.0, 19981.5], [21567.0, 19981.5], [21565.5, 19980.0], [21564.0, 19980.0], [21562.5, 19978.5], [21561.0, 19978.5], [21559.5, 19977.0], [21558.0, 19977.0], [21556.5, 19975.5], [21555.0, 19975.5], [21550.5, 19971.0], [21550.5, 19968.0], [21504.0, 19968.0], [21502.5, 19966.5], [21502.5, 19947.0], [21481.5, 19947.0], [21480.0, 19945.5], [21471.0, 19945.5], [21469.5, 19944.0], [21468.0, 19944.0], [21466.5, 19942.5], [21465.0, 19942.5], [21463.5, 19941.0], [21460.5, 19941.0], [21459.0, 19939.5], [21457.5, 19939.5], [21456.0, 19938.0], [21453.0, 19938.0], [21451.5, 19936.5], [21445.5, 19936.5], [21444.0, 19935.0], [21441.0, 19935.0], [21439.5, 19933.5], [21436.5, 19933.5], [21435.0, 19932.0], [21432.0, 19932.0], [21430.5, 19930.5], [21427.5, 19930.5], [21426.0, 19929.0], [21424.5, 19929.0], [21423.0, 19927.5], [21420.0, 19927.5], [21418.5, 19926.0], [21417.0, 19926.0], [21415.5, 19924.5], [21412.5, 19924.5], [21411.0, 19923.0], [21406.5, 19923.0], [21405.0, 19921.5], [21403.5, 19921.5], [21402.0, 19920.0], [21400.5, 19920.0], [21397.5, 19917.0], [21396.0, 19917.0], [21391.5, 19912.5], [21390.0, 19912.5], [21388.5, 19911.0], [21385.5, 19911.0], [21384.0, 19909.5], [21381.0, 19909.5], [21378.0, 19906.5], [21376.5, 19906.5], [21375.0, 19905.0], [21373.5, 19905.0], [21372.0, 19903.5], [21370.5, 19903.5], [21366.0, 19899.0], [21364.5, 19899.0], [21363.0, 19897.5], [21361.5, 19897.5], [21360.0, 19896.0], [21358.5, 19896.0], [21357.0, 19894.5], [21354.0, 19894.5], [21352.5, 19893.0], [21351.0, 19893.0], [21349.5, 19891.5], [21348.0, 19891.5], [21343.5, 19887.0], [21342.0, 19887.0], [21333.0, 19878.0], [21333.0, 19876.5], [21330.0, 19873.5], [21330.0, 19872.0], [21325.5, 19867.5], [21324.0, 19867.5], [21322.5, 19866.0], [21321.0, 19866.0], [21319.5, 19864.5], [21316.5, 19864.5], [21315.0, 19863.0], [21313.5, 19863.0], [21300.0, 19849.5], [21298.5, 19849.5], [21297.0, 19848.0], [21294.0, 19848.0], [21289.5, 19843.5], [21288.0, 19843.5], [21286.5, 19842.0], [21285.0, 19842.0], [21283.5, 19840.5], [21279.0, 19840.5], [21277.5, 19839.0], [21273.0, 19839.0], [21271.5, 19840.5]]]}}, {"type": "Feature", "properties": {"class_id": 2, "classification": "Fold", "area": 7975.125}, "geometry": {"type": "Polygon", "coordinates": [[[21390.0, 19650.0], [21388.5, 19651.5], [21387.0, 19651.5], [21381.0, 19657.5], [21379.5, 19657.5], [21376.5, 19660.5], [21375.0, 19660.5], [21373.5, 19662.0], [21363.0, 19662.0], [21361.5, 19660.5], [21354.0, 19660.5], [21352.5, 19659.0], [21342.0, 19659.0], [21340.5, 19660.5], [21339.0, 19660.5], [21337.5, 19662.0], [21336.0, 19662.0], [21334.5, 19663.5], [21333.0, 19663.5], [21330.0, 19666.5], [21328.5, 19666.5], [21325.5, 19669.5], [21325.5, 19671.0], [21324.0, 19672.5], [21324.0, 19675.5], [21322.5, 19677.0], [21322.5, 19684.5], [21324.0, 19686.0], [21324.0, 19689.0], [21325.5, 19690.5], [21325.5, 19692.0], [21328.5, 19695.0], [21340.5, 19695.0], [21342.0, 19696.5], [21345.0, 19696.5], [21346.5, 19698.0], [21348.0, 19698.0], [21354.0, 19704.0], [21355.5, 19704.0], [21358.5, 19707.0], [21363.0, 19707.0], [21364.5, 19708.5], [21370.5, 19708.5], [21372.0, 19710.0], [21376.5, 19710.0], [21378.0, 19711.5], [21379.5, 19711.5], [21382.5, 19714.5], [21384.0, 19714.5], [21385.5, 19716.0], [21387.0, 19716.0], [21388.5, 19717.5], [21390.0, 19717.5], [21391.5, 19719.0], [21394.5, 19719.0], [21403.5, 19728.0], [21420.0, 19728.0], [21421.5, 19729.5], [21424.5, 19729.5], [21426.0, 19731.0], [21427.5, 19731.0], [21429.0, 19732.5], [21432.0, 19732.5], [21433.5, 19734.0], [21435.0, 19734.0], [21436.5, 19735.5], [21438.0, 19735.5], [21441.0, 19738.5], [21442.5, 19738.5], [21462.0, 19758.0], [21462.0, 19759.5], [21465.0, 19762.5], [21465.0, 19764.0], [21468.0, 19767.0], [21468.0, 19768.5], [21469.5, 19770.0], [21477.0, 19770.0], [21480.0, 19767.0], [21481.5, 19767.0], [21483.0, 19765.5], [21492.0, 19765.5], [21493.5, 19767.0], [21495.0, 19767.0], [21496.5, 19768.5], [21498.0, 19768.5], [21499.5, 19770.0], [21502.5, 19770.0], [21502.5, 19714.5], [21501.0, 19716.0], [21499.5, 19716.0], [21496.5, 19719.0], [21495.0, 19719.0], [21493.5, 19720.5], [21492.0, 19720.5], [21490.5, 19722.0], [21486.0, 19722.0], [21484.5, 19720.5], [21481.5, 19720.5], [21480.0, 19719.0], [21477.0, 19719.0], [21475.5, 19717.5], [21469.5, 19717.5], [21468.0, 19716.0], [21466.5, 19716.0], [21465.0, 19714.5], [21463.5, 19714.5], [21460.5, 19711.5], [21459.0, 19711.5], [21457.5, 19710.0], [21456.0, 19710.0], [21454.5, 19708.5], [21453.0, 19708.5], [21451.5, 19707.0], [21448.5, 19707.0], [21447.0, 19705.5], [21445.5, 19705.5], [21444.0, 19704.0], [21442.5, 19704.0], [21441.0, 19702.5], [21439.5, 19702.5], [21438.0, 19701.0], [21435.0, 19701.0], [21433.5, 19699.5], [21432.0, 19699.5], [21429.0, 19696.5], [21427.5, 19696.5], [21426.0, 19695.0], [21424.5, 19695.0], [21423.0, 19693.5], [21421.5, 19693.5], [21420.0, 19692.0], [21418.5, 19692.0], [21417.0, 19690.5], [21415.5, 19690.5], [21406.5, 19681.5], [21406.5, 19680.0], [21405.0, 19678.5], [21405.0, 19677.0], [21403.5, 19675.5], [21403.5, 19672.5], [21402.0, 19671.0], [21402.0, 19668.0], [21400.5, 19666.5], [21400.5, 19663.5], [21399.0, 19662.0], [21399.0, 19660.5], [21397.5, 19659.0], [21397.5, 19657.5], [21396.0, 19656.0], [21396.0, 19654.5], [21394.5, 19653.0], [21394.5, 19651.5], [21393.0, 19650.0], [21390.0, 19650.0]]]}}, {"type": "Feature", "properties": {"class_id": 2, "classification": "Fold", "area": 2331.0}, "geometry": {"type": "Polygon", "coordinates": [[[18886.5, 19000.5], [18885.0, 19002.0], [18876.0, 19002.0], [18874.5, 19003.5], [18871.5, 19003.5], [18870.0, 19005.0], [18868.5, 19005.0], [18867.0, 19006.5], [18865.5, 19006.5], [18856.5, 19015.5], [18856.5, 19017.0], [18853.5, 19020.0], [18853.5, 19021.5], [18852.0, 19023.0], [18852.0, 19024.5], [18850.5, 19026.0], [18850.5, 19035.0], [18849.0, 19036.5], [18849.0, 19048.5], [18850.5, 19050.0], [18850.5, 19051.5], [18852.0, 19051.5], [18853.5, 19053.0], [18855.0, 19053.0], [18856.5, 19054.5], [18859.5, 19054.5], [18861.0, 19056.0], [18865.5, 19056.0], [18867.0, 19054.5], [18870.0, 19054.5], [18871.5, 19053.0], [18876.0, 19053.0], [18877.5, 19051.5], [18879.0, 19051.5], [18880.5, 19050.0], [18882.0, 19050.0], [18886.5, 19045.5], [18888.0, 19045.5], [18889.5, 19044.0], [18891.0, 19044.0], [18892.5, 19042.5], [18894.0, 19042.5], [18895.5, 19041.0], [18898.5, 19041.0], [18904.5, 19035.0], [18904.5, 19030.5], [18906.0, 19029.0], [18906.0, 19021.5], [18904.5, 19020.0], [18904.5, 19014.0], [18903.0, 19012.5], [18903.0, 19008.0], [18901.5, 19006.5], [18901.5, 19005.0], [18898.5, 19002.0], [18894.0, 19002.0], [18892.5, 19000.5], [18886.5, 19000.5]]]}}, {"type": "Feature", "properties": {"class_id": 2, "classification": "Fold", "area": 676.125}, "geometry": {"type": "Polygon", "coordinates": [[[24576.0, 18760.5], [24576.0, 18796.5], [24585.0, 18796.5], [24586.5, 18798.0], [24589.5, 18798.0], [24589.5, 18790.5], [24591.0, 18789.0], [24591.0, 18786.0], [24592.5, 18784.5], [24592.5, 18783.0], [24594.0, 18781.5], [24594.0, 18780.0], [24595.5, 18778.5], [24595.5, 18774.0], [24597.0, 18772.5], [24597.0, 18763.5], [24595.5, 18762.0], [24595.5, 18760.5], [24594.0, 18759.0], [24577.5, 18759.0], [24576.0, 18760.5]]]}}, {"type": "Feature", "properties": {"class_id": 2, "classification": "Fold", "area": 317.25}, "geometry": {"type": "Polygon", "coordinates": [[[25375.5, 18432.0], [25375.5, 18435.0], [25377.0, 18436.5], [25377.0, 18444.0], [25378.5, 18445.5], [25380.0, 18445.5], [25381.5, 18447.0], [25386.0, 18447.0], [25387.5, 18445.5], [25389.0, 18445.5], [25390.5, 18444.0], [25392.0, 18444.0], [25393.5, 18442.5], [25395.0, 18442.5], [25396.5, 18441.0], [25398.0, 18441.0], [25402.5, 18436.5], [25404.0, 18436.5], [25405.5, 18435.0], [25405.5, 18433.5], [25407.0, 18432.0], [25375.5, 18432.0]]]}}, {"type": "Feature", "properties": {"class_id": 2, "classification": "Fold", "area": 2576.25}, "geometry": {"type": "Polygon", "coordinates": [[[23266.5, 18432.0], [23266.5, 18441.0], [23265.0, 18442.5], [23265.0, 18450.0], [23268.0, 18453.0], [23272.5, 18453.0], [23274.0, 18454.5], [23278.5, 18454.5], [23280.0, 18453.0], [23281.5, 18453.0], [23283.0, 18451.5], [23284.5, 18451.5], [23286.0, 18450.0], [23287.5, 18450.0], [23289.0, 18448.5], [23290.5, 18448.5], [23292.0, 18447.0], [23299.5, 18447.0], [23301.0, 18448.5], [23307.0, 18448.5], [23308.5, 18450.0], [23314.5, 18450.0], [23316.0, 18451.5], [23320.5, 18451.5], [23322.0, 18453.0], [23326.5, 18453.0], [23328.0, 18454.5], [23331.0, 18454.5], [23332.5, 18456.0], [23334.0, 18456.0], [23338.5, 18460.5], [23340.0, 18460.5], [23349.0, 18469.5], [23349.0, 18471.0], [23353.5, 18475.5], [23355.0, 18475.5], [23356.5, 18477.0], [23365.5, 18477.0], [23367.0, 18478.5], [23373.0, 18478.5], [23374.5, 18477.0], [23376.0, 18477.0], [23376.0, 18468.0], [23374.5, 18466.5], [23374.5, 18465.0], [23373.0, 18463.5], [23373.0, 18462.0], [23371.5, 18460.5], [23371.5, 18459.0], [23368.5, 18456.0], [23368.5, 18454.5], [23361.0, 18447.0], [23361.0, 18445.5], [23359.5, 18444.0], [23359.5, 18441.0], [23358.0, 18439.5], [23358.0, 18432.0], [23266.5, 18432.0]]]}}, {"type": "Feature", "properties": {"class_id": 2, "classification": "Fold", "area": 426.375}, "geometry": {"type": "Polygon", "coordinates": [[[22302.0, 18409.5], [22299.0, 18412.5], [22297.5, 18412.5], [22296.0, 18414.0], [22296.0, 18415.5], [22294.5, 18417.0], [22294.5, 18420.0], [22293.0, 18421.5], [22293.0, 18430.5], [22318.5, 18430.5], [22318.5, 18426.0], [22317.0, 18424.5], [22317.0, 18421.5], [22315.5, 18420.0], [22315.5, 18418.5], [22314.0, 18417.0], [22314.0, 18415.5], [22311.0, 18412.5], [22311.0, 18411.0], [22309.5, 18409.5], [22302.0, 18409.5]]]}}, {"type": "Feature", "properties": {"class_id": 2, "classification": "Fold", "area": 346.5}, "geometry": {"type": "Polygon", "coordinates": [[[11056.5, 18094.5], [11055.0, 18096.0], [11053.5, 18096.0], [11052.0, 18097.5], [11049.0, 18097.5], [11043.0, 18103.5], [11043.0, 18106.5], [11044.5, 18108.0], [11046.0, 18108.0], [11047.5, 18109.5], [11049.0, 18109.5], [11050.5, 18111.0], [11053.5, 18111.0], [11055.0, 18112.5], [11058.0, 18112.5], [11059.5, 18114.0], [11064.0, 18114.0], [11067.0, 18111.0], [11067.0, 18108.0], [11068.5, 18106.5], [11068.5, 18105.0], [11067.0, 18103.5], [11067.0, 18100.5], [11065.5, 18099.0], [11065.5, 18097.5], [11062.5, 18094.5], [11056.5, 18094.5]]]}}, {"type": "Feature", "properties": {"class_id": 2, "classification": "Fold", "area": 8523.0}, "geometry": {"type": "Polygon", "coordinates": [[[25573.5, 17814.0], [25572.0, 17815.5], [25569.0, 17815.5], [25567.5, 17817.0], [25560.0, 17817.0], [25558.5, 17818.5], [25549.5, 17818.5], [25548.0, 17820.0], [25546.5, 17820.0], [25545.0, 17821.5], [25545.0, 17827.5], [25543.5, 17829.0], [25543.5, 17832.0], [25540.5, 17835.0], [25540.5, 17836.5], [25533.0, 17844.0], [25531.5, 17844.0], [25530.0, 17845.5], [25528.5, 17845.5], [25527.0, 17847.0], [25524.0, 17847.0], [25522.5, 17848.5], [25521.0, 17848.5], [25519.5, 17850.0], [25519.5, 17856.0], [25521.0, 17857.5], [25521.0, 17859.0], [25522.5, 17860.5], [25522.5, 17863.5], [25521.0, 17865.0], [25521.0, 17866.5], [25518.0, 17869.5], [25518.0, 17875.5], [25519.5, 17877.0], [25519.5, 17880.0], [25521.0, 17881.5], [25521.0, 17883.0], [25522.5, 17884.5], [25522.5, 17887.5], [25527.0, 17892.0], [25528.5, 17892.0], [25530.0, 17893.5], [25531.5, 17893.5], [25537.5, 17899.5], [25537.5, 17901.0], [25539.0, 17902.5], [25539.0, 17904.0], [25540.5, 17905.5], [25540.5, 17908.5], [25542.0, 17910.0], [25542.0, 17913.0], [25543.5, 17914.5], [25543.5, 17932.5], [25542.0, 17934.0], [25542.0, 17941.5], [25545.0, 17938.5], [25546.5, 17938.5], [25548.0, 17937.0], [25554.0, 17937.0], [25555.5, 17938.5], [25557.0, 17938.5], [25561.5, 17943.0], [25561.5, 17944.5], [25566.0, 17949.0], [25566.0, 17952.0], [25564.5, 17953.5], [25567.5, 17956.5], [25567.5, 17958.0], [25570.5, 17961.0], [25570.5, 17962.5], [25578.0, 17970.0], [25579.5, 17970.0], [25581.0, 17971.5], [25587.0, 17971.5], [25588.5, 17970.0], [25590.0, 17970.0], [25594.5, 17965.5], [25596.0, 17965.5], [25597.5, 17964.0], [25599.0, 17964.0], [25600.5, 17962.5], [25608.0, 17962.5], [25609.5, 17961.0], [25612.5, 17961.0], [25612.5, 17959.5], [25614.0, 17958.0], [25614.0, 17952.0], [25612.5, 17950.5], [25612.5, 17949.0], [25606.5, 17943.0], [25606.5, 17941.5], [25605.0, 17940.0], [25605.0, 17938.5], [25603.5, 17937.0], [25603.5, 17935.5], [25602.0, 17934.0], [25602.0, 17931.0], [25600.5, 17929.5], [25600.5, 17926.5], [25599.0, 17925.0], [25599.0, 17916.0], [25597.5, 17914.5], [25597.5, 17908.5], [25599.0, 17907.0], [25599.0, 17904.0], [25600.5, 17902.5], [25600.5, 17901.0], [25602.0, 17899.5], [25602.0, 17892.0], [25600.5, 17890.5], [25600.5, 17884.5], [25599.0, 17883.0], [25599.0, 17877.0], [25596.0, 17874.0], [25596.0, 17872.5], [25594.5, 17871.0], [25594.5, 17869.5], [25593.0, 17868.0], [25593.0, 17866.5], [25591.5, 17865.0], [25591.5, 17863.5], [25590.0, 17862.0], [25590.0, 17854.5], [25588.5, 17853.0], [25588.5, 17848.5], [25587.0, 17847.0], [25587.0, 17845.5], [25585.5, 17844.0], [25585.5, 17842.5], [25584.0, 17841.0], [25584.0, 17839.5], [25582.5, 17838.0], [25582.5, 17836.5], [25579.5, 17833.5], [25579.5, 17832.0], [25578.0, 17830.5], [25578.0, 17823.0], [25576.5, 17821.5], [25576.5, 17818.5], [25575.0, 17817.0], [25575.0, 17815.5], [25573.5, 17814.0]]]}}, {"type": "Feature", "properties": {"class_id": 2, "classification": "Fold", "area": 190.125}, "geometry": {"type": "Polygon", "coordinates": [[[26112.0, 17652.0], [26112.0, 17679.0], [26113.5, 17677.5], [26115.0, 17677.5], [26116.5, 17676.0], [26116.5, 17674.5], [26118.0, 17673.0], [26118.0, 17670.0], [26119.5, 17668.5], [26119.5, 17665.5], [26122.5, 17662.5], [26127.0, 17662.5], [26122.5, 17658.0], [26121.0, 17658.0], [26116.5, 17653.5], [26115.0, 17653.5], [26113.5, 17652.0], [26112.0, 17652.0]]]}}, {"type": "Feature", "properties": {"class_id": 2, "classification": "Fold", "area": 9.0}, "geometry": {"type": "Polygon", "coordinates": [[[26113.5, 17620.5], [26112.0, 17622.0], [26112.0, 17623.5], [26113.5, 17623.5], [26115.0, 17622.0], [26116.5, 17622.0], [26116.5, 17620.5], [26113.5, 17620.5]]]}}, {"type": "Feature", "properties": {"class_id": 2, "classification": "Fold", "area": 219.375}, "geometry": {"type": "Polygon", "coordinates": [[[6750.0, 17476.5], [6750.0, 17478.0], [6748.5, 17479.5], [6748.5, 17485.5], [6750.0, 17487.0], [6750.0, 17490.0], [6751.5, 17491.5], [6751.5, 17494.5], [6756.0, 17499.0], [6757.5, 17497.5], [6759.0, 17497.5], [6762.0, 17494.5], [6762.0, 17487.0], [6760.5, 17485.5], [6760.5, 17482.5], [6759.0, 17481.0], [6759.0, 17479.5], [6756.0, 17476.5], [6750.0, 17476.5]]]}}, {"type": "Feature", "properties": {"class_id": 2, "classification": "Fold", "area": 7192.125}, "geometry": {"type": "Polygon", "coordinates": [[[25641.0, 17374.5], [25639.5, 17376.0], [25635.0, 17376.0], [25633.5, 17377.5], [25632.0, 17377.5], [25630.5, 17379.0], [25630.5, 17380.5], [25627.5, 17383.5], [25627.5, 17385.0], [25621.5, 17391.0], [25621.5, 17392.5], [25620.0, 17394.0], [25620.0, 17395.5], [25618.5, 17397.0], [25618.5, 17412.0], [25623.0, 17416.5], [25624.5, 17416.5], [25626.0, 17418.0], [25627.5, 17418.0], [25629.0, 17419.5], [25632.0, 17419.5], [25633.5, 17421.0], [25635.0, 17421.0], [25636.5, 17422.5], [25638.0, 17422.5], [25645.5, 17430.0], [25645.5, 17431.5], [25647.0, 17433.0], [25648.5, 17433.0], [25654.5, 17439.0], [25654.5, 17440.5], [25657.5, 17443.5], [25659.0, 17443.5], [25665.0, 17449.5], [25672.5, 17449.5], [25674.0, 17451.0], [25675.5, 17451.0], [25680.0, 17455.5], [25681.5, 17455.5], [25683.0, 17457.0], [25684.5, 17457.0], [25686.0, 17458.5], [25693.5, 17458.5], [25695.0, 17460.0], [25696.5, 17460.0], [25698.0, 17458.5], [25699.5, 17458.5], [25701.0, 17457.0], [25702.5, 17457.0], [25704.0, 17455.5], [25708.5, 17455.5], [25710.0, 17457.0], [25711.5, 17457.0], [25722.0, 17467.5], [25726.5, 17467.5], [25728.0, 17466.0], [25729.5, 17466.0], [25728.0, 17464.5], [25729.5, 17463.0], [25729.5, 17461.5], [25731.0, 17460.0], [25732.5, 17460.0], [25735.5, 17457.0], [25737.0, 17457.0], [25738.5, 17455.5], [25741.5, 17455.5], [25743.0, 17454.0], [25744.5, 17454.0], [25747.5, 17451.0], [25747.5, 17449.5], [25749.0, 17448.0], [25749.0, 17439.0], [25747.5, 17437.5], [25746.0, 17437.5], [25737.0, 17428.5], [25735.5, 17428.5], [25731.0, 17424.0], [25731.0, 17422.5], [25723.5, 17415.0], [25723.5, 17413.5], [25719.0, 17409.0], [25719.0, 17407.5], [25717.5, 17406.0], [25717.5, 17403.0], [25716.0, 17401.5], [25716.0, 17400.0], [25714.5, 17398.5], [25714.5, 17397.0], [25705.5, 17388.0], [25704.0, 17388.0], [25701.0, 17385.0], [25698.0, 17385.0], [25696.5, 17383.5], [25692.0, 17383.5], [25690.5, 17382.0], [25687.5, 17382.0], [25686.0, 17380.5], [25683.0, 17380.5], [25681.5, 17379.0], [25680.0, 17379.0], [25678.5, 17377.5], [25668.0, 17377.5], [25666.5, 17376.0], [25651.5, 17376.0], [25650.0, 17374.5], [25641.0, 17374.5]]]}}, {"type": "Feature", "properties": {"class_id": 2, "classification": "Fold", "area": 17730.0}, "geometry": {"type": "Polygon", "coordinates": [[[26929.5, 16912.5], [26926.5, 16912.5], [26923.5, 16915.5], [26922.0, 16915.5], [26922.0, 16917.0], [26919.0, 16920.0], [26919.0, 16921.5], [26914.5, 16926.0], [26910.0, 16926.0], [26910.0, 16929.0], [26908.5, 16930.5], [26907.0, 16930.5], [26905.5, 16929.0], [26904.0, 16929.0], [26901.0, 16926.0], [26896.5, 16926.0], [26895.0, 16924.5], [26889.0, 16924.5], [26887.5, 16926.0], [26886.0, 16924.5], [26884.5, 16924.5], [26883.0, 16926.0], [26881.5, 16924.5], [26880.0, 16924.5], [26880.0, 17092.5], [26881.5, 17092.5], [26883.0, 17091.0], [26886.0, 17091.0], [26886.0, 17089.5], [26890.5, 17085.0], [26895.0, 17085.0], [26895.0, 17083.5], [26896.5, 17082.0], [26898.0, 17082.0], [26901.0, 17085.0], [26904.0, 17085.0], [26905.5, 17086.5], [26907.0, 17086.5], [26908.5, 17088.0], [26913.0, 17088.0], [26916.0, 17091.0], [26920.5, 17091.0], [26922.0, 17092.5], [26923.5, 17092.5], [26925.0, 17091.0], [26929.5, 17091.0], [26932.5, 17088.0], [26934.0, 17088.0], [26935.5, 17086.5], [26938.5, 17086.5], [26940.0, 17085.0], [26944.5, 17085.0], [26946.0, 17086.5], [26947.5, 17086.5], [26949.0, 17088.0], [26952.0, 17088.0], [26953.5, 17089.5], [26955.0, 17088.0], [26970.0, 17088.0], [26971.5, 17089.5], [26974.5, 17089.5], [26976.0, 17091.0], [26980.5, 17091.0], [26982.0, 17089.5], [26983.5, 17089.5], [26983.5, 17083.5], [26982.0, 17082.0], [26982.0, 17080.5], [26983.5, 17079.0], [26985.0, 17079.0], [26986.5, 17077.5], [26988.0, 17077.5], [26989.5, 17076.0], [26989.5, 17071.5], [26992.5, 17068.5], [26992.5, 17064.0], [26991.0, 17062.5], [26989.5, 17062.5], [26986.5, 17059.5], [26986.5, 17053.5], [26983.5, 17050.5], [26983.5, 17047.5], [26991.0, 17040.0], [26991.0, 17038.5], [26992.5, 17037.0], [26992.5, 17032.5], [26995.5, 17029.5], [26997.0, 17029.5], [26998.5, 17031.0], [27001.5, 17031.0], [27001.5, 17029.5], [27004.5, 17026.5], [27006.0, 17028.0], [27010.5, 17028.0], [27010.5, 17014.5], [27004.5, 17008.5], [27004.5, 17002.5], [27003.0, 17002.5], [27001.5, 17001.0], [27001.5, 16999.5], [27000.0, 16999.5], [26998.5, 16998.0], [27001.5, 16995.0], [27001.5, 16992.0], [27003.0, 16990.5], [26995.5, 16983.0], [26995.5, 16981.5], [26994.0, 16980.0], [26994.0, 16974.0], [26992.5, 16972.5], [26992.5, 16971.0], [26991.0, 16969.5], [26991.0, 16963.5], [26989.5, 16962.0], [26988.0, 16962.0], [26985.0, 16959.0], [26983.5, 16959.0], [26977.5, 16953.0], [26977.5, 16950.0], [26976.0, 16948.5], [26976.0, 16947.0], [26970.0, 16941.0], [26959.5, 16941.0], [26958.0, 16942.5], [26953.5, 16942.5], [26952.0, 16941.0], [26949.0, 16941.0], [26946.0, 16938.0], [26946.0, 16932.0], [26943.0, 16929.0], [26941.5, 16929.0], [26940.0, 16927.5], [26940.0, 16926.0], [26937.0, 16923.0], [26937.0, 16921.5], [26934.0, 16918.5], [26934.0, 16917.0], [26931.0, 16914.0], [26931.0, 16911.0], [26929.5, 16912.5]]]}}, {"type": "Feature", "properties": {"class_id": 2, "classification": "Fold", "area": 6413.625}, "geometry": {"type": "Polygon", "coordinates": [[[27150.0, 16896.0], [27150.0, 16900.5], [27144.0, 16906.5], [27144.0, 16908.0], [27139.5, 16912.5], [27139.5, 16914.0], [27138.0, 16915.5], [27138.0, 16918.5], [27136.5, 16920.0], [27136.5, 16924.5], [27135.0, 16926.0], [27135.0, 16932.0], [27136.5, 16933.5], [27136.5, 16935.0], [27138.0, 16936.5], [27138.0, 16938.0], [27141.0, 16941.0], [27141.0, 16944.0], [27142.5, 16945.5], [27142.5, 16947.0], [27144.0, 16948.5], [27144.0, 16959.0], [27145.5, 16960.5], [27145.5, 16963.5], [27144.0, 16965.0], [27141.0, 16965.0], [27141.0, 16969.5], [27139.5, 16971.0], [27135.0, 16971.0], [27133.5, 16969.5], [27133.5, 16968.0], [27124.5, 16968.0], [27123.0, 16969.5], [27121.5, 16969.5], [27117.0, 16974.0], [27115.5, 16974.0], [27114.0, 16975.5], [27112.5, 16975.5], [27109.5, 16978.5], [27108.0, 16978.5], [27106.5, 16980.0], [27105.0, 16980.0], [27100.5, 16984.5], [27091.5, 16984.5], [27084.0, 16992.0], [27082.5, 16992.0], [27079.5, 16995.0], [27079.5, 16996.5], [27078.0, 16998.0], [27078.0, 16999.5], [27076.5, 17001.0], [27076.5, 17002.5], [27075.0, 17004.0], [27075.0, 17014.5], [27076.5, 17016.0], [27076.5, 17017.5], [27079.5, 17020.5], [27079.5, 17022.0], [27081.0, 17023.5], [27081.0, 17029.5], [27082.5, 17031.0], [27084.0, 17031.0], [27085.5, 17032.5], [27090.0, 17032.5], [27094.5, 17037.0], [27094.5, 17038.5], [27097.5, 17041.5], [27097.5, 17043.0], [27100.5, 17046.0], [27100.5, 17053.5], [27099.0, 17055.0], [27100.5, 17056.5], [27100.5, 17068.5], [27103.5, 17071.5], [27105.0, 17070.0], [27106.5, 17070.0], [27109.5, 17067.0], [27109.5, 17065.5], [27114.0, 17061.0], [27114.0, 17059.5], [27117.0, 17056.5], [27117.0, 17055.0], [27120.0, 17052.0], [27120.0, 17050.5], [27121.5, 17049.0], [27121.5, 17047.5], [27123.0, 17046.0], [27123.0, 17043.0], [27124.5, 17041.5], [27124.5, 17040.0], [27126.0, 17038.5], [27126.0, 17037.0], [27127.5, 17035.5], [27126.0, 17034.0], [27126.0, 17031.0], [27112.5, 17031.0], [27111.0, 17032.5], [27109.5, 17031.0], [27108.0, 17031.0], [27106.5, 17029.5], [27106.5, 17023.5], [27115.5, 17014.5], [27126.0, 17014.5], [27127.5, 17013.0], [27127.5, 17011.5], [27132.0, 17007.0], [27133.5, 17007.0], [27135.0, 17008.5], [27136.5, 17008.5], [27138.0, 17010.0], [27141.0, 17010.0], [27141.0, 17005.5], [27139.5, 17004.0], [27139.5, 16995.0], [27141.0, 16993.5], [27144.0, 16993.5], [27145.5, 16992.0], [27147.0, 16992.0], [27147.0, 16986.0], [27150.0, 16983.0], [27151.5, 16983.0], [27151.5, 16981.5], [27153.0, 16980.0], [27153.0, 16978.5], [27156.0, 16975.5], [27157.5, 16975.5], [27159.0, 16974.0], [27165.0, 16974.0], [27166.5, 16972.5], [27168.0, 16972.5], [27172.5, 16968.0], [27172.5, 16966.5], [27174.0, 16965.0], [27174.0, 16962.0], [27175.5, 16960.5], [27175.5, 16959.0], [27180.0, 16954.5], [27180.0, 16953.0], [27181.5, 16951.5], [27181.5, 16945.5], [27178.5, 16942.5], [27178.5, 16941.0], [27183.0, 16936.5], [27183.0, 16933.5], [27184.5, 16932.0], [27184.5, 16929.0], [27181.5, 16926.0], [27180.0, 16926.0], [27175.5, 16921.5], [27175.5, 16920.0], [27172.5, 16917.0], [27172.5, 16915.5], [27171.0, 16914.0], [27171.0, 16912.5], [27169.5, 16911.0], [27169.5, 16908.0], [27171.0, 16906.5], [27171.0, 16903.5], [27174.0, 16900.5], [27174.0, 16899.0], [27175.5, 16897.5], [27175.5, 16896.0], [27150.0, 16896.0]]]}}, {"type": "Feature", "properties": {"class_id": 2, "classification": "Fold", "area": 4.5}, "geometry": {"type": "Polygon", "coordinates": [[[16179.0, 16453.5], [16177.5, 16455.0], [16179.0, 16456.5], [16180.5, 16455.0], [16179.0, 16453.5]]]}}, {"type": "Feature", "properties": {"class_id": 2, "classification": "Fold", "area": 202.5}, "geometry": {"type": "Polygon", "coordinates": [[[15361.5, 16380.0], [15360.0, 16381.5], [15360.0, 16398.0], [15363.0, 16398.0], [15364.5, 16396.5], [15366.0, 16396.5], [15370.5, 16392.0], [15372.0, 16392.0], [15373.5, 16390.5], [15373.5, 16389.0], [15375.0, 16387.5], [15375.0, 16384.5], [15372.0, 16381.5], [15370.5, 16381.5], [15369.0, 16380.0], [15361.5, 16380.0]]]}}, {"type": "Feature", "properties": {"class_id": 2, "classification": "Fold", "area": 13014.0}, "geometry": {"type": "Polygon", "coordinates": [[[16360.5, 16275.0], [16359.0, 16276.5], [16357.5, 16276.5], [16356.0, 16278.0], [16356.0, 16281.0], [16354.5, 16282.5], [16354.5, 16303.5], [16353.0, 16305.0], [16353.0, 16317.0], [16351.5, 16318.5], [16351.5, 16320.0], [16350.0, 16321.5], [16350.0, 16324.5], [16348.5, 16326.0], [16348.5, 16327.5], [16350.0, 16329.0], [16350.0, 16332.0], [16351.5, 16333.5], [16351.5, 16335.0], [16353.0, 16336.5], [16353.0, 16348.5], [16351.5, 16350.0], [16351.5, 16356.0], [16354.5, 16359.0], [16354.5, 16360.5], [16356.0, 16362.0], [16356.0, 16366.5], [16348.5, 16374.0], [16345.5, 16374.0], [16344.0, 16375.5], [16336.5, 16375.5], [16335.0, 16377.0], [16333.5, 16377.0], [16332.0, 16378.5], [16330.5, 16378.5], [16329.0, 16380.0], [16327.5, 16380.0], [16318.5, 16389.0], [16317.0, 16389.0], [16315.5, 16390.5], [16312.5, 16390.5], [16311.0, 16392.0], [16308.0, 16392.0], [16306.5, 16393.5], [16305.0, 16393.5], [16303.5, 16395.0], [16302.0, 16395.0], [16300.5, 16396.5], [16297.5, 16396.5], [16296.0, 16398.0], [16294.5, 16398.0], [16293.0, 16399.5], [16290.0, 16399.5], [16288.5, 16401.0], [16285.5, 16401.0], [16284.0, 16402.5], [16282.5, 16402.5], [16281.0, 16404.0], [16279.5, 16404.0], [16278.0, 16405.5], [16276.5, 16405.5], [16266.0, 16416.0], [16264.5, 16416.0], [16263.0, 16417.5], [16260.0, 16417.5], [16257.0, 16420.5], [16255.5, 16420.5], [16254.0, 16422.0], [16252.5, 16422.0], [16251.0, 16423.5], [16249.5, 16423.5], [16246.5, 16426.5], [16245.0, 16426.5], [16242.0, 16429.5], [16240.5, 16429.5], [16228.5, 16441.5], [16228.5, 16443.0], [16225.5, 16446.0], [16224.0, 16446.0], [16222.5, 16447.5], [16221.0, 16447.5], [16219.5, 16449.0], [16216.5, 16449.0], [16215.0, 16450.5], [16213.5, 16450.5], [16210.5, 16453.5], [16210.5, 16455.0], [16203.0, 16462.5], [16203.0, 16464.0], [16198.5, 16468.5], [16198.5, 16471.5], [16197.0, 16473.0], [16197.0, 16474.5], [16195.5, 16476.0], [16195.5, 16480.5], [16194.0, 16482.0], [16194.0, 16488.0], [16192.5, 16489.5], [16192.5, 16494.0], [16191.0, 16495.5], [16191.0, 16510.5], [16189.5, 16512.0], [16189.5, 16516.5], [16188.0, 16518.0], [16188.0, 16521.0], [16186.5, 16522.5], [16186.5, 16525.5], [16185.0, 16527.0], [16185.0, 16540.5], [16186.5, 16542.0], [16186.5, 16554.0], [16188.0, 16555.5], [16188.0, 16557.0], [16189.5, 16558.5], [16191.0, 16558.5], [16192.5, 16560.0], [16197.0, 16560.0], [16204.5, 16552.5], [16204.5, 16551.0], [16206.0, 16549.5], [16206.0, 16546.5], [16207.5, 16545.0], [16207.5, 16543.5], [16209.0, 16542.0], [16209.0, 16537.5], [16210.5, 16536.0], [16210.5, 16531.5], [16212.0, 16530.0], [16212.0, 16516.5], [16213.5, 16515.0], [16213.5, 16510.5], [16215.0, 16509.0], [16215.0, 16504.5], [16216.5, 16503.0], [16216.5, 16501.5], [16218.0, 16500.0], [16218.0, 16498.5], [16219.5, 16497.0], [16219.5, 16495.5], [16221.0, 16494.0], [16221.0, 16489.5], [16222.5, 16488.0], [16222.5, 16483.5], [16224.0, 16482.0], [16224.0, 16477.5], [16225.5, 16476.0], [16225.5, 16474.5], [16227.0, 16473.0], [16227.0, 16471.5], [16236.0, 16462.5], [16237.5, 16462.5], [16242.0, 16458.0], [16243.5, 16458.0], [16255.5, 16446.0], [16255.5, 16444.5], [16260.0, 16440.0], [16260.0, 16438.5], [16267.5, 16431.0], [16267.5, 16429.5], [16272.0, 16425.0], [16279.5, 16425.0], [16281.0, 16423.5], [16282.5, 16423.5], [16284.0, 16422.0], [16285.5, 16422.0], [16287.0, 16420.5], [16288.5, 16420.5], [16290.0, 16419.0], [16291.5, 16419.0], [16293.0, 16417.5], [16294.5, 16417.5], [16296.0, 16416.0], [16299.0, 16416.0], [16300.5, 16414.5], [16302.0, 16414.5], [16303.5, 16413.0], [16305.0, 16413.0], [16306.5, 16411.5], [16309.5, 16411.5], [16311.0, 16410.0], [16314.0, 16410.0], [16315.5, 16408.5], [16318.5, 16408.5], [16320.0, 16407.0], [16329.0, 16407.0], [16330.5, 16405.5], [16339.5, 16405.5], [16341.0, 16404.0], [16347.0, 16404.0], [16348.5, 16402.5], [16359.0, 16402.5], [16360.5, 16401.0], [16368.0, 16401.0], [16369.5, 16399.5], [16371.0, 16399.5], [16372.5, 16398.0], [16374.0, 16398.0], [16378.5, 16393.5], [16380.0, 16393.5], [16383.0, 16390.5], [16384.5, 16390.5], [16389.0, 16386.0], [16389.0, 16383.0], [16390.5, 16381.5], [16390.5, 16380.0], [16392.0, 16378.5], [16392.0, 16375.5], [16393.5, 16374.0], [16393.5, 16372.5], [16395.0, 16371.0], [16395.0, 16369.5], [16396.5, 16368.0], [16396.5, 16366.5], [16399.5, 16363.5], [16401.0, 16363.5], [16404.0, 16360.5], [16405.5, 16360.5], [16407.0, 16359.0], [16408.5, 16359.0], [16416.0, 16351.5], [16417.5, 16351.5], [16419.0, 16350.0], [16422.0, 16350.0], [16423.5, 16348.5], [16426.5, 16348.5], [16431.0, 16344.0], [16431.0, 16342.5], [16432.5, 16341.0], [16432.5, 16339.5], [16435.5, 16336.5], [16435.5, 16335.0], [16437.0, 16333.5], [16437.0, 16332.0], [16440.0, 16329.0], [16440.0, 16327.5], [16441.5, 16326.0], [16441.5, 16318.5], [16443.0, 16317.0], [16443.0, 16309.5], [16441.5, 16308.0], [16441.5, 16306.5], [16440.0, 16305.0], [16440.0, 16296.0], [16447.5, 16288.5], [16447.5, 16281.0], [16443.0, 16276.5], [16441.5, 16276.5], [16438.5, 16279.5], [16438.5, 16281.0], [16437.0, 16282.5], [16437.0, 16291.5], [16434.0, 16294.5], [16431.0, 16294.5], [16429.5, 16296.0], [16419.0, 16296.0], [16417.5, 16297.5], [16413.0, 16297.5], [16411.5, 16299.0], [16410.0, 16297.5], [16408.5, 16297.5], [16405.5, 16294.5], [16404.0, 16294.5], [16402.5, 16293.0], [16401.0, 16293.0], [16399.5, 16291.5], [16396.5, 16291.5], [16395.0, 16290.0], [16390.5, 16290.0], [16389.0, 16288.5], [16384.5, 16288.5], [16383.0, 16287.0], [16381.5, 16287.0], [16380.0, 16285.5], [16378.5, 16285.5], [16375.5, 16282.5], [16374.0, 16282.5], [16371.0, 16279.5], [16369.5, 16279.5], [16366.5, 16276.5], [16363.5, 16276.5], [16362.0, 16275.0], [16360.5, 16275.0]]]}}, {"type": "Feature", "properties": {"class_id": 2, "classification": "Fold", "area": 10581.75}, "geometry": {"type": "Polygon", "coordinates": [[[15781.5, 16164.0], [15780.0, 16165.5], [15775.5, 16165.5], [15774.0, 16167.0], [15769.5, 16167.0], [15768.0, 16168.5], [15765.0, 16168.5], [15763.5, 16170.0], [15760.5, 16170.0], [15759.0, 16171.5], [15750.0, 16171.5], [15747.0, 16174.5], [15747.0, 16179.0], [15748.5, 16180.5], [15748.5, 16182.0], [15750.0, 16183.5], [15750.0, 16185.0], [15751.5, 16186.5], [15751.5, 16189.5], [15753.0, 16191.0], [15753.0, 16192.5], [15754.5, 16194.0], [15754.5, 16198.5], [15756.0, 16200.0], [15756.0, 16201.5], [15760.5, 16206.0], [15762.0, 16206.0], [15763.5, 16207.5], [15765.0, 16207.5], [15766.5, 16209.0], [15769.5, 16209.0], [15772.5, 16212.0], [15775.5, 16212.0], [15777.0, 16213.5], [15778.5, 16213.5], [15780.0, 16215.0], [15795.0, 16215.0], [15796.5, 16216.5], [15799.5, 16216.5], [15801.0, 16218.0], [15802.5, 16218.0], [15804.0, 16219.5], [15805.5, 16219.5], [15807.0, 16221.0], [15808.5, 16221.0], [15810.0, 16222.5], [15813.0, 16222.5], [15814.5, 16224.0], [15816.0, 16224.0], [15817.5, 16225.5], [15819.0, 16225.5], [15823.5, 16230.0], [15825.0, 16230.0], [15826.5, 16231.5], [15829.5, 16231.5], [15831.0, 16233.0], [15846.0, 16233.0], [15847.5, 16234.5], [15853.5, 16234.5], [15855.0, 16236.0], [15871.5, 16236.0], [15873.0, 16234.5], [15877.5, 16234.5], [15879.0, 16233.0], [15888.0, 16233.0], [15889.5, 16231.5], [15892.5, 16231.5], [15894.0, 16230.0], [15897.0, 16230.0], [15898.5, 16228.5], [15900.0, 16228.5], [15901.5, 16227.0], [15903.0, 16227.0], [15904.5, 16225.5], [15909.0, 16225.5], [15910.5, 16224.0], [15933.0, 16224.0], [15934.5, 16225.5], [15942.0, 16225.5], [15943.5, 16227.0], [15946.5, 16227.0], [15948.0, 16228.5], [15949.5, 16228.5], [15951.0, 16230.0], [15972.0, 16230.0], [15973.5, 16231.5], [15976.5, 16231.5], [15978.0, 16233.0], [15979.5, 16233.0], [15981.0, 16234.5], [15984.0, 16234.5], [15985.5, 16236.0], [15987.0, 16236.0], [15988.5, 16237.5], [15991.5, 16237.5], [15993.0, 16239.0], [15994.5, 16239.0], [15996.0, 16240.5], [15999.0, 16240.5], [16000.5, 16242.0], [16009.5, 16242.0], [16011.0, 16243.5], [16014.0, 16243.5], [16018.5, 16248.0], [16020.0, 16248.0], [16027.5, 16255.5], [16029.0, 16255.5], [16032.0, 16258.5], [16033.5, 16258.5], [16041.0, 16266.0], [16042.5, 16266.0], [16048.5, 16272.0], [16050.0, 16272.0], [16054.5, 16276.5], [16056.0, 16276.5], [16060.5, 16281.0], [16062.0, 16281.0], [16063.5, 16282.5], [16065.0, 16282.5], [16071.0, 16288.5], [16071.0, 16290.0], [16072.5, 16291.5], [16072.5, 16293.0], [16074.0, 16294.5], [16074.0, 16296.0], [16075.5, 16297.5], [16075.5, 16299.0], [16077.0, 16300.5], [16077.0, 16302.0], [16078.5, 16303.5], [16078.5, 16305.0], [16093.5, 16320.0], [16098.0, 16320.0], [16099.5, 16321.5], [16102.5, 16321.5], [16104.0, 16320.0], [16105.5, 16320.0], [16107.0, 16318.5], [16107.0, 16317.0], [16108.5, 16315.5], [16108.5, 16312.5], [16107.0, 16311.0], [16107.0, 16308.0], [16105.5, 16306.5], [16105.5, 16305.0], [16102.5, 16302.0], [16102.5, 16300.5], [16101.0, 16299.0], [16101.0, 16297.5], [16090.5, 16287.0], [16089.0, 16287.0], [16086.0, 16284.0], [16084.5, 16284.0], [16083.0, 16282.5], [16081.5, 16282.5], [16077.0, 16278.0], [16077.0, 16276.5], [16072.5, 16272.0], [16072.5, 16270.5], [16069.5, 16267.5], [16069.5, 16266.0], [16059.0, 16255.5], [16057.5, 16255.5], [16054.5, 16252.5], [16053.0, 16252.5], [16041.0, 16240.5], [16039.5, 16240.5], [16038.0, 16239.0], [16038.0, 16237.5], [16036.5, 16237.5], [16032.0, 16233.0], [16030.5, 16233.0], [16029.0, 16231.5], [16027.5, 16231.5], [16026.0, 16230.0], [16024.5, 16230.0], [16023.0, 16228.5], [16021.5, 16228.5], [16020.0, 16227.0], [16018.5, 16227.0], [16017.0, 16225.5], [16014.0, 16225.5], [16011.0, 16222.5], [16009.5, 16222.5], [16005.0, 16218.0], [16003.5, 16218.0], [15999.0, 16213.5], [15997.5, 16213.5], [15996.0, 16212.0], [15994.5, 16212.0], [15993.0, 16210.5], [15991.5, 16210.5], [15990.0, 16209.0], [15987.0, 16209.0], [15985.5, 16207.5], [15978.0, 16207.5], [15976.5, 16206.0], [15973.5, 16206.0], [15972.0, 16204.5], [15967.5, 16204.5], [15966.0, 16203.0], [15961.5, 16203.0], [15960.0, 16201.5], [15933.0, 16201.5], [15931.5, 16203.0], [15906.0, 16203.0], [15904.5, 16201.5], [15900.0, 16201.5], [15898.5, 16203.0], [15894.0, 16203.0], [15892.5, 16204.5], [15888.0, 16204.5], [15886.5, 16206.0], [15882.0, 16206.0], [15880.5, 16204.5], [15879.0, 16204.5], [15874.5, 16200.0], [15873.0, 16200.0], [15871.5, 16198.5], [15870.0, 16198.5], [15867.0, 16195.5], [15865.5, 16195.5], [15864.0, 16194.0], [15861.0, 16194.0], [15859.5, 16192.5], [15858.0, 16192.5], [15856.5, 16194.0], [15855.0, 16194.0], [15853.5, 16195.5], [15852.0, 16195.5], [15849.0, 16198.5], [15846.0, 16198.5], [15844.5, 16200.0], [15843.0, 16200.0], [15841.5, 16198.5], [15838.5, 16198.5], [15832.5, 16192.5], [15832.5, 16191.0], [15828.0, 16186.5], [15826.5, 16186.5], [15825.0, 16185.0], [15814.5, 16185.0], [15813.0, 16186.5], [15804.0, 16186.5], [15802.5, 16185.0], [15801.0, 16185.0], [15792.0, 16176.0], [15792.0, 16174.5], [15790.5, 16173.0], [15790.5, 16171.5], [15787.5, 16168.5], [15787.5, 16167.0], [15786.0, 16165.5], [15784.5, 16165.5], [15783.0, 16164.0], [15781.5, 16164.0]]]}}, {"type": "Feature", "properties": {"class_id": 2, "classification": "Fold", "area": 16.875}, "geometry": {"type": "Polygon", "coordinates": [[[8152.5, 16129.5], [8154.0, 16129.5], [8155.5, 16131.0], [8157.0, 16131.0], [8158.5, 16132.5], [8158.5, 16128.0], [8151.0, 16128.0], [8152.5, 16129.5]]]}}, {"type": "Feature", "properties": {"class_id": 2, "classification": "Fold", "area": 282.375}, "geometry": {"type": "Polygon", "coordinates": [[[11037.0, 15717.0], [11034.0, 15720.0], [11034.0, 15721.5], [11032.5, 15723.0], [11032.5, 15741.0], [11034.0, 15741.0], [11037.0, 15738.0], [11038.5, 15738.0], [11047.5, 15729.0], [11047.5, 15727.5], [11049.0, 15726.0], [11049.0, 15718.5], [11047.5, 15718.5], [11046.0, 15717.0], [11037.0, 15717.0]]]}}, {"type": "Feature", "properties": {"class_id": 2, "classification": "Fold", "area": 1407.375}, "geometry": {"type": "Polygon", "coordinates": [[[29187.0, 15516.0], [29185.5, 15517.5], [29184.0, 15517.5], [29184.0, 15631.5], [29185.5, 15631.5], [29190.0, 15627.0], [29190.0, 15625.5], [29194.5, 15621.0], [29194.5, 15619.5], [29197.5, 15616.5], [29197.5, 15612.0], [29199.0, 15610.5], [29199.0, 15607.5], [29197.5, 15606.0], [29197.5, 15603.0], [29196.0, 15601.5], [29196.0, 15598.5], [29194.5, 15597.0], [29194.5, 15594.0], [29193.0, 15592.5], [29193.0, 15582.0], [29194.5, 15580.5], [29194.5, 15579.0], [29200.5, 15573.0], [29200.5, 15562.5], [29199.0, 15561.0], [29199.0, 15559.5], [29196.0, 15556.5], [29196.0, 15553.5], [29197.5, 15552.0], [29197.5, 15550.5], [29199.0, 15549.0], [29199.0, 15543.0], [29197.5, 15541.5], [29197.5, 15537.0], [29199.0, 15535.5], [29199.0, 15529.5], [29197.5, 15528.0], [29197.5, 15525.0], [29188.5, 15516.0], [29187.0, 15516.0]]]}}, {"type": "Feature", "properties": {"class_id": 2, "classification": "Fold", "area": 40.5}, "geometry": {"type": "Polygon", "coordinates": [[[29184.0, 15472.5], [29184.0, 15483.0], [29185.5, 15483.0], [29187.0, 15481.5], [29187.0, 15480.0], [29188.5, 15478.5], [29188.5, 15475.5], [29190.0, 15474.0], [29188.5, 15474.0], [29187.0, 15472.5], [29184.0, 15472.5]]]}}, {"type": "Feature", "properties": {"class_id": 2, "classification": "Fold", "area": 121.5}, "geometry": {"type": "Polygon", "coordinates": [[[7680.0, 15360.0], [7680.0, 15367.5], [7681.5, 15367.5], [7683.0, 15369.0], [7690.5, 15369.0], [7695.0, 15364.5], [7695.0, 15360.0], [7680.0, 15360.0]]]}}, {"type": "Feature", "properties": {"class_id": 2, "classification": "Fold", "area": 2407.5}, "geometry": {"type": "Polygon", "coordinates": [[[19209.0, 14815.5], [19207.5, 14817.0], [19203.0, 14817.0], [19201.5, 14818.5], [19200.0, 14818.5], [19200.0, 14863.5], [19203.0, 14863.5], [19204.5, 14865.0], [19206.0, 14865.0], [19207.5, 14866.5], [19209.0, 14866.5], [19213.5, 14871.0], [19213.5, 14872.5], [19215.0, 14874.0], [19215.0, 14875.5], [19216.5, 14877.0], [19216.5, 14878.5], [19218.0, 14880.0], [19218.0, 14881.5], [19219.5, 14883.0], [19219.5, 14884.5], [19222.5, 14887.5], [19222.5, 14889.0], [19225.5, 14892.0], [19227.0, 14892.0], [19233.0, 14898.0], [19236.0, 14898.0], [19237.5, 14899.5], [19239.0, 14899.5], [19240.5, 14901.0], [19243.5, 14901.0], [19245.0, 14899.5], [19246.5, 14899.5], [19248.0, 14898.0], [19249.5, 14898.0], [19252.5, 14895.0], [19252.5, 14887.5], [19251.0, 14886.0], [19251.0, 14881.5], [19249.5, 14880.0], [19249.5, 14877.0], [19245.0, 14872.5], [19243.5, 14872.5], [19240.5, 14869.5], [19239.0, 14869.5], [19236.0, 14866.5], [19236.0, 14865.0], [19234.5, 14863.5], [19234.5, 14860.5], [19233.0, 14859.0], [19233.0, 14853.0], [19231.5, 14851.5], [19231.5, 14848.5], [19233.0, 14847.0], [19233.0, 14839.5], [19231.5, 14838.0], [19231.5, 14836.5], [19228.5, 14833.5], [19228.5, 14832.0], [19227.0, 14830.5], [19227.0, 14827.5], [19225.5, 14826.0], [19225.5, 14824.5], [19224.0, 14823.0], [19224.0, 14821.5], [19222.5, 14820.0], [19221.0, 14820.0], [19219.5, 14818.5], [19218.0, 14818.5], [19216.5, 14817.0], [19213.5, 14817.0], [19212.0, 14815.5], [19209.0, 14815.5]]]}}, {"type": "Feature", "properties": {"class_id": 2, "classification": "Fold", "area": 199.125}, "geometry": {"type": "Polygon", "coordinates": [[[30196.5, 14607.0], [30195.0, 14608.5], [30195.0, 14610.0], [30196.5, 14611.5], [30196.5, 14614.5], [30198.0, 14616.0], [30198.0, 14617.5], [30201.0, 14620.5], [30202.5, 14620.5], [30204.0, 14622.0], [30207.0, 14622.0], [30208.5, 14620.5], [30210.0, 14620.5], [30211.5, 14619.0], [30213.0, 14619.0], [30213.0, 14614.5], [30211.5, 14613.0], [30211.5, 14611.5], [30210.0, 14610.0], [30210.0, 14608.5], [30208.5, 14608.5], [30207.0, 14607.0], [30196.5, 14607.0]]]}}, {"type": "Feature", "properties": {"class_id": 2, "classification": "Fold", "area": 148.5}, "geometry": {"type": "Polygon", "coordinates": [[[30366.0, 14592.0], [30366.0, 14595.0], [30367.5, 14596.5], [30367.5, 14598.0], [30372.0, 14602.5], [30379.5, 14602.5], [30381.0, 14601.0], [30382.5, 14601.0], [30385.5, 14598.0], [30387.0, 14598.0], [30388.5, 14596.5], [30391.5, 14596.5], [30393.0, 14595.0], [30394.5, 14595.0], [30393.0, 14593.5], [30393.0, 14592.0], [30382.5, 14592.0], [30382.5, 14593.5], [30378.0, 14598.0], [30372.0, 14598.0], [30370.5, 14596.5], [30370.5, 14592.0], [30366.0, 14592.0]]]}}, {"type": "Feature", "properties": {"class_id": 2, "classification": "Fold", "area": 31.5}, "geometry": {"type": "Polygon", "coordinates": [[[30304.5, 14592.0], [30304.5, 14595.0], [30313.5, 14595.0], [30316.5, 14592.0], [30304.5, 14592.0]]]}}, {"type": "Feature", "properties": {"class_id": 2, "classification": "Fold", "area": 33.75}, "geometry": {"type": "Polygon", "coordinates": [[[4915.5, 14347.5], [4914.0, 14349.0], [4914.0, 14350.5], [4912.5, 14352.0], [4912.5, 14355.0], [4914.0, 14356.5], [4915.5, 14356.5], [4917.0, 14355.0], [4917.0, 14353.5], [4918.5, 14352.0], [4917.0, 14350.5], [4917.0, 14347.5], [4915.5, 14347.5]]]}}, {"type": "Feature", "properties": {"class_id": 2, "classification": "Fold", "area": 1.125}, "geometry": {"type": "Polygon", "coordinates": [[[7680.0, 13420.5], [7681.5, 13420.5], [7680.0, 13419.0], [7680.0, 13420.5]]]}}, {"type": "Feature", "properties": {"class_id": 2, "classification": "Fold", "area": 437.625}, "geometry": {"type": "Polygon", "coordinates": [[[11677.5, 13056.0], [11677.5, 13059.0], [11679.0, 13060.5], [11679.0, 13062.0], [11680.5, 13063.5], [11680.5, 13065.0], [11682.0, 13066.5], [11682.0, 13068.0], [11692.5, 13078.5], [11695.5, 13078.5], [11697.0, 13077.0], [11697.0, 13075.5], [11698.5, 13074.0], [11698.5, 13068.0], [11704.5, 13062.0], [11709.0, 13062.0], [11713.5, 13057.5], [11713.5, 13056.0], [11677.5, 13056.0]]]}}, {"type": "Feature", "properties": {"class_id": 2, "classification": "Fold", "area": 124.875}, "geometry": {"type": "Polygon", "coordinates": [[[11656.5, 13056.0], [11658.0, 13057.5], [11658.0, 13059.0], [11659.5, 13060.5], [11659.5, 13063.5], [11661.0, 13065.0], [11661.0, 13068.0], [11664.0, 13071.0], [11667.0, 13071.0], [11668.5, 13072.5], [11670.0, 13071.0], [11670.0, 13068.0], [11668.5, 13066.5], [11668.5, 13063.5], [11667.0, 13062.0], [11667.0, 13056.0], [11656.5, 13056.0]]]}}, {"type": "Feature", "properties": {"class_id": 2, "classification": "Fold", "area": 16119.0}, "geometry": {"type": "Polygon", "coordinates": [[[11521.5, 13227.0], [11532.0, 13227.0], [11533.5, 13228.5], [11539.5, 13228.5], [11541.0, 13230.0], [11542.5, 13230.0], [11547.0, 13234.5], [11550.0, 13234.5], [11553.0, 13231.5], [11554.5, 13231.5], [11557.5, 13228.5], [11563.5, 13228.5], [11565.0, 13227.0], [11568.0, 13227.0], [11568.0, 13225.5], [11569.5, 13224.0], [11569.5, 13221.0], [11571.0, 13219.5], [11571.0, 13218.0], [11572.5, 13216.5], [11572.5, 13213.5], [11574.0, 13212.0], [11574.0, 13209.0], [11577.0, 13206.0], [11577.0, 13204.5], [11580.0, 13201.5], [11581.5, 13201.5], [11583.0, 13200.0], [11584.5, 13200.0], [11590.5, 13194.0], [11592.0, 13194.0], [11593.5, 13192.5], [11595.0, 13192.5], [11596.5, 13191.0], [11596.5, 13188.0], [11595.0, 13186.5], [11595.0, 13177.5], [11596.5, 13176.0], [11596.5, 13174.5], [11598.0, 13173.0], [11598.0, 13171.5], [11601.0, 13168.5], [11601.0, 13162.5], [11599.5, 13161.0], [11599.5, 13158.0], [11601.0, 13156.5], [11601.0, 13152.0], [11602.5, 13150.5], [11602.5, 13147.5], [11604.0, 13146.0], [11604.0, 13144.5], [11608.5, 13140.0], [11611.5, 13140.0], [11613.0, 13141.5], [11616.0, 13141.5], [11617.5, 13143.0], [11620.5, 13143.0], [11622.0, 13141.5], [11626.5, 13141.5], [11628.0, 13143.0], [11632.5, 13138.5], [11634.0, 13138.5], [11635.5, 13137.0], [11637.0, 13137.0], [11641.5, 13132.5], [11643.0, 13132.5], [11646.0, 13129.5], [11649.0, 13129.5], [11650.5, 13128.0], [11646.0, 13128.0], [11644.5, 13126.5], [11644.5, 13125.0], [11646.0, 13123.5], [11646.0, 13122.0], [11644.5, 13120.5], [11643.0, 13120.5], [11641.5, 13119.0], [11640.0, 13119.0], [11634.0, 13113.0], [11634.0, 13105.5], [11632.5, 13104.0], [11632.5, 13098.0], [11631.0, 13096.5], [11631.0, 13092.0], [11635.5, 13087.5], [11635.5, 13083.0], [11634.0, 13081.5], [11634.0, 13078.5], [11635.5, 13077.0], [11635.5, 13074.0], [11637.0, 13072.5], [11637.0, 13069.5], [11638.5, 13068.0], [11638.5, 13065.0], [11640.0, 13063.5], [11640.0, 13062.0], [11641.5, 13060.5], [11641.5, 13057.5], [11643.0, 13056.0], [11520.0, 13056.0], [11520.0, 13225.5], [11521.5, 13227.0]]]}}, {"type": "Feature", "properties": {"class_id": 2, "classification": "Fold", "area": 32.625}, "geometry": {"type": "Polygon", "coordinates": [[[11467.5, 13056.0], [11467.5, 13059.0], [11469.0, 13060.5], [11473.5, 13060.5], [11475.0, 13059.0], [11475.0, 13057.5], [11476.5, 13056.0], [11467.5, 13056.0]]]}}, {"type": "Feature", "properties": {"class_id": 2, "classification": "Fold", "area": 19.125}, "geometry": {"type": "Polygon", "coordinates": [[[11376.0, 13056.0], [11376.0, 13057.5], [11377.5, 13059.0], [11377.5, 13060.5], [11379.0, 13060.5], [11382.0, 13057.5], [11382.0, 13056.0], [11376.0, 13056.0]]]}}, {"type": "Feature", "properties": {"class_id": 2, "classification": "Fold", "area": 424.125}, "geometry": {"type": "Polygon", "coordinates": [[[10957.5, 13056.0], [10959.0, 13057.5], [10959.0, 13059.0], [10960.5, 13060.5], [10960.5, 13062.0], [10968.0, 13069.5], [10969.5, 13069.5], [10971.0, 13071.0], [10972.5, 13071.0], [10974.0, 13072.5], [10977.0, 13072.5], [10978.5, 13074.0], [10984.5, 13074.0], [10986.0, 13075.5], [10987.5, 13075.5], [10989.0, 13074.0], [10990.5, 13074.0], [10990.5, 13068.0], [10987.5, 13065.0], [10987.5, 13062.0], [10986.0, 13060.5], [10986.0, 13056.0], [10957.5, 13056.0]]]}}, {"type": "Feature", "properties": {"class_id": 2, "classification": "Fold", "area": 55.125}, "geometry": {"type": "Polygon", "coordinates": [[[8745.0, 13056.0], [8746.5, 13057.5], [8746.5, 13059.0], [8748.0, 13059.0], [8749.5, 13060.5], [8757.0, 13060.5], [8761.5, 13056.0], [8745.0, 13056.0]]]}}, {"type": "Feature", "properties": {"class_id": 2, "classification": "Fold", "area": 901.125}, "geometry": {"type": "Polygon", "coordinates": [[[8329.5, 13030.5], [8328.0, 13032.0], [8328.0, 13033.5], [8326.5, 13035.0], [8326.5, 13036.5], [8325.0, 13038.0], [8325.0, 13039.5], [8322.0, 13042.5], [8322.0, 13044.0], [8319.0, 13047.0], [8317.5, 13047.0], [8313.0, 13051.5], [8313.0, 13054.5], [8362.5, 13054.5], [8364.0, 13053.0], [8362.5, 13051.5], [8364.0, 13050.0], [8364.0, 13039.5], [8362.5, 13038.0], [8361.0, 13038.0], [8359.5, 13036.5], [8356.5, 13036.5], [8355.0, 13035.0], [8352.0, 13035.0], [8350.5, 13033.5], [8340.0, 13033.5], [8338.5, 13032.0], [8337.0, 13032.0], [8335.5, 13030.5], [8329.5, 13030.5]]]}}, {"type": "Feature", "properties": {"class_id": 2, "classification": "Fold", "area": 2338.875}, "geometry": {"type": "Polygon", "coordinates": [[[8421.0, 12789.0], [8419.5, 12790.5], [8416.5, 12790.5], [8415.0, 12792.0], [8413.5, 12792.0], [8410.5, 12795.0], [8409.0, 12795.0], [8406.0, 12798.0], [8404.5, 12798.0], [8404.5, 12799.5], [8401.5, 12802.5], [8401.5, 12807.0], [8400.0, 12808.5], [8400.0, 12814.5], [8398.5, 12816.0], [8398.5, 12822.0], [8397.0, 12823.5], [8397.0, 12829.5], [8398.5, 12831.0], [8398.5, 12832.5], [8403.0, 12837.0], [8406.0, 12837.0], [8407.5, 12838.5], [8412.0, 12838.5], [8413.5, 12840.0], [8415.0, 12840.0], [8416.5, 12841.5], [8418.0, 12841.5], [8422.5, 12846.0], [8424.0, 12846.0], [8427.0, 12849.0], [8433.0, 12849.0], [8434.5, 12847.5], [8436.0, 12847.5], [8437.5, 12846.0], [8439.0, 12846.0], [8443.5, 12841.5], [8446.5, 12841.5], [8446.5, 12796.5], [8443.5, 12796.5], [8442.0, 12795.0], [8440.5, 12795.0], [8437.5, 12792.0], [8436.0, 12792.0], [8434.5, 12790.5], [8430.0, 12790.5], [8428.5, 12789.0], [8421.0, 12789.0]]]}}, {"type": "Feature", "properties": {"class_id": 2, "classification": "Fold", "area": 195.75}, "geometry": {"type": "Polygon", "coordinates": [[[15732.0, 12672.0], [15730.5, 12673.5], [15730.5, 12675.0], [15729.0, 12676.5], [15729.0, 12678.0], [15727.5, 12679.5], [15727.5, 12682.5], [15726.0, 12684.0], [15726.0, 12685.5], [15727.5, 12687.0], [15727.5, 12688.5], [15729.0, 12690.0], [15735.0, 12690.0], [15739.5, 12685.5], [15739.5, 12682.5], [15741.0, 12681.0], [15741.0, 12678.0], [15739.5, 12676.5], [15739.5, 12673.5], [15738.0, 12673.5], [15736.5, 12672.0], [15732.0, 12672.0]]]}}, {"type": "Feature", "properties": {"class_id": 2, "classification": "Fold", "area": 604.125}, "geometry": {"type": "Polygon", "coordinates": [[[8946.0, 11965.5], [8944.5, 11967.0], [8943.0, 11967.0], [8935.5, 11974.5], [8935.5, 11976.0], [8934.0, 11977.5], [8934.0, 11979.0], [8932.5, 11980.5], [8932.5, 11986.5], [8937.0, 11991.0], [8940.0, 11991.0], [8941.5, 11992.5], [8952.0, 11992.5], [8953.5, 11994.0], [8955.0, 11994.0], [8956.5, 11995.5], [8959.5, 11995.5], [8959.5, 11988.0], [8958.0, 11986.5], [8959.5, 11985.0], [8959.5, 11976.0], [8958.0, 11974.5], [8958.0, 11971.5], [8953.5, 11967.0], [8952.0, 11967.0], [8950.5, 11965.5], [8946.0, 11965.5]]]}}, {"type": "Feature", "properties": {"class_id": 2, "classification": "Fold", "area": 3.375}, "geometry": {"type": "Polygon", "coordinates": [[[4561.5, 11406.0], [4561.5, 11409.0], [4563.0, 11407.5], [4563.0, 11406.0], [4561.5, 11406.0]]]}}, {"type": "Feature", "properties": {"class_id": 2, "classification": "Fold", "area": 47.25}, "geometry": {"type": "Polygon", "coordinates": [[[4579.5, 11385.0], [4578.0, 11386.5], [4578.0, 11389.5], [4579.5, 11391.0], [4579.5, 11394.0], [4581.0, 11395.5], [4582.5, 11395.5], [4582.5, 11392.5], [4584.0, 11391.0], [4584.0, 11385.0], [4579.5, 11385.0]]]}}, {"type": "Feature", "properties": {"class_id": 2, "classification": "Fold", "area": 36.0}, "geometry": {"type": "Polygon", "coordinates": [[[9981.0, 9540.0], [9978.0, 9543.0], [9978.0, 9549.0], [9982.5, 9549.0], [9982.5, 9540.0], [9981.0, 9540.0]]]}}, {"type": "Feature", "properties": {"class_id": 2, "classification": "Fold", "area": 1542.375}, "geometry": {"type": "Polygon", "coordinates": [[[23169.0, 9400.5], [23167.5, 9402.0], [23166.0, 9402.0], [23163.0, 9405.0], [23161.5, 9405.0], [23152.5, 9414.0], [23152.5, 9417.0], [23151.0, 9418.5], [23151.0, 9421.5], [23149.5, 9423.0], [23149.5, 9426.0], [23148.0, 9427.5], [23148.0, 9435.0], [23149.5, 9435.0], [23152.5, 9438.0], [23155.5, 9438.0], [23157.0, 9439.5], [23158.5, 9439.5], [23160.0, 9441.0], [23164.5, 9441.0], [23166.0, 9442.5], [23172.0, 9442.5], [23173.5, 9441.0], [23176.5, 9441.0], [23178.0, 9439.5], [23179.5, 9439.5], [23181.0, 9438.0], [23184.0, 9438.0], [23185.5, 9436.5], [23187.0, 9436.5], [23188.5, 9435.0], [23190.0, 9435.0], [23191.5, 9433.5], [23191.5, 9432.0], [23194.5, 9429.0], [23194.5, 9427.5], [23196.0, 9426.0], [23196.0, 9424.5], [23197.5, 9423.0], [23197.5, 9415.5], [23196.0, 9414.0], [23196.0, 9411.0], [23191.5, 9406.5], [23190.0, 9406.5], [23188.5, 9405.0], [23187.0, 9405.0], [23185.5, 9403.5], [23182.5, 9403.5], [23181.0, 9402.0], [23179.5, 9402.0], [23178.0, 9400.5], [23169.0, 9400.5]]]}}, {"type": "Feature", "properties": {"class_id": 2, "classification": "Fold", "area": 969.75}, "geometry": {"type": "Polygon", "coordinates": [[[10441.5, 9279.0], [10440.0, 9280.5], [10438.5, 9280.5], [10435.5, 9283.5], [10435.5, 9285.0], [10434.0, 9286.5], [10434.0, 9288.0], [10432.5, 9289.5], [10432.5, 9292.5], [10431.0, 9294.0], [10431.0, 9303.0], [10432.5, 9304.5], [10432.5, 9306.0], [10435.5, 9309.0], [10447.5, 9309.0], [10455.0, 9316.5], [10455.0, 9318.0], [10456.5, 9319.5], [10458.0, 9319.5], [10459.5, 9321.0], [10464.0, 9321.0], [10465.5, 9319.5], [10467.0, 9319.5], [10471.5, 9315.0], [10471.5, 9313.5], [10473.0, 9312.0], [10473.0, 9306.0], [10471.5, 9304.5], [10470.0, 9304.5], [10468.5, 9303.0], [10465.5, 9303.0], [10464.0, 9301.5], [10462.5, 9301.5], [10458.0, 9297.0], [10458.0, 9294.0], [10456.5, 9292.5], [10456.5, 9291.0], [10455.0, 9289.5], [10455.0, 9288.0], [10452.0, 9285.0], [10452.0, 9283.5], [10450.5, 9282.0], [10449.0, 9282.0], [10447.5, 9280.5], [10446.0, 9280.5], [10444.5, 9279.0], [10441.5, 9279.0]]]}}, {"type": "Feature", "properties": {"class_id": 2, "classification": "Fold", "area": 1.125}, "geometry": {"type": "Polygon", "coordinates": [[[30180.0, 8439.0], [30181.5, 8439.0], [30180.0, 8437.5], [30180.0, 8439.0]]]}}, {"type": "Feature", "properties": {"class_id": 2, "classification": "Fold", "area": 50.625}, "geometry": {"type": "Polygon", "coordinates": [[[29952.0, 8395.5], [29952.0, 8410.5], [29953.5, 8410.5], [29956.5, 8407.5], [29956.5, 8401.5], [29955.0, 8400.0], [29955.0, 8398.5], [29952.0, 8395.5]]]}}, {"type": "Feature", "properties": {"class_id": 2, "classification": "Fold", "area": 282.375}, "geometry": {"type": "Polygon", "coordinates": [[[21507.0, 7575.0], [21505.5, 7576.5], [21504.0, 7576.5], [21504.0, 7609.5], [21507.0, 7609.5], [21507.0, 7608.0], [21508.5, 7606.5], [21508.5, 7605.0], [21511.5, 7602.0], [21511.5, 7600.5], [21514.5, 7597.5], [21514.5, 7596.0], [21516.0, 7594.5], [21516.0, 7587.0], [21514.5, 7585.5], [21514.5, 7584.0], [21508.5, 7578.0], [21508.5, 7576.5], [21507.0, 7575.0]]]}}, {"type": "Feature", "properties": {"class_id": 2, "classification": "Fold", "area": 270.0}, "geometry": {"type": "Polygon", "coordinates": [[[19200.0, 7380.0], [19200.0, 7437.0], [19201.5, 7437.0], [19203.0, 7435.5], [19203.0, 7434.0], [19204.5, 7432.5], [19204.5, 7429.5], [19206.0, 7428.0], [19206.0, 7426.5], [19207.5, 7425.0], [19207.5, 7423.5], [19209.0, 7422.0], [19209.0, 7420.5], [19207.5, 7420.5], [19206.0, 7419.0], [19206.0, 7398.0], [19204.5, 7396.5], [19204.5, 7395.0], [19203.0, 7393.5], [19203.0, 7392.0], [19201.5, 7390.5], [19201.5, 7381.5], [19200.0, 7380.0]]]}}, {"type": "Feature", "properties": {"class_id": 2, "classification": "Fold", "area": 766.125}, "geometry": {"type": "Polygon", "coordinates": [[[19200.0, 7222.5], [19200.0, 7296.0], [19201.5, 7296.0], [19203.0, 7294.5], [19203.0, 7293.0], [19204.5, 7291.5], [19204.5, 7290.0], [19206.0, 7288.5], [19206.0, 7287.0], [19207.5, 7285.5], [19213.5, 7285.5], [19216.5, 7288.5], [19218.0, 7288.5], [19219.5, 7290.0], [19219.5, 7273.5], [19218.0, 7272.0], [19218.0, 7266.0], [19216.5, 7266.0], [19212.0, 7261.5], [19212.0, 7260.0], [19210.5, 7258.5], [19210.5, 7255.5], [19212.0, 7254.0], [19212.0, 7252.5], [19209.0, 7249.5], [19209.0, 7248.0], [19207.5, 7246.5], [19207.5, 7245.0], [19206.0, 7243.5], [19206.0, 7239.0], [19204.5, 7237.5], [19204.5, 7228.5], [19203.0, 7227.0], [19203.0, 7225.5], [19200.0, 7222.5]]]}}, {"type": "Feature", "properties": {"class_id": 2, "classification": "Fold", "area": 177.75}, "geometry": {"type": "Polygon", "coordinates": [[[13059.0, 7132.5], [13057.5, 7134.0], [13056.0, 7134.0], [13056.0, 7138.5], [13057.5, 7140.0], [13060.5, 7140.0], [13062.0, 7141.5], [13063.5, 7141.5], [13065.0, 7143.0], [13069.5, 7143.0], [13071.0, 7141.5], [13072.5, 7141.5], [13074.0, 7140.0], [13075.5, 7140.0], [13077.0, 7138.5], [13077.0, 7134.0], [13075.5, 7132.5], [13059.0, 7132.5]]]}}, {"type": "Feature", "properties": {"class_id": 2, "classification": "Fold", "area": 877.5}, "geometry": {"type": "Polygon", "coordinates": [[[11520.0, 6912.0], [11520.0, 6954.0], [11526.0, 6954.0], [11529.0, 6951.0], [11530.5, 6951.0], [11533.5, 6948.0], [11535.0, 6948.0], [11536.5, 6946.5], [11536.5, 6945.0], [11539.5, 6942.0], [11539.5, 6940.5], [11541.0, 6939.0], [11541.0, 6934.5], [11542.5, 6933.0], [11542.5, 6930.0], [11544.0, 6928.5], [11544.0, 6925.5], [11545.5, 6924.0], [11545.5, 6921.0], [11547.0, 6919.5], [11547.0, 6912.0], [11520.0, 6912.0]]]}}, {"type": "Feature", "properties": {"class_id": 2, "classification": "Fold", "area": 371.25}, "geometry": {"type": "Polygon", "coordinates": [[[19963.5, 6838.5], [19963.5, 6841.5], [19962.0, 6843.0], [19962.0, 6858.0], [19960.5, 6859.5], [19960.5, 6864.0], [19959.0, 6865.5], [19959.0, 6891.0], [19960.5, 6892.5], [19960.5, 6895.5], [19962.0, 6897.0], [19962.0, 6898.5], [19963.5, 6900.0], [19963.5, 6901.5], [19966.5, 6901.5], [19966.5, 6838.5], [19963.5, 6838.5]]]}}, {"type": "Feature", "properties": {"class_id": 2, "classification": "Fold", "area": 545.625}, "geometry": {"type": "Polygon", "coordinates": [[[19957.5, 6753.0], [19957.5, 6754.5], [19956.0, 6756.0], [19957.5, 6757.5], [19957.5, 6760.5], [19959.0, 6762.0], [19959.0, 6769.5], [19957.5, 6771.0], [19957.5, 6778.5], [19956.0, 6780.0], [19956.0, 6783.0], [19954.5, 6784.5], [19954.5, 6793.5], [19956.0, 6795.0], [19956.0, 6796.5], [19957.5, 6798.0], [19957.5, 6799.5], [19959.0, 6801.0], [19959.0, 6805.5], [19960.5, 6807.0], [19960.5, 6810.0], [19962.0, 6811.5], [19962.0, 6813.0], [19963.5, 6814.5], [19963.5, 6817.5], [19966.5, 6817.5], [19966.5, 6754.5], [19962.0, 6754.5], [19960.5, 6753.0], [19957.5, 6753.0]]]}}, {"type": "Feature", "properties": {"class_id": 2, "classification": "Fold", "area": 51.75}, "geometry": {"type": "Polygon", "coordinates": [[[11176.5, 6684.0], [11175.0, 6685.5], [11173.5, 6685.5], [11173.5, 6691.5], [11179.5, 6691.5], [11181.0, 6690.0], [11181.0, 6684.0], [11176.5, 6684.0]]]}}, {"type": "Feature", "properties": {"class_id": 2, "classification": "Fold", "area": 1125.0}, "geometry": {"type": "Polygon", "coordinates": [[[19953.0, 6583.5], [19951.5, 6585.0], [19951.5, 6589.5], [19953.0, 6591.0], [19953.0, 6592.5], [19954.5, 6592.5], [19957.5, 6595.5], [19957.5, 6597.0], [19959.0, 6598.5], [19959.0, 6606.0], [19957.5, 6607.5], [19956.0, 6607.5], [19953.0, 6610.5], [19953.0, 6612.0], [19951.5, 6613.5], [19951.5, 6619.5], [19956.0, 6624.0], [19956.0, 6625.5], [19957.5, 6627.0], [19957.5, 6628.5], [19959.0, 6630.0], [19959.0, 6648.0], [19960.5, 6649.5], [19960.5, 6651.0], [19959.0, 6652.5], [19959.0, 6654.0], [19957.5, 6655.5], [19956.0, 6655.5], [19956.0, 6658.5], [19957.5, 6660.0], [19957.5, 6663.0], [19959.0, 6664.5], [19959.0, 6666.0], [19960.5, 6667.5], [19960.5, 6669.0], [19962.0, 6670.5], [19962.0, 6672.0], [19963.5, 6673.5], [19963.5, 6675.0], [19965.0, 6676.5], [19965.0, 6678.0], [19963.5, 6679.5], [19963.5, 6684.0], [19962.0, 6685.5], [19962.0, 6691.5], [19960.5, 6693.0], [19960.5, 6699.0], [19959.0, 6700.5], [19959.0, 6714.0], [19960.5, 6715.5], [19960.5, 6718.5], [19962.0, 6720.0], [19962.0, 6727.5], [19965.0, 6730.5], [19966.5, 6730.5], [19966.5, 6588.0], [19965.0, 6588.0], [19963.5, 6586.5], [19959.0, 6586.5], [19956.0, 6583.5], [19953.0, 6583.5]]]}}, {"type": "Feature", "properties": {"class_id": 2, "classification": "Fold", "area": 1145.25}, "geometry": {"type": "Polygon", "coordinates": [[[19963.5, 6459.0], [19962.0, 6460.5], [19962.0, 6462.0], [19960.5, 6463.5], [19960.5, 6466.5], [19959.0, 6468.0], [19959.0, 6478.5], [19957.5, 6480.0], [19957.5, 6483.0], [19956.0, 6484.5], [19956.0, 6504.0], [19954.5, 6505.5], [19954.5, 6507.0], [19953.0, 6508.5], [19953.0, 6522.0], [19951.5, 6523.5], [19951.5, 6525.0], [19953.0, 6526.5], [19953.0, 6531.0], [19954.5, 6532.5], [19954.5, 6538.5], [19956.0, 6540.0], [19956.0, 6547.5], [19957.5, 6549.0], [19957.5, 6555.0], [19959.0, 6556.5], [19959.0, 6559.5], [19960.5, 6559.5], [19962.0, 6561.0], [19962.0, 6562.5], [19960.5, 6564.0], [19960.5, 6565.5], [19963.5, 6568.5], [19963.5, 6573.0], [19960.5, 6576.0], [19960.5, 6579.0], [19962.0, 6580.5], [19962.0, 6582.0], [19963.5, 6582.0], [19965.0, 6583.5], [19966.5, 6582.0], [19966.5, 6459.0], [19963.5, 6459.0]]]}}, {"type": "Feature", "properties": {"class_id": 2, "classification": "Fold", "area": 222.75}, "geometry": {"type": "Polygon", "coordinates": [[[26880.0, 5253.0], [26880.0, 5289.0], [26884.5, 5284.5], [26884.5, 5281.5], [26886.0, 5280.0], [26886.0, 5266.5], [26887.5, 5265.0], [26887.5, 5263.5], [26889.0, 5262.0], [26889.0, 5253.0], [26887.5, 5254.5], [26886.0, 5254.5], [26884.5, 5253.0], [26880.0, 5253.0]]]}}, {"type": "Feature", "properties": {"class_id": 2, "classification": "Fold", "area": 1078.875}, "geometry": {"type": "Polygon", "coordinates": [[[22047.0, 4090.5], [22041.0, 4096.5], [22041.0, 4098.0], [22038.0, 4101.0], [22038.0, 4102.5], [22036.5, 4104.0], [22036.5, 4114.5], [22038.0, 4116.0], [22038.0, 4119.0], [22039.5, 4120.5], [22039.5, 4122.0], [22041.0, 4123.5], [22041.0, 4126.5], [22048.5, 4134.0], [22057.5, 4134.0], [22059.0, 4132.5], [22060.5, 4132.5], [22062.0, 4131.0], [22063.5, 4131.0], [22066.5, 4128.0], [22066.5, 4126.5], [22068.0, 4125.0], [22068.0, 4123.5], [22069.5, 4122.0], [22069.5, 4117.5], [22068.0, 4116.0], [22068.0, 4113.0], [22066.5, 4111.5], [22066.5, 4108.5], [22065.0, 4107.0], [22065.0, 4104.0], [22063.5, 4102.5], [22063.5, 4099.5], [22062.0, 4098.0], [22062.0, 4096.5], [22060.5, 4095.0], [22060.5, 4093.5], [22059.0, 4092.0], [22057.5, 4092.0], [22056.0, 4090.5], [22047.0, 4090.5]]]}}, {"type": "Feature", "properties": {"class_id": 2, "classification": "Fold", "area": 1501.875}, "geometry": {"type": "Polygon", "coordinates": [[[18744.0, 3840.0], [18744.0, 3849.0], [18735.0, 3858.0], [18733.5, 3858.0], [18729.0, 3862.5], [18727.5, 3862.5], [18724.5, 3865.5], [18724.5, 3870.0], [18726.0, 3871.5], [18726.0, 3873.0], [18733.5, 3880.5], [18735.0, 3880.5], [18736.5, 3882.0], [18747.0, 3882.0], [18748.5, 3880.5], [18751.5, 3880.5], [18754.5, 3877.5], [18756.0, 3877.5], [18774.0, 3859.5], [18774.0, 3858.0], [18775.5, 3856.5], [18775.5, 3855.0], [18777.0, 3853.5], [18777.0, 3852.0], [18780.0, 3849.0], [18780.0, 3847.5], [18781.5, 3846.0], [18781.5, 3843.0], [18783.0, 3841.5], [18783.0, 3840.0], [18744.0, 3840.0]]]}}, {"type": "Feature", "properties": {"class_id": 2, "classification": "Fold", "area": 29.25}, "geometry": {"type": "Polygon", "coordinates": [[[1389.0, 3072.0], [1392.0, 3075.0], [1398.0, 3075.0], [1399.5, 3073.5], [1401.0, 3073.5], [1402.5, 3072.0], [1389.0, 3072.0]]]}}, {"type": "Feature", "properties": {"class_id": 2, "classification": "Fold", "area": 425.25}, "geometry": {"type": "Polygon", "coordinates": [[[765.0, 2379.0], [763.5, 2380.5], [763.5, 2382.0], [762.0, 2383.5], [762.0, 2386.5], [760.5, 2388.0], [760.5, 2391.0], [759.0, 2392.5], [759.0, 2400.0], [760.5, 2401.5], [760.5, 2424.0], [759.0, 2425.5], [759.0, 2431.5], [760.5, 2433.0], [760.5, 2439.0], [762.0, 2440.5], [762.0, 2448.0], [763.5, 2449.5], [763.5, 2452.5], [765.0, 2454.0], [766.5, 2454.0], [766.5, 2379.0], [765.0, 2379.0]]]}}, {"type": "Feature", "properties": {"class_id": 2, "classification": "Fold", "area": 18.0}, "geometry": {"type": "Polygon", "coordinates": [[[2283.0, 2299.5], [2281.5, 2301.0], [2281.5, 2302.5], [2289.0, 2302.5], [2289.0, 2301.0], [2287.5, 2301.0], [2286.0, 2299.5], [2283.0, 2299.5]]]}}, {"type": "Feature", "properties": {"class_id": 2, "classification": "Fold", "area": 281.25}, "geometry": {"type": "Polygon", "coordinates": [[[19857.0, 2289.0], [19851.0, 2295.0], [19851.0, 2296.5], [19849.5, 2298.0], [19849.5, 2302.5], [19875.0, 2302.5], [19875.0, 2296.5], [19869.0, 2290.5], [19866.0, 2290.5], [19864.5, 2289.0], [19857.0, 2289.0]]]}}, {"type": "Feature", "properties": {"class_id": 2, "classification": "Fold", "area": 22.5}, "geometry": {"type": "Polygon", "coordinates": [[[9594.0, 1882.5], [9591.0, 1885.5], [9591.0, 1887.0], [9597.0, 1887.0], [9597.0, 1882.5], [9594.0, 1882.5]]]}}, {"type": "Feature", "properties": {"class_id": 2, "classification": "Fold", "area": 354.375}, "geometry": {"type": "Polygon", "coordinates": [[[19809.0, 1654.5], [19806.0, 1657.5], [19804.5, 1657.5], [19804.5, 1660.5], [19803.0, 1662.0], [19803.0, 1665.0], [19804.5, 1666.5], [19804.5, 1669.5], [19809.0, 1674.0], [19819.5, 1674.0], [19824.0, 1669.5], [19824.0, 1668.0], [19825.5, 1666.5], [19825.5, 1660.5], [19821.0, 1656.0], [19818.0, 1656.0], [19816.5, 1654.5], [19809.0, 1654.5]]]}}, {"type": "Feature", "properties": {"class_id": 2, "classification": "Fold", "area": 14563.125}, "geometry": {"type": "Polygon", "coordinates": [[[20736.0, 1536.0], [20736.0, 1704.0], [20739.0, 1704.0], [20739.0, 1702.5], [20742.0, 1699.5], [20743.5, 1699.5], [20745.0, 1701.0], [20754.0, 1701.0], [20755.5, 1699.5], [20758.5, 1699.5], [20760.0, 1698.0], [20766.0, 1698.0], [20767.5, 1699.5], [20767.5, 1710.0], [20769.0, 1711.5], [20770.5, 1711.5], [20772.0, 1713.0], [20773.5, 1713.0], [20775.0, 1714.5], [20776.5, 1714.5], [20778.0, 1716.0], [20782.5, 1716.0], [20784.0, 1714.5], [20784.0, 1707.0], [20785.5, 1705.5], [20785.5, 1698.0], [20787.0, 1696.5], [20787.0, 1693.5], [20788.5, 1692.0], [20788.5, 1690.5], [20790.0, 1689.0], [20790.0, 1686.0], [20791.5, 1684.5], [20791.5, 1681.5], [20793.0, 1680.0], [20793.0, 1678.5], [20799.0, 1672.5], [20799.0, 1671.0], [20800.5, 1669.5], [20800.5, 1668.0], [20802.0, 1666.5], [20802.0, 1665.0], [20803.5, 1663.5], [20803.5, 1662.0], [20805.0, 1660.5], [20805.0, 1657.5], [20806.5, 1656.0], [20806.5, 1648.5], [20808.0, 1647.0], [20808.0, 1645.5], [20811.0, 1642.5], [20812.5, 1642.5], [20814.0, 1641.0], [20817.0, 1641.0], [20817.0, 1638.0], [20820.0, 1635.0], [20821.5, 1635.0], [20823.0, 1633.5], [20824.5, 1633.5], [20824.5, 1632.0], [20826.0, 1630.5], [20826.0, 1627.5], [20824.5, 1626.0], [20824.5, 1624.5], [20821.5, 1621.5], [20820.0, 1621.5], [20815.5, 1617.0], [20815.5, 1615.5], [20817.0, 1614.0], [20820.0, 1614.0], [20820.0, 1612.5], [20821.5, 1611.0], [20821.5, 1609.5], [20823.0, 1608.0], [20823.0, 1605.0], [20827.5, 1600.5], [20829.0, 1602.0], [20833.5, 1597.5], [20833.5, 1588.5], [20835.0, 1587.0], [20836.5, 1587.0], [20839.5, 1584.0], [20839.5, 1581.0], [20841.0, 1579.5], [20841.0, 1575.0], [20851.5, 1564.5], [20851.5, 1563.0], [20853.0, 1561.5], [20853.0, 1560.0], [20856.0, 1557.0], [20856.0, 1555.5], [20857.5, 1554.0], [20857.5, 1549.5], [20859.0, 1548.0], [20859.0, 1539.0], [20860.5, 1537.5], [20860.5, 1536.0], [20736.0, 1536.0]]]}}, {"type": "Feature", "properties": {"class_id": 2, "classification": "Fold", "area": 2.25}, "geometry": {"type": "Polygon", "coordinates": [[[26164.5, 1533.0], [26164.5, 1534.5], [26166.0, 1534.5], [26166.0, 1533.0], [26164.5, 1533.0]]]}}, {"type": "Feature", "properties": {"class_id": 2, "classification": "Fold", "area": 9.0}, "geometry": {"type": "Polygon", "coordinates": [[[26143.5, 1533.0], [26145.0, 1533.0], [26146.5, 1531.5], [26145.0, 1531.5], [26143.5, 1530.0], [26140.5, 1530.0], [26143.5, 1533.0]]]}}, {"type": "Feature", "properties": {"class_id": 2, "classification": "Fold", "area": 9.0}, "geometry": {"type": "Polygon", "coordinates": [[[25839.0, 1492.5], [25837.5, 1494.0], [25845.0, 1494.0], [25843.5, 1492.5], [25839.0, 1492.5]]]}}, {"type": "Feature", "properties": {"class_id": 2, "classification": "Fold", "area": 139.5}, "geometry": {"type": "Polygon", "coordinates": [[[8367.0, 1473.0], [8364.0, 1473.0], [8362.5, 1474.5], [8358.0, 1474.5], [8362.5, 1479.0], [8364.0, 1479.0], [8365.5, 1480.5], [8368.5, 1480.5], [8370.0, 1479.0], [8371.5, 1479.0], [8373.0, 1477.5], [8374.5, 1477.5], [8376.0, 1476.0], [8380.5, 1476.0], [8382.0, 1474.5], [8383.5, 1474.5], [8385.0, 1473.0], [8386.5, 1473.0], [8388.0, 1471.5], [8368.5, 1471.5], [8367.0, 1473.0]]]}}, {"type": "Feature", "properties": {"class_id": 2, "classification": "Fold", "area": 3.375}, "geometry": {"type": "Polygon", "coordinates": [[[16896.0, 475.5], [16896.0, 477.0], [16897.5, 477.0], [16899.0, 475.5], [16896.0, 475.5]]]}}, {"type": "Feature", "properties": {"class_id": 2, "classification": "Fold", "area": 43.875}, "geometry": {"type": "Polygon", "coordinates": [[[16896.0, 403.5], [16896.0, 411.0], [16894.5, 412.5], [16894.5, 415.5], [16897.5, 412.5], [16899.0, 412.5], [16900.5, 411.0], [16900.5, 405.0], [16899.0, 403.5], [16896.0, 403.5]]]}}, {"type": "Feature", "properties": {"class_id": 3, "classification": "Darkspot & Foreign Object", "area": 9.0}, "geometry": {"type": "Polygon", "coordinates": [[[16380.0, 22267.5], [16378.5, 22269.0], [16380.0, 22270.5], [16381.5, 22270.5], [16383.0, 22269.0], [16381.5, 22267.5], [16380.0, 22267.5]]]}}, {"type": "Feature", "properties": {"class_id": 3, "classification": "Darkspot & Foreign Object", "area": 132.75}, "geometry": {"type": "Polygon", "coordinates": [[[18591.0, 22260.0], [18586.5, 22264.5], [18586.5, 22266.0], [18585.0, 22267.5], [18585.0, 22270.5], [18600.0, 22270.5], [18600.0, 22263.0], [18597.0, 22260.0], [18591.0, 22260.0]]]}}, {"type": "Feature", "properties": {"class_id": 3, "classification": "Darkspot & Foreign Object", "area": 146.25}, "geometry": {"type": "Polygon", "coordinates": [[[16125.0, 22228.5], [16123.5, 22230.0], [16122.0, 22230.0], [16122.0, 22231.5], [16120.5, 22233.0], [16120.5, 22236.0], [16119.0, 22237.5], [16119.0, 22242.0], [16117.5, 22243.5], [16117.5, 22248.0], [16119.0, 22249.5], [16119.0, 22251.0], [16122.0, 22251.0], [16126.5, 22246.5], [16126.5, 22228.5], [16125.0, 22228.5]]]}}, {"type": "Feature", "properties": {"class_id": 3, "classification": "Darkspot & Foreign Object", "area": 878.625}, "geometry": {"type": "Polygon", "coordinates": [[[6673.5, 22135.5], [6672.0, 22137.0], [6669.0, 22137.0], [6667.5, 22138.5], [6666.0, 22138.5], [6663.0, 22141.5], [6661.5, 22141.5], [6661.5, 22143.0], [6660.0, 22144.5], [6660.0, 22146.0], [6658.5, 22147.5], [6658.5, 22152.0], [6660.0, 22153.5], [6660.0, 22158.0], [6663.0, 22161.0], [6663.0, 22162.5], [6666.0, 22165.5], [6667.5, 22165.5], [6670.5, 22168.5], [6673.5, 22168.5], [6675.0, 22170.0], [6678.0, 22170.0], [6679.5, 22168.5], [6682.5, 22168.5], [6688.5, 22162.5], [6688.5, 22161.0], [6690.0, 22159.5], [6690.0, 22156.5], [6691.5, 22155.0], [6691.5, 22149.0], [6690.0, 22147.5], [6690.0, 22140.0], [6685.5, 22135.5], [6673.5, 22135.5]]]}}, {"type": "Feature", "properties": {"class_id": 3, "classification": "Darkspot & Foreign Object", "area": 135.0}, "geometry": {"type": "Polygon", "coordinates": [[[14455.5, 21960.0], [14455.5, 21963.0], [14454.0, 21964.5], [14452.5, 21964.5], [14452.5, 21967.5], [14454.0, 21969.0], [14454.0, 21973.5], [14461.5, 21973.5], [14463.0, 21975.0], [14466.0, 21975.0], [14466.0, 21966.0], [14464.5, 21964.5], [14461.5, 21964.5], [14460.0, 21963.0], [14460.0, 21961.5], [14457.0, 21961.5], [14455.5, 21960.0]]]}}, {"type": "Feature", "properties": {"class_id": 3, "classification": "Darkspot & Foreign Object", "area": 312.75}, "geometry": {"type": "Polygon", "coordinates": [[[14484.0, 21942.0], [14484.0, 21943.5], [14481.0, 21946.5], [14481.0, 21949.5], [14479.5, 21951.0], [14479.5, 21955.5], [14478.0, 21957.0], [14478.0, 21961.5], [14476.5, 21963.0], [14476.5, 21966.0], [14475.0, 21967.5], [14475.0, 21969.0], [14476.5, 21970.5], [14476.5, 21973.5], [14481.0, 21973.5], [14482.5, 21972.0], [14484.0, 21972.0], [14490.0, 21966.0], [14490.0, 21964.5], [14493.0, 21961.5], [14491.5, 21961.5], [14488.5, 21958.5], [14488.5, 21948.0], [14490.0, 21946.5], [14490.0, 21943.5], [14488.5, 21942.0], [14484.0, 21942.0]]]}}, {"type": "Feature", "properties": {"class_id": 3, "classification": "Darkspot & Foreign Object", "area": 911.25}, "geometry": {"type": "Polygon", "coordinates": [[[14353.5, 21877.5], [14356.5, 21880.5], [14356.5, 21885.0], [14355.0, 21886.5], [14356.5, 21888.0], [14356.5, 21889.5], [14365.5, 21898.5], [14365.5, 21900.0], [14373.0, 21907.5], [14376.0, 21907.5], [14377.5, 21906.0], [14379.0, 21906.0], [14380.5, 21904.5], [14389.5, 21904.5], [14391.0, 21903.0], [14392.5, 21903.0], [14392.5, 21900.0], [14394.0, 21898.5], [14392.5, 21897.0], [14392.5, 21889.5], [14391.0, 21888.0], [14391.0, 21886.5], [14389.5, 21885.0], [14389.5, 21883.5], [14388.0, 21883.5], [14385.0, 21880.5], [14383.5, 21880.5], [14382.0, 21879.0], [14377.5, 21879.0], [14376.0, 21877.5], [14374.5, 21879.0], [14373.0, 21879.0], [14370.0, 21876.0], [14368.5, 21876.0], [14364.0, 21871.5], [14356.5, 21871.5], [14353.5, 21874.5], [14353.5, 21877.5]]]}}, {"type": "Feature", "properties": {"class_id": 3, "classification": "Darkspot & Foreign Object", "area": 1229.625}, "geometry": {"type": "Polygon", "coordinates": [[[7333.5, 21870.0], [7332.0, 21871.5], [7329.0, 21871.5], [7327.5, 21873.0], [7326.0, 21873.0], [7323.0, 21876.0], [7323.0, 21877.5], [7320.0, 21880.5], [7320.0, 21882.0], [7318.5, 21883.5], [7318.5, 21888.0], [7317.0, 21889.5], [7317.0, 21898.5], [7318.5, 21900.0], [7318.5, 21903.0], [7321.5, 21906.0], [7321.5, 21907.5], [7326.0, 21912.0], [7327.5, 21912.0], [7329.0, 21913.5], [7332.0, 21913.5], [7333.5, 21915.0], [7338.0, 21915.0], [7339.5, 21913.5], [7341.0, 21913.5], [7342.5, 21912.0], [7344.0, 21912.0], [7348.5, 21907.5], [7348.5, 21906.0], [7351.5, 21903.0], [7351.5, 21901.5], [7353.0, 21900.0], [7353.0, 21886.5], [7351.5, 21885.0], [7351.5, 21883.5], [7350.0, 21882.0], [7350.0, 21880.5], [7342.5, 21873.0], [7341.0, 21873.0], [7339.5, 21871.5], [7335.0, 21871.5], [7333.5, 21870.0]]]}}, {"type": "Feature", "properties": {"class_id": 3, "classification": "Darkspot & Foreign Object", "area": 8586.0}, "geometry": {"type": "Polygon", "coordinates": [[[10278.0, 21508.5], [10276.5, 21510.0], [10278.0, 21511.5], [10278.0, 21526.5], [10279.5, 21528.0], [10279.5, 21541.5], [10278.0, 21543.0], [10278.0, 21550.5], [10276.5, 21552.0], [10278.0, 21553.5], [10278.0, 21555.0], [10279.5, 21556.5], [10279.5, 21558.0], [10281.0, 21558.0], [10284.0, 21561.0], [10284.0, 21562.5], [10285.5, 21564.0], [10285.5, 21565.5], [10287.0, 21567.0], [10287.0, 21573.0], [10288.5, 21574.5], [10288.5, 21582.0], [10285.5, 21585.0], [10281.0, 21585.0], [10278.0, 21582.0], [10275.0, 21585.0], [10266.0, 21585.0], [10264.5, 21586.5], [10263.0, 21586.5], [10261.5, 21588.0], [10260.0, 21588.0], [10255.5, 21592.5], [10255.5, 21594.0], [10248.0, 21601.5], [10246.5, 21601.5], [10246.5, 21603.0], [10245.0, 21604.5], [10245.0, 21606.0], [10243.5, 21607.5], [10243.5, 21609.0], [10242.0, 21610.5], [10242.0, 21615.0], [10243.5, 21613.5], [10245.0, 21613.5], [10245.0, 21612.0], [10248.0, 21609.0], [10248.0, 21607.5], [10254.0, 21601.5], [10263.0, 21601.5], [10264.5, 21600.0], [10266.0, 21600.0], [10269.0, 21597.0], [10270.5, 21597.0], [10272.0, 21595.5], [10273.5, 21595.5], [10275.0, 21594.0], [10279.5, 21598.5], [10279.5, 21603.0], [10281.0, 21604.5], [10281.0, 21609.0], [10282.5, 21610.5], [10282.5, 21612.0], [10285.5, 21615.0], [10285.5, 21616.5], [10287.0, 21618.0], [10287.0, 21624.0], [10288.5, 21625.5], [10288.5, 21630.0], [10290.0, 21631.5], [10290.0, 21633.0], [10291.5, 21633.0], [10291.5, 21630.0], [10290.0, 21628.5], [10290.0, 21613.5], [10291.5, 21612.0], [10291.5, 21609.0], [10294.5, 21606.0], [10294.5, 21604.5], [10299.0, 21600.0], [10300.5, 21600.0], [10302.0, 21598.5], [10306.5, 21598.5], [10308.0, 21600.0], [10311.0, 21600.0], [10314.0, 21603.0], [10314.0, 21604.5], [10315.5, 21606.0], [10315.5, 21612.0], [10318.5, 21615.0], [10324.5, 21615.0], [10327.5, 21612.0], [10327.5, 21610.5], [10330.5, 21607.5], [10330.5, 21606.0], [10332.0, 21604.5], [10335.0, 21604.5], [10339.5, 21609.0], [10339.5, 21610.5], [10341.0, 21612.0], [10342.5, 21612.0], [10344.0, 21613.5], [10345.5, 21613.5], [10347.0, 21615.0], [10351.5, 21615.0], [10353.0, 21616.5], [10359.0, 21616.5], [10360.5, 21618.0], [10362.0, 21616.5], [10362.0, 21613.5], [10360.5, 21612.0], [10360.5, 21610.5], [10359.0, 21609.0], [10359.0, 21607.5], [10357.5, 21606.0], [10357.5, 21604.5], [10356.0, 21603.0], [10356.0, 21601.5], [10354.5, 21600.0], [10354.5, 21597.0], [10353.0, 21595.5], [10353.0, 21586.5], [10354.5, 21585.0], [10354.5, 21579.0], [10353.0, 21577.5], [10353.0, 21567.0], [10351.5, 21565.5], [10351.5, 21555.0], [10353.0, 21553.5], [10353.0, 21549.0], [10356.0, 21546.0], [10356.0, 21544.5], [10360.5, 21540.0], [10360.5, 21538.5], [10365.0, 21534.0], [10365.0, 21532.5], [10366.5, 21531.0], [10366.5, 21519.0], [10368.0, 21517.5], [10368.0, 21507.0], [10366.5, 21505.5], [10366.5, 21504.0], [10278.0, 21504.0], [10278.0, 21508.5]]]}}, {"type": "Feature", "properties": {"class_id": 3, "classification": "Darkspot & Foreign Object", "area": 18.0}, "geometry": {"type": "Polygon", "coordinates": [[[9957.0, 20805.0], [9957.0, 20806.5], [9958.5, 20808.0], [9961.5, 20808.0], [9963.0, 20806.5], [9964.5, 20806.5], [9964.5, 20805.0], [9957.0, 20805.0]]]}}, {"type": "Feature", "properties": {"class_id": 3, "classification": "Darkspot & Foreign Object", "area": 23051.25}, "geometry": {"type": "Polygon", "coordinates": [[[10027.5, 20718.0], [10026.0, 20719.5], [10024.5, 20719.5], [10023.0, 20721.0], [10021.5, 20721.0], [10020.0, 20722.5], [10018.5, 20722.5], [10017.0, 20724.0], [10015.5, 20722.5], [10012.5, 20722.5], [10011.0, 20721.0], [10005.0, 20721.0], [10003.5, 20722.5], [10002.0, 20722.5], [10000.5, 20724.0], [9999.0, 20724.0], [9999.0, 20725.5], [9997.5, 20727.0], [9997.5, 20730.0], [9996.0, 20731.5], [9994.5, 20731.5], [9993.0, 20733.0], [9993.0, 20734.5], [9991.5, 20736.0], [9984.0, 20736.0], [9984.0, 20956.5], [9988.5, 20956.5], [9991.5, 20953.5], [9993.0, 20953.5], [9994.5, 20952.0], [10006.5, 20952.0], [10008.0, 20953.5], [10015.5, 20953.5], [10017.0, 20955.0], [10020.0, 20955.0], [10023.0, 20958.0], [10024.5, 20958.0], [10029.0, 20962.5], [10030.5, 20962.5], [10032.0, 20964.0], [10051.5, 20964.0], [10053.0, 20962.5], [10054.5, 20962.5], [10056.0, 20961.0], [10059.0, 20961.0], [10060.5, 20959.5], [10065.0, 20959.5], [10066.5, 20958.0], [10071.0, 20958.0], [10072.5, 20956.5], [10074.0, 20956.5], [10075.5, 20955.0], [10077.0, 20955.0], [10087.5, 20944.5], [10089.0, 20944.5], [10092.0, 20941.5], [10093.5, 20941.5], [10105.5, 20929.5], [10105.5, 20928.0], [10107.0, 20926.5], [10107.0, 20923.5], [10108.5, 20922.0], [10108.5, 20917.5], [10110.0, 20916.0], [10110.0, 20914.5], [10111.5, 20913.0], [10111.5, 20893.5], [10110.0, 20892.0], [10110.0, 20887.5], [10108.5, 20886.0], [10108.5, 20883.0], [10107.0, 20881.5], [10107.0, 20880.0], [10102.5, 20875.5], [10102.5, 20874.0], [10101.0, 20872.5], [10101.0, 20865.0], [10099.5, 20863.5], [10099.5, 20862.0], [10098.0, 20860.5], [10098.0, 20859.0], [10096.5, 20857.5], [10096.5, 20856.0], [10095.0, 20854.5], [10095.0, 20851.5], [10093.5, 20850.0], [10093.5, 20844.0], [10092.0, 20842.5], [10092.0, 20839.5], [10090.5, 20838.0], [10090.5, 20836.5], [10089.0, 20835.0], [10089.0, 20833.5], [10087.5, 20832.0], [10087.5, 20827.5], [10086.0, 20826.0], [10086.0, 20821.5], [10080.0, 20815.5], [10063.5, 20815.5], [10060.5, 20812.5], [10060.5, 20800.5], [10062.0, 20799.0], [10062.0, 20790.0], [10063.5, 20788.5], [10063.5, 20781.0], [10062.0, 20779.5], [10062.0, 20776.5], [10060.5, 20775.0], [10060.5, 20772.0], [10059.0, 20770.5], [10059.0, 20766.0], [10060.5, 20764.5], [10060.5, 20761.5], [10062.0, 20760.0], [10062.0, 20758.5], [10063.5, 20757.0], [10063.5, 20754.0], [10062.0, 20752.5], [10062.0, 20751.0], [10060.5, 20749.5], [10060.5, 20748.0], [10059.0, 20746.5], [10059.0, 20742.0], [10057.5, 20740.5], [10059.0, 20739.0], [10059.0, 20736.0], [10038.0, 20736.0], [10036.5, 20734.5], [10036.5, 20724.0], [10035.0, 20722.5], [10035.0, 20721.0], [10032.0, 20718.0], [10027.5, 20718.0]]]}}, {"type": "Feature", "properties": {"class_id": 3, "classification": "Darkspot & Foreign Object", "area": 227.25}, "geometry": {"type": "Polygon", "coordinates": [[[21711.0, 20218.5], [21709.5, 20220.0], [21706.5, 20220.0], [21705.0, 20221.5], [21703.5, 20221.5], [21702.0, 20223.0], [21696.0, 20223.0], [21697.5, 20224.5], [21697.5, 20230.5], [21696.0, 20232.0], [21697.5, 20233.5], [21697.5, 20236.5], [21700.5, 20236.5], [21706.5, 20230.5], [21712.5, 20230.5], [21714.0, 20229.0], [21715.5, 20229.0], [21717.0, 20227.5], [21717.0, 20218.5], [21711.0, 20218.5]]]}}, {"type": "Feature", "properties": {"class_id": 3, "classification": "Darkspot & Foreign Object", "area": 37710.0}, "geometry": {"type": "Polygon", "coordinates": [[[11563.5, 19968.0], [11563.5, 19980.0], [11562.0, 19981.5], [11562.0, 19987.5], [11560.5, 19989.0], [11560.5, 19999.5], [11559.0, 20001.0], [11559.0, 20004.0], [11557.5, 20005.5], [11557.5, 20008.5], [11556.0, 20010.0], [11556.0, 20013.0], [11554.5, 20014.5], [11554.5, 20017.5], [11553.0, 20019.0], [11553.0, 20035.5], [11554.5, 20037.0], [11554.5, 20041.5], [11556.0, 20043.0], [11556.0, 20044.5], [11557.5, 20046.0], [11557.5, 20047.5], [11562.0, 20052.0], [11562.0, 20053.5], [11565.0, 20056.5], [11566.5, 20056.5], [11569.5, 20059.5], [11571.0, 20059.5], [11575.5, 20064.0], [11575.5, 20065.5], [11577.0, 20067.0], [11578.5, 20067.0], [11581.5, 20070.0], [11584.5, 20070.0], [11586.0, 20071.5], [11587.5, 20071.5], [11601.0, 20085.0], [11601.0, 20086.5], [11602.5, 20088.0], [11602.5, 20089.5], [11605.5, 20089.5], [11608.5, 20092.5], [11610.0, 20092.5], [11616.0, 20098.5], [11617.5, 20098.5], [11620.5, 20101.5], [11620.5, 20103.0], [11622.0, 20103.0], [11623.5, 20104.5], [11628.0, 20104.5], [11629.5, 20106.0], [11635.5, 20106.0], [11637.0, 20107.5], [11649.0, 20107.5], [11650.5, 20109.0], [11659.5, 20109.0], [11661.0, 20110.5], [11695.5, 20110.5], [11697.0, 20112.0], [11700.0, 20112.0], [11701.5, 20113.5], [11703.0, 20113.5], [11704.5, 20115.0], [11707.5, 20115.0], [11709.0, 20116.5], [11710.5, 20116.5], [11712.0, 20118.0], [11733.0, 20118.0], [11734.5, 20116.5], [11745.0, 20116.5], [11746.5, 20115.0], [11752.5, 20115.0], [11754.0, 20113.5], [11760.0, 20113.5], [11761.5, 20112.0], [11770.5, 20112.0], [11772.0, 20110.5], [11776.5, 20110.5], [11778.0, 20109.0], [11779.5, 20109.0], [11781.0, 20107.5], [11782.5, 20107.5], [11784.0, 20106.0], [11785.5, 20106.0], [11787.0, 20104.5], [11788.5, 20104.5], [11790.0, 20103.0], [11791.5, 20103.0], [11793.0, 20101.5], [11794.5, 20101.5], [11796.0, 20100.0], [11797.5, 20100.0], [11803.5, 20094.0], [11805.0, 20094.0], [11808.0, 20091.0], [11809.5, 20091.0], [11812.5, 20088.0], [11814.0, 20088.0], [11815.5, 20086.5], [11817.0, 20086.5], [11818.5, 20085.0], [11824.5, 20085.0], [11826.0, 20083.5], [11827.5, 20083.5], [11832.0, 20079.0], [11833.5, 20079.0], [11836.5, 20076.0], [11838.0, 20076.0], [11839.5, 20074.5], [11842.5, 20074.5], [11844.0, 20073.0], [11848.5, 20073.0], [11850.0, 20074.5], [11856.0, 20074.5], [11857.5, 20073.0], [11862.0, 20073.0], [11862.0, 20065.5], [11863.5, 20064.0], [11863.5, 20061.0], [11862.0, 20059.5], [11862.0, 20058.0], [11860.5, 20056.5], [11860.5, 20055.0], [11859.0, 20053.5], [11859.0, 20052.0], [11857.5, 20050.5], [11857.5, 20049.0], [11856.0, 20047.5], [11856.0, 20046.0], [11854.5, 20044.5], [11854.5, 20041.5], [11853.0, 20040.0], [11853.0, 20038.5], [11851.5, 20037.0], [11851.5, 20035.5], [11850.0, 20034.0], [11850.0, 20032.5], [11848.5, 20031.0], [11848.5, 20029.5], [11845.5, 20026.5], [11845.5, 20025.0], [11844.0, 20023.5], [11844.0, 20022.0], [11842.5, 20020.5], [11842.5, 20019.0], [11841.0, 20017.5], [11841.0, 20016.0], [11839.5, 20014.5], [11839.5, 20013.0], [11838.0, 20011.5], [11838.0, 20008.5], [11836.5, 20007.0], [11836.5, 20004.0], [11835.0, 20002.5], [11835.0, 19998.0], [11833.5, 19996.5], [11833.5, 19993.5], [11832.0, 19992.0], [11832.0, 19984.5], [11833.5, 19983.0], [11833.5, 19981.5], [11835.0, 19980.0], [11835.0, 19978.5], [11839.5, 19974.0], [11839.5, 19972.5], [11841.0, 19971.0], [11841.0, 19968.0], [11563.5, 19968.0]]]}}, {"type": "Feature", "properties": {"class_id": 3, "classification": "Darkspot & Foreign Object", "area": 69260.625}, "geometry": {"type": "Polygon", "coordinates": [[[14524.5, 19681.5], [14523.0, 19683.0], [14518.5, 19683.0], [14517.0, 19684.5], [14512.5, 19684.5], [14511.0, 19686.0], [14508.0, 19686.0], [14506.5, 19687.5], [14502.0, 19687.5], [14500.5, 19689.0], [14499.0, 19689.0], [14497.5, 19690.5], [14496.0, 19690.5], [14490.0, 19696.5], [14488.5, 19696.5], [14485.5, 19699.5], [14484.0, 19699.5], [14482.5, 19701.0], [14481.0, 19701.0], [14479.5, 19702.5], [14478.0, 19702.5], [14476.5, 19704.0], [14475.0, 19704.0], [14466.0, 19713.0], [14466.0, 19714.5], [14463.0, 19717.5], [14463.0, 19719.0], [14461.5, 19720.5], [14461.5, 19722.0], [14460.0, 19723.5], [14460.0, 19726.5], [14458.5, 19728.0], [14458.5, 19744.5], [14460.0, 19746.0], [14460.0, 19752.0], [14461.5, 19753.5], [14461.5, 19759.5], [14463.0, 19761.0], [14463.0, 19765.5], [14464.5, 19767.0], [14464.5, 19770.0], [14466.0, 19771.5], [14466.0, 19773.0], [14473.5, 19780.5], [14473.5, 19782.0], [14479.5, 19788.0], [14479.5, 19789.5], [14487.0, 19797.0], [14487.0, 19798.5], [14490.0, 19801.5], [14490.0, 19803.0], [14491.5, 19804.5], [14491.5, 19806.0], [14494.5, 19809.0], [14494.5, 19810.5], [14496.0, 19812.0], [14496.0, 19813.5], [14497.5, 19815.0], [14497.5, 19816.5], [14500.5, 19819.5], [14500.5, 19822.5], [14502.0, 19824.0], [14502.0, 19825.5], [14505.0, 19828.5], [14505.0, 19830.0], [14506.5, 19831.5], [14506.5, 19833.0], [14508.0, 19834.5], [14508.0, 19836.0], [14511.0, 19839.0], [14511.0, 19840.5], [14515.5, 19845.0], [14515.5, 19846.5], [14517.0, 19848.0], [14517.0, 19849.5], [14518.5, 19851.0], [14518.5, 19852.5], [14520.0, 19854.0], [14520.0, 19855.5], [14521.5, 19857.0], [14521.5, 19858.5], [14523.0, 19860.0], [14523.0, 19861.5], [14524.5, 19863.0], [14524.5, 19864.5], [14526.0, 19866.0], [14526.0, 19869.0], [14527.5, 19870.5], [14527.5, 19875.0], [14529.0, 19876.5], [14529.0, 19897.5], [14530.5, 19899.0], [14530.5, 19905.0], [14532.0, 19906.5], [14532.0, 19908.0], [14533.5, 19909.5], [14533.5, 19912.5], [14536.5, 19915.5], [14536.5, 19917.0], [14538.0, 19918.5], [14538.0, 19920.0], [14541.0, 19923.0], [14541.0, 19924.5], [14544.0, 19927.5], [14544.0, 19929.0], [14545.5, 19930.5], [14545.5, 19933.5], [14547.0, 19935.0], [14547.0, 19944.0], [14545.5, 19945.5], [14545.5, 19947.0], [14536.5, 19956.0], [14535.0, 19956.0], [14532.0, 19959.0], [14530.5, 19959.0], [14529.0, 19960.5], [14527.5, 19960.5], [14527.5, 19966.5], [14590.5, 19966.5], [14592.0, 19968.0], [14592.0, 20073.0], [14593.5, 20074.5], [14595.0, 20074.5], [14596.5, 20076.0], [14599.5, 20076.0], [14601.0, 20077.5], [14602.5, 20077.5], [14611.5, 20086.5], [14613.0, 20086.5], [14614.5, 20088.0], [14616.0, 20088.0], [14617.5, 20089.5], [14622.0, 20089.5], [14623.5, 20091.0], [14628.0, 20091.0], [14629.5, 20092.5], [14631.0, 20092.5], [14638.5, 20100.0], [14638.5, 20101.5], [14643.0, 20106.0], [14644.5, 20106.0], [14649.0, 20110.5], [14650.5, 20110.5], [14653.5, 20113.5], [14655.0, 20113.5], [14656.5, 20115.0], [14658.0, 20115.0], [14661.0, 20118.0], [14662.5, 20118.0], [14664.0, 20119.5], [14667.0, 20119.5], [14668.5, 20121.0], [14673.0, 20121.0], [14674.5, 20122.5], [14677.5, 20122.5], [14679.0, 20124.0], [14680.5, 20124.0], [14682.0, 20125.5], [14683.5, 20125.5], [14686.5, 20128.5], [14688.0, 20128.5], [14689.5, 20130.0], [14695.5, 20130.0], [14697.0, 20128.5], [14700.0, 20128.5], [14701.5, 20127.0], [14704.5, 20127.0], [14706.0, 20125.5], [14713.5, 20125.5], [14715.0, 20124.0], [14716.5, 20124.0], [14718.0, 20125.5], [14724.0, 20125.5], [14725.5, 20124.0], [14730.0, 20124.0], [14731.5, 20122.5], [14734.5, 20122.5], [14736.0, 20121.0], [14739.0, 20121.0], [14740.5, 20119.5], [14742.0, 20119.5], [14743.5, 20118.0], [14745.0, 20118.0], [14772.0, 20091.0], [14773.5, 20091.0], [14775.0, 20089.5], [14776.5, 20089.5], [14782.5, 20083.5], [14782.5, 20080.5], [14784.0, 20079.0], [14784.0, 20077.5], [14785.5, 20076.0], [14785.5, 20074.5], [14787.0, 20073.0], [14787.0, 20070.0], [14788.5, 20068.5], [14788.5, 20067.0], [14790.0, 20065.5], [14790.0, 20061.0], [14791.5, 20059.5], [14791.5, 20055.0], [14793.0, 20053.5], [14793.0, 20049.0], [14794.5, 20047.5], [14794.5, 20044.5], [14796.0, 20043.0], [14796.0, 20040.0], [14797.5, 20038.5], [14797.5, 20035.5], [14799.0, 20034.0], [14799.0, 20032.5], [14800.5, 20031.0], [14800.5, 20028.0], [14802.0, 20026.5], [14802.0, 20023.5], [14803.5, 20022.0], [14803.5, 20017.5], [14805.0, 20016.0], [14805.0, 20014.5], [14806.5, 20013.0], [14806.5, 20011.5], [14808.0, 20010.0], [14808.0, 20007.0], [14809.5, 20005.5], [14809.5, 20001.0], [14811.0, 19999.5], [14811.0, 19992.0], [14812.5, 19990.5], [14812.5, 19981.5], [14818.5, 19975.5], [14818.5, 19974.0], [14820.0, 19972.5], [14820.0, 19968.0], [14713.5, 19968.0], [14712.0, 19966.5], [14712.0, 19962.0], [14706.0, 19956.0], [14706.0, 19954.5], [14704.5, 19953.0], [14704.5, 19951.5], [14703.0, 19950.0], [14703.0, 19948.5], [14701.5, 19947.0], [14701.5, 19945.5], [14698.5, 19942.5], [14698.5, 19941.0], [14697.0, 19939.5], [14697.0, 19938.0], [14695.5, 19936.5], [14695.5, 19935.0], [14694.0, 19933.5], [14694.0, 19932.0], [14692.5, 19930.5], [14692.5, 19929.0], [14691.0, 19927.5], [14691.0, 19924.5], [14689.5, 19923.0], [14689.5, 19920.0], [14688.0, 19918.5], [14688.0, 19915.5], [14685.0, 19912.5], [14685.0, 19911.0], [14682.0, 19908.0], [14682.0, 19906.5], [14679.0, 19903.5], [14679.0, 19902.0], [14676.0, 19899.0], [14676.0, 19897.5], [14674.5, 19896.0], [14674.5, 19893.0], [14673.0, 19891.5], [14673.0, 19888.5], [14671.5, 19887.0], [14671.5, 19885.5], [14670.0, 19884.0], [14670.0, 19882.5], [14668.5, 19881.0], [14668.5, 19879.5], [14667.0, 19878.0], [14667.0, 19875.0], [14665.5, 19873.5], [14665.5, 19872.0], [14664.0, 19870.5], [14664.0, 19867.5], [14662.5, 19866.0], [14662.5, 19855.5], [14661.0, 19854.0], [14661.0, 19843.5], [14659.5, 19842.0], [14659.5, 19839.0], [14658.0, 19837.5], [14658.0, 19834.5], [14656.5, 19833.0], [14656.5, 19830.0], [14655.0, 19828.5], [14655.0, 19825.5], [14653.5, 19824.0], [14653.5, 19818.0], [14652.0, 19816.5], [14652.0, 19812.0], [14653.5, 19810.5], [14653.5, 19809.0], [14655.0, 19807.5], [14656.5, 19807.5], [14659.5, 19804.5], [14661.0, 19804.5], [14664.0, 19801.5], [14665.5, 19801.5], [14671.5, 19795.5], [14671.5, 19794.0], [14673.0, 19792.5], [14673.0, 19779.0], [14670.0, 19776.0], [14670.0, 19774.5], [14668.5, 19774.5], [14667.0, 19773.0], [14656.5, 19773.0], [14655.0, 19774.5], [14653.5, 19774.5], [14652.0, 19776.0], [14650.5, 19776.0], [14647.5, 19779.0], [14647.5, 19780.5], [14644.5, 19783.5], [14644.5, 19786.5], [14643.0, 19788.0], [14643.0, 19789.5], [14641.5, 19791.0], [14641.5, 19794.0], [14638.5, 19797.0], [14637.0, 19797.0], [14635.5, 19798.5], [14634.0, 19797.0], [14623.5, 19797.0], [14622.0, 19795.5], [14620.5, 19795.5], [14619.0, 19794.0], [14617.5, 19794.0], [14616.0, 19792.5], [14614.5, 19792.5], [14610.0, 19788.0], [14608.5, 19788.0], [14607.0, 19786.5], [14605.5, 19786.5], [14604.0, 19785.0], [14595.0, 19785.0], [14593.5, 19786.5], [14592.0, 19786.5], [14590.5, 19785.0], [14590.5, 19686.0], [14589.0, 19686.0], [14587.5, 19684.5], [14583.0, 19684.5], [14581.5, 19686.0], [14577.0, 19686.0], [14575.5, 19687.5], [14572.5, 19687.5], [14571.0, 19686.0], [14560.5, 19686.0], [14559.0, 19684.5], [14551.5, 19684.5], [14550.0, 19683.0], [14535.0, 19683.0], [14533.5, 19681.5], [14524.5, 19681.5]]]}}, {"type": "Feature", "properties": {"class_id": 3, "classification": "Darkspot & Foreign Object", "area": 3862.125}, "geometry": {"type": "Polygon", "coordinates": [[[15285.0, 19264.5], [15283.5, 19266.0], [15277.5, 19266.0], [15276.0, 19267.5], [15274.5, 19267.5], [15271.5, 19270.5], [15270.0, 19270.5], [15255.0, 19285.5], [15255.0, 19287.0], [15250.5, 19291.5], [15250.5, 19294.5], [15249.0, 19296.0], [15249.0, 19299.0], [15247.5, 19300.5], [15247.5, 19306.5], [15249.0, 19308.0], [15249.0, 19311.0], [15250.5, 19312.5], [15250.5, 19314.0], [15253.5, 19317.0], [15253.5, 19318.5], [15256.5, 19321.5], [15256.5, 19323.0], [15258.0, 19324.5], [15259.5, 19324.5], [15262.5, 19327.5], [15264.0, 19327.5], [15267.0, 19330.5], [15268.5, 19330.5], [15270.0, 19332.0], [15271.5, 19332.0], [15273.0, 19333.5], [15279.0, 19333.5], [15280.5, 19335.0], [15286.5, 19335.0], [15288.0, 19333.5], [15294.0, 19333.5], [15295.5, 19332.0], [15297.0, 19332.0], [15298.5, 19330.5], [15300.0, 19330.5], [15303.0, 19327.5], [15304.5, 19327.5], [15309.0, 19323.0], [15310.5, 19323.0], [15316.5, 19317.0], [15316.5, 19315.5], [15322.5, 19309.5], [15322.5, 19306.5], [15324.0, 19305.0], [15324.0, 19300.5], [15322.5, 19299.0], [15322.5, 19294.5], [15321.0, 19293.0], [15321.0, 19290.0], [15319.5, 19288.5], [15319.5, 19287.0], [15318.0, 19285.5], [15318.0, 19284.0], [15306.0, 19272.0], [15304.5, 19272.0], [15303.0, 19270.5], [15301.5, 19270.5], [15300.0, 19269.0], [15298.5, 19269.0], [15297.0, 19267.5], [15295.5, 19267.5], [15292.5, 19264.5], [15285.0, 19264.5]]]}}, {"type": "Feature", "properties": {"class_id": 3, "classification": "Darkspot & Foreign Object", "area": 4.5}, "geometry": {"type": "Polygon", "coordinates": [[[15352.5, 19219.5], [15352.5, 19221.0], [15355.5, 19221.0], [15355.5, 19219.5], [15352.5, 19219.5]]]}}, {"type": "Feature", "properties": {"class_id": 3, "classification": "Darkspot & Foreign Object", "area": 29.25}, "geometry": {"type": "Polygon", "coordinates": [[[23406.0, 18520.5], [23410.5, 18525.0], [23413.5, 18525.0], [23415.0, 18526.5], [23422.5, 18526.5], [23421.0, 18525.0], [23418.0, 18525.0], [23416.5, 18523.5], [23412.0, 18523.5], [23410.5, 18522.0], [23409.0, 18522.0], [23407.5, 18520.5], [23406.0, 18520.5]]]}}, {"type": "Feature", "properties": {"class_id": 3, "classification": "Darkspot & Foreign Object", "area": 392.625}, "geometry": {"type": "Polygon", "coordinates": [[[23722.5, 18447.0], [23721.0, 18448.5], [23721.0, 18457.5], [23722.5, 18459.0], [23722.5, 18465.0], [23721.0, 18466.5], [23721.0, 18480.0], [23719.5, 18481.5], [23719.5, 18487.5], [23721.0, 18489.0], [23721.0, 18492.0], [23722.5, 18493.5], [23724.0, 18492.0], [23727.0, 18492.0], [23728.5, 18493.5], [23730.0, 18493.5], [23730.0, 18489.0], [23727.0, 18486.0], [23727.0, 18484.5], [23725.5, 18483.0], [23725.5, 18481.5], [23727.0, 18480.0], [23727.0, 18478.5], [23730.0, 18475.5], [23730.0, 18474.0], [23731.5, 18472.5], [23731.5, 18457.5], [23730.0, 18456.0], [23730.0, 18454.5], [23728.5, 18453.0], [23728.5, 18451.5], [23727.0, 18450.0], [23727.0, 18448.5], [23725.5, 18447.0], [23725.5, 18445.5], [23724.0, 18444.0], [23724.0, 18442.5], [23722.5, 18441.0], [23722.5, 18447.0]]]}}, {"type": "Feature", "properties": {"class_id": 3, "classification": "Darkspot & Foreign Object", "area": 258.75}, "geometry": {"type": "Polygon", "coordinates": [[[25747.5, 17962.5], [25746.0, 17964.0], [25743.0, 17964.0], [25741.5, 17965.5], [25740.0, 17965.5], [25738.5, 17964.0], [25737.0, 17964.0], [25738.5, 17965.5], [25738.5, 17970.0], [25737.0, 17971.5], [25737.0, 17973.0], [25738.5, 17974.5], [25738.5, 17976.0], [25740.0, 17977.5], [25743.0, 17977.5], [25744.5, 17979.0], [25750.5, 17979.0], [25752.0, 17977.5], [25753.5, 17977.5], [25756.5, 17974.5], [25756.5, 17971.5], [25758.0, 17970.0], [25758.0, 17968.5], [25752.0, 17962.5], [25747.5, 17962.5]]]}}, {"type": "Feature", "properties": {"class_id": 3, "classification": "Darkspot & Foreign Object", "area": 167.625}, "geometry": {"type": "Polygon", "coordinates": [[[25606.5, 17938.5], [25606.5, 17940.0], [25608.0, 17941.5], [25608.0, 17943.0], [25614.0, 17949.0], [25614.0, 17950.5], [25615.5, 17952.0], [25615.5, 17958.0], [25614.0, 17959.5], [25614.0, 17961.0], [25621.5, 17961.0], [25624.5, 17958.0], [25624.5, 17956.5], [25623.0, 17955.0], [25623.0, 17952.0], [25621.5, 17950.5], [25621.5, 17949.0], [25620.0, 17947.5], [25620.0, 17946.0], [25615.5, 17941.5], [25612.5, 17941.5], [25611.0, 17940.0], [25608.0, 17940.0], [25606.5, 17938.5]]]}}, {"type": "Feature", "properties": {"class_id": 3, "classification": "Darkspot & Foreign Object", "area": 192.375}, "geometry": {"type": "Polygon", "coordinates": [[[25548.0, 17938.5], [25546.5, 17940.0], [25545.0, 17940.0], [25542.0, 17943.0], [25542.0, 17944.5], [25543.5, 17946.0], [25543.5, 17947.5], [25545.0, 17949.0], [25554.0, 17949.0], [25555.5, 17950.5], [25558.5, 17950.5], [25560.0, 17952.0], [25561.5, 17952.0], [25563.0, 17953.5], [25564.5, 17952.0], [25564.5, 17949.0], [25560.0, 17944.5], [25560.0, 17943.0], [25557.0, 17940.0], [25555.5, 17940.0], [25554.0, 17938.5], [25548.0, 17938.5]]]}}, {"type": "Feature", "properties": {"class_id": 3, "classification": "Darkspot & Foreign Object", "area": 268.875}, "geometry": {"type": "Polygon", "coordinates": [[[25600.5, 17878.5], [25600.5, 17883.0], [25602.0, 17884.5], [25602.0, 17890.5], [25603.5, 17892.0], [25603.5, 17899.5], [25602.0, 17901.0], [25602.0, 17902.5], [25600.5, 17904.0], [25600.5, 17907.0], [25599.0, 17908.5], [25599.0, 17914.5], [25600.5, 17916.0], [25605.0, 17911.5], [25608.0, 17911.5], [25608.0, 17910.0], [25609.5, 17908.5], [25609.5, 17896.5], [25611.0, 17895.0], [25611.0, 17884.5], [25608.0, 17881.5], [25605.0, 17881.5], [25603.5, 17880.0], [25602.0, 17880.0], [25600.5, 17878.5]]]}}, {"type": "Feature", "properties": {"class_id": 3, "classification": "Darkspot & Foreign Object", "area": 146.25}, "geometry": {"type": "Polygon", "coordinates": [[[25344.0, 17137.5], [25344.0, 17152.5], [25345.5, 17151.0], [25348.5, 17151.0], [25350.0, 17149.5], [25351.5, 17149.5], [25353.0, 17148.0], [25353.0, 17146.5], [25357.5, 17142.0], [25357.5, 17137.5], [25344.0, 17137.5]]]}}, {"type": "Feature", "properties": {"class_id": 3, "classification": "Darkspot & Foreign Object", "area": 65.25}, "geometry": {"type": "Polygon", "coordinates": [[[27099.0, 17056.5], [27096.0, 17059.5], [27096.0, 17061.0], [27093.0, 17064.0], [27093.0, 17068.5], [27094.5, 17070.0], [27096.0, 17070.0], [27097.5, 17071.5], [27102.0, 17071.5], [27099.0, 17068.5], [27099.0, 17056.5]]]}}, {"type": "Feature", "properties": {"class_id": 3, "classification": "Darkspot & Foreign Object", "area": 111.375}, "geometry": {"type": "Polygon", "coordinates": [[[27141.0, 17014.5], [27139.5, 17016.0], [27139.5, 17017.5], [27133.5, 17023.5], [27132.0, 17023.5], [27126.0, 17029.5], [27127.5, 17031.0], [27127.5, 17034.0], [27129.0, 17034.0], [27130.5, 17032.5], [27132.0, 17032.5], [27139.5, 17025.0], [27139.5, 17023.5], [27141.0, 17022.0], [27141.0, 17020.5], [27142.5, 17019.0], [27142.5, 17016.0], [27141.0, 17014.5]]]}}, {"type": "Feature", "properties": {"class_id": 3, "classification": "Darkspot & Foreign Object", "area": 9.0}, "geometry": {"type": "Polygon", "coordinates": [[[27114.0, 16987.5], [27115.5, 16989.0], [27115.5, 16990.5], [27118.5, 16990.5], [27118.5, 16989.0], [27117.0, 16987.5], [27114.0, 16987.5]]]}}, {"type": "Feature", "properties": {"class_id": 3, "classification": "Darkspot & Foreign Object", "area": 453.375}, "geometry": {"type": "Polygon", "coordinates": [[[27066.0, 16986.0], [27064.5, 16987.5], [27064.5, 16989.0], [27063.0, 16990.5], [27066.0, 16993.5], [27066.0, 16995.0], [27067.5, 16996.5], [27067.5, 16998.0], [27069.0, 16998.0], [27070.5, 16999.5], [27069.0, 17001.0], [27069.0, 17002.5], [27070.5, 17004.0], [27072.0, 17004.0], [27073.5, 17005.5], [27073.5, 17004.0], [27075.0, 17002.5], [27075.0, 17001.0], [27076.5, 16999.5], [27076.5, 16998.0], [27078.0, 16996.5], [27078.0, 16995.0], [27082.5, 16990.5], [27084.0, 16990.5], [27087.0, 16987.5], [27082.5, 16987.5], [27081.0, 16986.0], [27075.0, 16986.0], [27073.5, 16984.5], [27069.0, 16984.5], [27067.5, 16986.0], [27066.0, 16986.0]]]}}, {"type": "Feature", "properties": {"class_id": 3, "classification": "Darkspot & Foreign Object", "area": 285.75}, "geometry": {"type": "Polygon", "coordinates": [[[27051.0, 16959.0], [27049.5, 16960.5], [27049.5, 16963.5], [27048.0, 16965.0], [27048.0, 16980.0], [27052.5, 16984.5], [27054.0, 16984.5], [27055.5, 16986.0], [27057.0, 16986.0], [27058.5, 16984.5], [27060.0, 16984.5], [27063.0, 16981.5], [27063.0, 16977.0], [27061.5, 16975.5], [27061.5, 16971.0], [27060.0, 16969.5], [27060.0, 16968.0], [27057.0, 16965.0], [27057.0, 16963.5], [27054.0, 16960.5], [27052.5, 16960.5], [27051.0, 16959.0]]]}}, {"type": "Feature", "properties": {"class_id": 3, "classification": "Darkspot & Foreign Object", "area": 13.5}, "geometry": {"type": "Polygon", "coordinates": [[[27177.0, 16921.5], [27180.0, 16924.5], [27181.5, 16924.5], [27184.5, 16927.5], [27184.5, 16926.0], [27180.0, 16921.5], [27178.5, 16921.5], [27177.0, 16920.0], [27177.0, 16921.5]]]}}, {"type": "Feature", "properties": {"class_id": 3, "classification": "Darkspot & Foreign Object", "area": 14.625}, "geometry": {"type": "Polygon", "coordinates": [[[27168.0, 16900.5], [27166.5, 16902.0], [27165.0, 16902.0], [27163.5, 16903.5], [27165.0, 16905.0], [27168.0, 16905.0], [27168.0, 16903.5], [27169.5, 16902.0], [27168.0, 16900.5]]]}}, {"type": "Feature", "properties": {"class_id": 3, "classification": "Darkspot & Foreign Object", "area": 4457.25}, "geometry": {"type": "Polygon", "coordinates": [[[26949.0, 16900.5], [26949.0, 16902.0], [26947.5, 16903.5], [26946.0, 16903.5], [26943.0, 16906.5], [26941.5, 16906.5], [26940.0, 16908.0], [26934.0, 16908.0], [26932.5, 16909.5], [26932.5, 16914.0], [26935.5, 16917.0], [26935.5, 16918.5], [26938.5, 16921.5], [26938.5, 16923.0], [26941.5, 16926.0], [26941.5, 16927.5], [26943.0, 16927.5], [26947.5, 16932.0], [26947.5, 16938.0], [26949.0, 16939.5], [26952.0, 16939.5], [26953.5, 16941.0], [26958.0, 16941.0], [26959.5, 16939.5], [26970.0, 16939.5], [26977.5, 16947.0], [26977.5, 16948.5], [26979.0, 16950.0], [26979.0, 16953.0], [26983.5, 16957.5], [26985.0, 16957.5], [26988.0, 16960.5], [26989.5, 16960.5], [26991.0, 16962.0], [26991.0, 16960.5], [26989.5, 16959.0], [26989.5, 16957.5], [26991.0, 16956.0], [26991.0, 16953.0], [26994.0, 16950.0], [26994.0, 16938.0], [26992.5, 16936.5], [26985.0, 16936.5], [26983.5, 16935.0], [26983.5, 16930.5], [26985.0, 16929.0], [26985.0, 16927.5], [26986.5, 16926.0], [26988.0, 16926.0], [26989.5, 16924.5], [26997.0, 16924.5], [26998.5, 16923.0], [27001.5, 16923.0], [27003.0, 16924.5], [27003.0, 16929.0], [26998.5, 16933.5], [27000.0, 16935.0], [27000.0, 16936.5], [27001.5, 16938.0], [27003.0, 16938.0], [27006.0, 16941.0], [27012.0, 16941.0], [27013.5, 16939.5], [27016.5, 16939.5], [27018.0, 16941.0], [27030.0, 16941.0], [27031.5, 16939.5], [27031.5, 16935.0], [27034.5, 16932.0], [27036.0, 16932.0], [27042.0, 16926.0], [27042.0, 16924.5], [27043.5, 16923.0], [27043.5, 16902.0], [27045.0, 16900.5], [27045.0, 16896.0], [26992.5, 16896.0], [26989.5, 16899.0], [26980.5, 16899.0], [26979.0, 16897.5], [26976.0, 16897.5], [26974.5, 16896.0], [26947.5, 16896.0], [26947.5, 16899.0], [26949.0, 16900.5]]]}}, {"type": "Feature", "properties": {"class_id": 3, "classification": "Darkspot & Foreign Object", "area": 14.625}, "geometry": {"type": "Polygon", "coordinates": [[[9313.5, 15988.5], [9312.0, 15990.0], [9313.5, 15991.5], [9313.5, 15993.0], [9315.0, 15994.5], [9316.5, 15993.0], [9316.5, 15990.0], [9315.0, 15990.0], [9313.5, 15988.5]]]}}, {"type": "Feature", "properties": {"class_id": 3, "classification": "Darkspot & Foreign Object", "area": 35935.875}, "geometry": {"type": "Polygon", "coordinates": [[[18271.5, 15448.5], [18270.0, 15450.0], [18265.5, 15450.0], [18264.0, 15451.5], [18262.5, 15451.5], [18261.0, 15450.0], [18256.5, 15450.0], [18255.0, 15451.5], [18249.0, 15451.5], [18247.5, 15453.0], [18246.0, 15453.0], [18244.5, 15451.5], [18238.5, 15451.5], [18237.0, 15450.0], [18226.5, 15450.0], [18225.0, 15451.5], [18222.0, 15451.5], [18220.5, 15453.0], [18219.0, 15453.0], [18217.5, 15454.5], [18216.0, 15454.5], [18214.5, 15456.0], [18213.0, 15456.0], [18208.5, 15460.5], [18207.0, 15460.5], [18205.5, 15462.0], [18202.5, 15462.0], [18201.0, 15463.5], [18198.0, 15463.5], [18196.5, 15465.0], [18195.0, 15465.0], [18193.5, 15466.5], [18192.0, 15466.5], [18190.5, 15468.0], [18190.5, 15469.5], [18187.5, 15472.5], [18168.0, 15472.5], [18166.5, 15474.0], [18165.0, 15474.0], [18163.5, 15475.5], [18159.0, 15475.5], [18157.5, 15477.0], [18153.0, 15477.0], [18151.5, 15475.5], [18145.5, 15475.5], [18144.0, 15474.0], [18141.0, 15474.0], [18139.5, 15472.5], [18124.5, 15472.5], [18123.0, 15474.0], [18121.5, 15474.0], [18120.0, 15475.5], [18118.5, 15475.5], [18117.0, 15477.0], [18115.5, 15477.0], [18114.0, 15478.5], [18112.5, 15478.5], [18111.0, 15480.0], [18109.5, 15480.0], [18106.5, 15483.0], [18105.0, 15483.0], [18103.5, 15484.5], [18102.0, 15484.5], [18100.5, 15486.0], [18099.0, 15486.0], [18093.0, 15492.0], [18093.0, 15493.5], [18088.5, 15498.0], [18087.0, 15498.0], [18084.0, 15501.0], [18082.5, 15501.0], [18079.5, 15504.0], [18078.0, 15504.0], [18075.0, 15507.0], [18073.5, 15507.0], [18072.0, 15508.5], [18072.0, 15510.0], [18063.0, 15519.0], [18063.0, 15520.5], [18060.0, 15523.5], [18058.5, 15523.5], [18058.5, 15525.0], [18052.5, 15531.0], [18051.0, 15531.0], [18043.5, 15538.5], [18042.0, 15538.5], [18031.5, 15549.0], [18030.0, 15549.0], [18025.5, 15553.5], [18024.0, 15553.5], [18022.5, 15555.0], [18021.0, 15555.0], [18018.0, 15558.0], [18016.5, 15558.0], [18013.5, 15561.0], [18012.0, 15561.0], [18009.0, 15564.0], [18007.5, 15564.0], [18006.0, 15565.5], [18004.5, 15565.5], [18003.0, 15567.0], [18001.5, 15567.0], [17997.0, 15571.5], [17995.5, 15571.5], [17991.0, 15576.0], [17989.5, 15576.0], [17988.0, 15577.5], [17985.0, 15577.5], [17983.5, 15579.0], [17980.5, 15579.0], [17979.0, 15580.5], [17979.0, 15582.0], [17973.0, 15588.0], [17973.0, 15589.5], [17970.0, 15592.5], [17970.0, 15598.5], [17971.5, 15600.0], [17971.5, 15603.0], [17970.0, 15604.5], [17970.0, 15606.0], [17971.5, 15607.5], [17971.5, 15615.0], [17970.0, 15616.5], [17970.0, 15619.5], [17967.0, 15622.5], [17965.5, 15622.5], [17962.5, 15625.5], [17959.5, 15625.5], [17958.0, 15627.0], [17955.0, 15627.0], [17952.0, 15624.0], [17952.0, 15615.0], [17950.5, 15613.5], [17950.5, 15607.5], [17952.0, 15606.0], [17952.0, 15604.5], [17950.5, 15603.0], [17950.5, 15601.5], [17952.0, 15600.0], [17952.0, 15598.5], [17950.5, 15597.0], [17950.5, 15595.5], [17949.0, 15594.0], [17949.0, 15592.5], [17947.5, 15592.5], [17941.5, 15598.5], [17940.0, 15598.5], [17938.5, 15600.0], [17938.5, 15601.5], [17937.0, 15603.0], [17937.0, 15604.5], [17935.5, 15606.0], [17935.5, 15607.5], [17934.0, 15609.0], [17934.0, 15610.5], [17932.5, 15612.0], [17932.5, 15613.5], [17931.0, 15615.0], [17931.0, 15618.0], [17929.5, 15619.5], [17929.5, 15621.0], [17928.0, 15622.5], [17928.0, 15631.5], [17929.5, 15633.0], [17929.5, 15637.5], [17931.0, 15639.0], [17931.0, 15645.0], [17932.5, 15646.5], [17932.5, 15648.0], [17935.5, 15648.0], [17935.5, 15634.5], [17937.0, 15633.0], [17937.0, 15631.5], [17946.0, 15622.5], [17947.5, 15622.5], [17949.0, 15624.0], [17949.0, 15625.5], [17950.5, 15627.0], [17950.5, 15640.5], [17949.0, 15642.0], [17949.0, 15645.0], [17947.5, 15646.5], [17947.5, 15648.0], [17944.5, 15651.0], [17943.0, 15651.0], [17940.0, 15654.0], [17940.0, 15658.5], [17941.5, 15660.0], [17941.5, 15664.5], [17943.0, 15666.0], [17944.5, 15666.0], [17946.0, 15667.5], [17949.0, 15667.5], [17950.5, 15669.0], [18003.0, 15669.0], [18004.5, 15667.5], [18009.0, 15667.5], [18010.5, 15666.0], [18012.0, 15666.0], [18013.5, 15664.5], [18015.0, 15664.5], [18016.5, 15663.0], [18018.0, 15663.0], [18019.5, 15661.5], [18021.0, 15661.5], [18022.5, 15660.0], [18024.0, 15660.0], [18025.5, 15658.5], [18028.5, 15658.5], [18030.0, 15657.0], [18043.5, 15657.0], [18045.0, 15655.5], [18048.0, 15655.5], [18049.5, 15654.0], [18057.0, 15654.0], [18058.5, 15652.5], [18063.0, 15652.5], [18064.5, 15651.0], [18067.5, 15651.0], [18069.0, 15649.5], [18072.0, 15649.5], [18073.5, 15648.0], [18076.5, 15648.0], [18079.5, 15645.0], [18081.0, 15645.0], [18082.5, 15643.5], [18084.0, 15643.5], [18085.5, 15642.0], [18087.0, 15642.0], [18088.5, 15640.5], [18091.5, 15640.5], [18093.0, 15639.0], [18100.5, 15639.0], [18102.0, 15637.5], [18115.5, 15637.5], [18117.0, 15636.0], [18118.5, 15636.0], [18126.0, 15628.5], [18126.0, 15627.0], [18129.0, 15624.0], [18129.0, 15622.5], [18135.0, 15616.5], [18135.0, 15615.0], [18150.0, 15600.0], [18151.5, 15600.0], [18157.5, 15594.0], [18159.0, 15594.0], [18162.0, 15591.0], [18165.0, 15591.0], [18166.5, 15589.5], [18171.0, 15589.5], [18172.5, 15588.0], [18180.0, 15588.0], [18181.5, 15586.5], [18184.5, 15586.5], [18186.0, 15585.0], [18187.5, 15585.0], [18190.5, 15582.0], [18192.0, 15582.0], [18195.0, 15579.0], [18195.0, 15577.5], [18205.5, 15567.0], [18205.5, 15565.5], [18207.0, 15564.0], [18207.0, 15562.5], [18217.5, 15552.0], [18217.5, 15550.5], [18240.0, 15528.0], [18241.5, 15528.0], [18252.0, 15517.5], [18252.0, 15516.0], [18253.5, 15514.5], [18253.5, 15508.5], [18255.0, 15507.0], [18255.0, 15502.5], [18256.5, 15501.0], [18256.5, 15499.5], [18258.0, 15498.0], [18258.0, 15496.5], [18259.5, 15495.0], [18259.5, 15493.5], [18261.0, 15492.0], [18261.0, 15490.5], [18274.5, 15477.0], [18276.0, 15477.0], [18279.0, 15474.0], [18280.5, 15474.0], [18282.0, 15472.5], [18285.0, 15472.5], [18286.5, 15474.0], [18289.5, 15474.0], [18291.0, 15475.5], [18297.0, 15475.5], [18297.0, 15474.0], [18298.5, 15472.5], [18297.0, 15471.0], [18297.0, 15466.5], [18295.5, 15465.0], [18295.5, 15463.5], [18289.5, 15457.5], [18286.5, 15457.5], [18283.5, 15454.5], [18282.0, 15454.5], [18279.0, 15451.5], [18277.5, 15451.5], [18276.0, 15450.0], [18274.5, 15450.0], [18273.0, 15448.5], [18271.5, 15448.5]]]}}, {"type": "Feature", "properties": {"class_id": 3, "classification": "Darkspot & Foreign Object", "area": 1742.625}, "geometry": {"type": "Polygon", "coordinates": [[[19162.5, 14821.5], [19161.0, 14823.0], [19159.5, 14823.0], [19156.5, 14826.0], [19156.5, 14827.5], [19155.0, 14829.0], [19155.0, 14830.5], [19153.5, 14832.0], [19153.5, 14844.0], [19155.0, 14845.5], [19155.0, 14848.5], [19156.5, 14850.0], [19156.5, 14851.5], [19162.5, 14857.5], [19164.0, 14857.5], [19165.5, 14859.0], [19167.0, 14859.0], [19168.5, 14860.5], [19170.0, 14860.5], [19171.5, 14862.0], [19173.0, 14862.0], [19174.5, 14863.5], [19176.0, 14863.5], [19177.5, 14865.0], [19179.0, 14865.0], [19180.5, 14866.5], [19182.0, 14866.5], [19183.5, 14868.0], [19189.5, 14868.0], [19191.0, 14869.5], [19195.5, 14869.5], [19197.0, 14868.0], [19198.5, 14868.0], [19198.5, 14826.0], [19192.5, 14826.0], [19191.0, 14824.5], [19188.0, 14824.5], [19186.5, 14823.0], [19177.5, 14823.0], [19176.0, 14821.5], [19162.5, 14821.5]]]}}, {"type": "Feature", "properties": {"class_id": 3, "classification": "Darkspot & Foreign Object", "area": 349.875}, "geometry": {"type": "Polygon", "coordinates": [[[16776.0, 14638.5], [16774.5, 14640.0], [16773.0, 14640.0], [16773.0, 14641.5], [16771.5, 14643.0], [16771.5, 14656.5], [16773.0, 14658.0], [16773.0, 14661.0], [16776.0, 14664.0], [16777.5, 14664.0], [16779.0, 14665.5], [16780.5, 14665.5], [16782.0, 14664.0], [16783.5, 14664.0], [16786.5, 14661.0], [16786.5, 14658.0], [16788.0, 14656.5], [16788.0, 14649.0], [16786.5, 14647.5], [16786.5, 14644.5], [16782.0, 14640.0], [16779.0, 14640.0], [16777.5, 14638.5], [16776.0, 14638.5]]]}}, {"type": "Feature", "properties": {"class_id": 3, "classification": "Darkspot & Foreign Object", "area": 132.75}, "geometry": {"type": "Polygon", "coordinates": [[[27672.0, 12675.0], [27667.5, 12679.5], [27667.5, 12682.5], [27666.0, 12684.0], [27666.0, 12690.0], [27667.5, 12691.5], [27667.5, 12693.0], [27672.0, 12693.0], [27673.5, 12691.5], [27673.5, 12690.0], [27675.0, 12688.5], [27675.0, 12682.5], [27676.5, 12681.0], [27676.5, 12679.5], [27675.0, 12678.0], [27675.0, 12676.5], [27673.5, 12675.0], [27672.0, 12675.0]]]}}, {"type": "Feature", "properties": {"class_id": 3, "classification": "Darkspot & Foreign Object", "area": 275.625}, "geometry": {"type": "Polygon", "coordinates": [[[7324.5, 11188.5], [7323.0, 11190.0], [7321.5, 11190.0], [7318.5, 11193.0], [7318.5, 11194.5], [7317.0, 11196.0], [7317.0, 11200.5], [7318.5, 11202.0], [7318.5, 11203.5], [7323.0, 11208.0], [7324.5, 11208.0], [7326.0, 11209.5], [7329.0, 11209.5], [7333.5, 11205.0], [7333.5, 11203.5], [7335.0, 11202.0], [7335.0, 11197.5], [7333.5, 11196.0], [7333.5, 11194.5], [7332.0, 11193.0], [7332.0, 11191.5], [7330.5, 11190.0], [7329.0, 11190.0], [7327.5, 11188.5], [7324.5, 11188.5]]]}}, {"type": "Feature", "properties": {"class_id": 3, "classification": "Darkspot & Foreign Object", "area": 14684.625}, "geometry": {"type": "Polygon", "coordinates": [[[9790.5, 9862.5], [9789.0, 9864.0], [9780.0, 9864.0], [9778.5, 9865.5], [9775.5, 9865.5], [9774.0, 9867.0], [9771.0, 9867.0], [9769.5, 9868.5], [9768.0, 9868.5], [9766.5, 9870.0], [9765.0, 9870.0], [9763.5, 9871.5], [9762.0, 9871.5], [9760.5, 9873.0], [9759.0, 9873.0], [9757.5, 9874.5], [9756.0, 9874.5], [9753.0, 9877.5], [9751.5, 9877.5], [9748.5, 9880.5], [9747.0, 9880.5], [9744.0, 9883.5], [9744.0, 9885.0], [9741.0, 9888.0], [9741.0, 9889.5], [9739.5, 9891.0], [9739.5, 9894.0], [9738.0, 9895.5], [9738.0, 9897.0], [9736.5, 9898.5], [9736.5, 9900.0], [9735.0, 9901.5], [9735.0, 9904.5], [9733.5, 9906.0], [9733.5, 9910.5], [9732.0, 9912.0], [9732.0, 9915.0], [9730.5, 9916.5], [9730.5, 9919.5], [9729.0, 9921.0], [9729.0, 9922.5], [9727.5, 9924.0], [9727.5, 9927.0], [9726.0, 9928.5], [9726.0, 9931.5], [9724.5, 9933.0], [9724.5, 9939.0], [9723.0, 9940.5], [9723.0, 9963.0], [9721.5, 9964.5], [9721.5, 9970.5], [9718.5, 9973.5], [9718.5, 9975.0], [9717.0, 9976.5], [9717.0, 9978.0], [9715.5, 9979.5], [9715.5, 9982.5], [9873.0, 9982.5], [9874.5, 9981.0], [9874.5, 9978.0], [9873.0, 9976.5], [9873.0, 9973.5], [9871.5, 9972.0], [9871.5, 9964.5], [9870.0, 9963.0], [9870.0, 9960.0], [9868.5, 9958.5], [9868.5, 9955.5], [9867.0, 9954.0], [9867.0, 9940.5], [9865.5, 9939.0], [9865.5, 9931.5], [9864.0, 9930.0], [9864.0, 9925.5], [9862.5, 9924.0], [9862.5, 9921.0], [9861.0, 9919.5], [9861.0, 9915.0], [9859.5, 9913.5], [9859.5, 9910.5], [9858.0, 9909.0], [9858.0, 9907.5], [9855.0, 9904.5], [9855.0, 9903.0], [9852.0, 9900.0], [9852.0, 9898.5], [9847.5, 9894.0], [9847.5, 9892.5], [9844.5, 9889.5], [9844.5, 9888.0], [9831.0, 9874.5], [9829.5, 9874.5], [9826.5, 9871.5], [9825.0, 9871.5], [9822.0, 9868.5], [9819.0, 9868.5], [9817.5, 9867.0], [9814.5, 9867.0], [9813.0, 9865.5], [9810.0, 9865.5], [9808.5, 9864.0], [9802.5, 9864.0], [9801.0, 9862.5], [9790.5, 9862.5]]]}}, {"type": "Feature", "properties": {"class_id": 3, "classification": "Darkspot & Foreign Object", "area": 2938.5}, "geometry": {"type": "Polygon", "coordinates": [[[9975.0, 9448.5], [9970.5, 9453.0], [9970.5, 9454.5], [9969.0, 9456.0], [9969.0, 9457.5], [9967.5, 9459.0], [9967.5, 9462.0], [9966.0, 9463.5], [9966.0, 9468.0], [9964.5, 9469.5], [9964.5, 9472.5], [9963.0, 9474.0], [9963.0, 9475.5], [9961.5, 9477.0], [9961.5, 9478.5], [9960.0, 9480.0], [9960.0, 9481.5], [9958.5, 9483.0], [9958.5, 9517.5], [9955.5, 9520.5], [9955.5, 9523.5], [9954.0, 9525.0], [9954.0, 9541.5], [9957.0, 9544.5], [9957.0, 9546.0], [9961.5, 9550.5], [9961.5, 9552.0], [9963.0, 9553.5], [9963.0, 9555.0], [9964.5, 9556.5], [9964.5, 9564.0], [9963.0, 9565.5], [9963.0, 9580.5], [9964.5, 9582.0], [9964.5, 9583.5], [9969.0, 9588.0], [9970.5, 9588.0], [9972.0, 9589.5], [9978.0, 9589.5], [9979.5, 9588.0], [9982.5, 9588.0], [9982.5, 9550.5], [9978.0, 9550.5], [9976.5, 9549.0], [9976.5, 9543.0], [9981.0, 9538.5], [9982.5, 9538.5], [9982.5, 9448.5], [9975.0, 9448.5]]]}}, {"type": "Feature", "properties": {"class_id": 3, "classification": "Darkspot & Foreign Object", "area": 35739.0}, "geometry": {"type": "Polygon", "coordinates": [[[6430.5, 9216.0], [6430.5, 9220.5], [6429.0, 9222.0], [6429.0, 9223.5], [6427.5, 9225.0], [6427.5, 9226.5], [6426.0, 9228.0], [6426.0, 9229.5], [6424.5, 9231.0], [6424.5, 9232.5], [6421.5, 9235.5], [6421.5, 9237.0], [6405.0, 9253.5], [6405.0, 9255.0], [6403.5, 9256.5], [6403.5, 9258.0], [6402.0, 9259.5], [6402.0, 9262.5], [6400.5, 9264.0], [6400.5, 9267.0], [6399.0, 9268.5], [6399.0, 9270.0], [6397.5, 9271.5], [6397.5, 9274.5], [6396.0, 9276.0], [6396.0, 9277.5], [6394.5, 9279.0], [6394.5, 9282.0], [6393.0, 9283.5], [6393.0, 9286.5], [6391.5, 9288.0], [6391.5, 9292.5], [6390.0, 9294.0], [6390.0, 9300.0], [6391.5, 9301.5], [6391.5, 9307.5], [6393.0, 9309.0], [6393.0, 9310.5], [6394.5, 9312.0], [6394.5, 9313.5], [6396.0, 9315.0], [6396.0, 9316.5], [6397.5, 9318.0], [6397.5, 9319.5], [6399.0, 9321.0], [6399.0, 9322.5], [6406.5, 9330.0], [6409.5, 9330.0], [6411.0, 9331.5], [6412.5, 9331.5], [6414.0, 9333.0], [6417.0, 9333.0], [6418.5, 9334.5], [6420.0, 9334.5], [6421.5, 9336.0], [6424.5, 9336.0], [6426.0, 9337.5], [6429.0, 9337.5], [6430.5, 9339.0], [6433.5, 9339.0], [6435.0, 9340.5], [6436.5, 9340.5], [6438.0, 9342.0], [6441.0, 9342.0], [6442.5, 9343.5], [6444.0, 9343.5], [6445.5, 9345.0], [6448.5, 9345.0], [6450.0, 9346.5], [6463.5, 9346.5], [6465.0, 9348.0], [6474.0, 9348.0], [6475.5, 9349.5], [6478.5, 9349.5], [6480.0, 9351.0], [6487.5, 9351.0], [6489.0, 9352.5], [6493.5, 9352.5], [6495.0, 9351.0], [6514.5, 9351.0], [6516.0, 9352.5], [6517.5, 9352.5], [6522.0, 9357.0], [6523.5, 9357.0], [6525.0, 9358.5], [6526.5, 9358.5], [6528.0, 9360.0], [6532.5, 9360.0], [6534.0, 9361.5], [6544.5, 9361.5], [6553.5, 9352.5], [6555.0, 9352.5], [6558.0, 9349.5], [6559.5, 9349.5], [6561.0, 9348.0], [6564.0, 9348.0], [6565.5, 9346.5], [6597.0, 9346.5], [6598.5, 9345.0], [6621.0, 9345.0], [6622.5, 9343.5], [6625.5, 9343.5], [6627.0, 9342.0], [6630.0, 9342.0], [6631.5, 9340.5], [6634.5, 9340.5], [6636.0, 9339.0], [6637.5, 9339.0], [6640.5, 9336.0], [6642.0, 9336.0], [6645.0, 9333.0], [6646.5, 9333.0], [6651.0, 9328.5], [6652.5, 9328.5], [6654.0, 9327.0], [6655.5, 9327.0], [6657.0, 9325.5], [6658.5, 9325.5], [6660.0, 9324.0], [6661.5, 9324.0], [6663.0, 9322.5], [6664.5, 9322.5], [6666.0, 9321.0], [6667.5, 9321.0], [6672.0, 9316.5], [6673.5, 9316.5], [6678.0, 9312.0], [6678.0, 9310.5], [6681.0, 9307.5], [6681.0, 9306.0], [6682.5, 9304.5], [6682.5, 9303.0], [6684.0, 9301.5], [6684.0, 9300.0], [6685.5, 9298.5], [6685.5, 9297.0], [6687.0, 9295.5], [6687.0, 9294.0], [6688.5, 9292.5], [6688.5, 9291.0], [6690.0, 9289.5], [6690.0, 9279.0], [6691.5, 9277.5], [6691.5, 9268.5], [6690.0, 9267.0], [6690.0, 9252.0], [6688.5, 9250.5], [6688.5, 9247.5], [6687.0, 9246.0], [6687.0, 9243.0], [6685.5, 9241.5], [6685.5, 9237.0], [6684.0, 9235.5], [6684.0, 9234.0], [6682.5, 9232.5], [6682.5, 9231.0], [6681.0, 9229.5], [6679.5, 9229.5], [6678.0, 9228.0], [6676.5, 9228.0], [6673.5, 9225.0], [6673.5, 9222.0], [6672.0, 9220.5], [6672.0, 9216.0], [6430.5, 9216.0]]]}}, {"type": "Feature", "properties": {"class_id": 3, "classification": "Darkspot & Foreign Object", "area": 444.375}, "geometry": {"type": "Polygon", "coordinates": [[[5157.0, 8712.0], [5155.5, 8713.5], [5151.0, 8713.5], [5148.0, 8716.5], [5148.0, 8718.0], [5146.5, 8719.5], [5146.5, 8721.0], [5145.0, 8722.5], [5145.0, 8724.0], [5143.5, 8725.5], [5143.5, 8728.5], [5145.0, 8728.5], [5151.0, 8734.5], [5157.0, 8734.5], [5158.5, 8733.0], [5160.0, 8733.0], [5161.5, 8731.5], [5163.0, 8731.5], [5169.0, 8725.5], [5169.0, 8724.0], [5170.5, 8722.5], [5170.5, 8718.0], [5169.0, 8716.5], [5169.0, 8715.0], [5167.5, 8713.5], [5167.5, 8712.0], [5157.0, 8712.0]]]}}, {"type": "Feature", "properties": {"class_id": 3, "classification": "Darkspot & Foreign Object", "area": 2873.25}, "geometry": {"type": "Polygon", "coordinates": [[[17713.5, 7680.0], [17713.5, 7681.5], [17712.0, 7683.0], [17712.0, 7695.0], [17719.5, 7702.5], [17719.5, 7704.0], [17722.5, 7707.0], [17724.0, 7707.0], [17725.5, 7708.5], [17728.5, 7708.5], [17730.0, 7710.0], [17733.0, 7710.0], [17734.5, 7711.5], [17739.0, 7711.5], [17740.5, 7713.0], [17751.0, 7713.0], [17752.5, 7714.5], [17763.0, 7714.5], [17764.5, 7716.0], [17772.0, 7716.0], [17773.5, 7714.5], [17775.0, 7714.5], [17776.5, 7713.0], [17779.5, 7713.0], [17781.0, 7711.5], [17782.5, 7711.5], [17784.0, 7710.0], [17785.5, 7710.0], [17788.5, 7707.0], [17790.0, 7707.0], [17791.5, 7705.5], [17793.0, 7705.5], [17794.5, 7704.0], [17796.0, 7704.0], [17797.5, 7702.5], [17799.0, 7702.5], [17800.5, 7701.0], [17802.0, 7701.0], [17814.0, 7689.0], [17814.0, 7687.5], [17815.5, 7686.0], [17815.5, 7681.5], [17814.0, 7680.0], [17713.5, 7680.0]]]}}, {"type": "Feature", "properties": {"class_id": 3, "classification": "Darkspot & Foreign Object", "area": 32.625}, "geometry": {"type": "Polygon", "coordinates": [[[4776.0, 6906.0], [4773.0, 6909.0], [4773.0, 6910.5], [4782.0, 6910.5], [4782.0, 6907.5], [4780.5, 6907.5], [4779.0, 6906.0], [4776.0, 6906.0]]]}}, {"type": "Feature", "properties": {"class_id": 3, "classification": "Darkspot & Foreign Object", "area": 507.375}, "geometry": {"type": "Polygon", "coordinates": [[[4690.5, 6898.5], [4689.0, 6900.0], [4686.0, 6900.0], [4684.5, 6901.5], [4681.5, 6901.5], [4680.0, 6903.0], [4678.5, 6903.0], [4678.5, 6904.5], [4677.0, 6906.0], [4677.0, 6910.5], [4729.5, 6910.5], [4729.5, 6906.0], [4728.0, 6906.0], [4726.5, 6904.5], [4722.0, 6904.5], [4720.5, 6903.0], [4717.5, 6903.0], [4714.5, 6900.0], [4713.0, 6900.0], [4711.5, 6898.5], [4690.5, 6898.5]]]}}, {"type": "Feature", "properties": {"class_id": 3, "classification": "Darkspot & Foreign Object", "area": 2597.625}, "geometry": {"type": "Polygon", "coordinates": [[[4597.5, 6831.0], [4596.0, 6832.5], [4594.5, 6832.5], [4593.0, 6834.0], [4591.5, 6834.0], [4587.0, 6838.5], [4587.0, 6840.0], [4585.5, 6841.5], [4585.5, 6843.0], [4578.0, 6850.5], [4578.0, 6853.5], [4572.0, 6859.5], [4572.0, 6861.0], [4569.0, 6864.0], [4569.0, 6867.0], [4566.0, 6870.0], [4566.0, 6871.5], [4567.5, 6873.0], [4567.5, 6874.5], [4569.0, 6876.0], [4569.0, 6895.5], [4567.5, 6897.0], [4567.5, 6904.5], [4566.0, 6906.0], [4566.0, 6909.0], [4567.5, 6910.5], [4602.0, 6910.5], [4603.5, 6909.0], [4605.0, 6909.0], [4606.5, 6907.5], [4606.5, 6832.5], [4603.5, 6832.5], [4602.0, 6831.0], [4597.5, 6831.0]]]}}, {"type": "Feature", "properties": {"class_id": 3, "classification": "Darkspot & Foreign Object", "area": 295.875}, "geometry": {"type": "Polygon", "coordinates": [[[5368.5, 6777.0], [5367.0, 6778.5], [5365.5, 6778.5], [5362.5, 6781.5], [5361.0, 6781.5], [5361.0, 6783.0], [5358.0, 6786.0], [5358.0, 6792.0], [5359.5, 6793.5], [5359.5, 6796.5], [5361.0, 6798.0], [5364.0, 6798.0], [5365.5, 6799.5], [5365.5, 6802.5], [5368.5, 6802.5], [5370.0, 6801.0], [5371.5, 6801.0], [5373.0, 6799.5], [5374.5, 6799.5], [5374.5, 6786.0], [5370.0, 6781.5], [5370.0, 6777.0], [5368.5, 6777.0]]]}}, {"type": "Feature", "properties": {"class_id": 3, "classification": "Darkspot & Foreign Object", "area": 2959.875}, "geometry": {"type": "Polygon", "coordinates": [[[4615.5, 6768.0], [4608.0, 6768.0], [4608.0, 6828.0], [4609.5, 6828.0], [4612.5, 6831.0], [4615.5, 6831.0], [4618.5, 6834.0], [4618.5, 6832.5], [4621.5, 6829.5], [4623.0, 6829.5], [4624.5, 6828.0], [4632.0, 6828.0], [4633.5, 6826.5], [4635.0, 6826.5], [4636.5, 6825.0], [4638.0, 6825.0], [4639.5, 6826.5], [4641.0, 6826.5], [4642.5, 6828.0], [4647.0, 6828.0], [4648.5, 6829.5], [4650.0, 6829.5], [4651.5, 6831.0], [4653.0, 6831.0], [4654.5, 6832.5], [4654.5, 6834.0], [4656.0, 6834.0], [4657.5, 6835.5], [4657.5, 6838.5], [4659.0, 6840.0], [4660.5, 6838.5], [4660.5, 6834.0], [4659.0, 6832.5], [4659.0, 6828.0], [4660.5, 6826.5], [4662.0, 6826.5], [4663.5, 6825.0], [4666.5, 6825.0], [4668.0, 6823.5], [4677.0, 6823.5], [4678.5, 6822.0], [4680.0, 6822.0], [4681.5, 6820.5], [4681.5, 6819.0], [4680.0, 6817.5], [4678.5, 6817.5], [4672.5, 6811.5], [4665.0, 6811.5], [4663.5, 6810.0], [4662.0, 6810.0], [4660.5, 6808.5], [4659.0, 6808.5], [4656.0, 6805.5], [4654.5, 6805.5], [4651.5, 6802.5], [4651.5, 6799.5], [4650.0, 6798.0], [4650.0, 6793.5], [4648.5, 6792.0], [4648.5, 6790.5], [4647.0, 6789.0], [4647.0, 6784.5], [4650.0, 6781.5], [4651.5, 6781.5], [4651.5, 6780.0], [4647.0, 6775.5], [4644.0, 6775.5], [4642.5, 6774.0], [4639.5, 6774.0], [4636.5, 6771.0], [4635.0, 6771.0], [4633.5, 6769.5], [4630.5, 6769.5], [4629.0, 6768.0], [4626.0, 6768.0], [4624.5, 6766.5], [4617.0, 6766.5], [4615.5, 6768.0]]]}}, {"type": "Feature", "properties": {"class_id": 3, "classification": "Darkspot & Foreign Object", "area": 689.625}, "geometry": {"type": "Polygon", "coordinates": [[[16138.5, 6538.5], [16137.0, 6540.0], [16135.5, 6540.0], [16134.0, 6541.5], [16132.5, 6541.5], [16132.5, 6544.5], [16131.0, 6546.0], [16131.0, 6552.0], [16128.0, 6555.0], [16128.0, 6564.0], [16131.0, 6564.0], [16134.0, 6567.0], [16135.5, 6567.0], [16137.0, 6568.5], [16144.5, 6568.5], [16146.0, 6567.0], [16149.0, 6567.0], [16150.5, 6565.5], [16152.0, 6565.5], [16156.5, 6561.0], [16158.0, 6561.0], [16161.0, 6558.0], [16161.0, 6556.5], [16162.5, 6555.0], [16161.0, 6553.5], [16159.5, 6553.5], [16156.5, 6550.5], [16155.0, 6550.5], [16152.0, 6547.5], [16152.0, 6546.0], [16149.0, 6543.0], [16149.0, 6541.5], [16146.0, 6538.5], [16138.5, 6538.5]]]}}, {"type": "Feature", "properties": {"class_id": 3, "classification": "Darkspot & Foreign Object", "area": 166.5}, "geometry": {"type": "Polygon", "coordinates": [[[4371.0, 6292.5], [4371.0, 6294.0], [4372.5, 6295.5], [4374.0, 6295.5], [4375.5, 6297.0], [4377.0, 6297.0], [4380.0, 6300.0], [4383.0, 6300.0], [4390.5, 6307.5], [4390.5, 6309.0], [4404.0, 6309.0], [4404.0, 6307.5], [4399.5, 6307.5], [4398.0, 6306.0], [4398.0, 6298.5], [4384.5, 6298.5], [4381.5, 6295.5], [4377.0, 6295.5], [4374.0, 6292.5], [4371.0, 6292.5]]]}}, {"type": "Feature", "properties": {"class_id": 3, "classification": "Darkspot & Foreign Object", "area": 977.625}, "geometry": {"type": "Polygon", "coordinates": [[[8973.0, 6232.5], [8971.5, 6234.0], [8970.0, 6234.0], [8968.5, 6235.5], [8967.0, 6235.5], [8964.0, 6238.5], [8964.0, 6240.0], [8962.5, 6241.5], [8962.5, 6244.5], [8961.0, 6246.0], [8961.0, 6255.0], [8962.5, 6256.5], [8962.5, 6258.0], [8964.0, 6259.5], [8964.0, 6261.0], [8971.5, 6268.5], [8973.0, 6268.5], [8974.5, 6270.0], [8982.0, 6270.0], [8983.5, 6268.5], [8985.0, 6268.5], [8991.0, 6262.5], [8991.0, 6261.0], [8992.5, 6259.5], [8992.5, 6258.0], [8994.0, 6256.5], [8994.0, 6243.0], [8991.0, 6240.0], [8991.0, 6238.5], [8989.5, 6237.0], [8988.0, 6237.0], [8986.5, 6235.5], [8985.0, 6235.5], [8983.5, 6234.0], [8982.0, 6234.0], [8980.5, 6232.5], [8973.0, 6232.5]]]}}, {"type": "Feature", "properties": {"class_id": 3, "classification": "Darkspot & Foreign Object", "area": 651.375}, "geometry": {"type": "Polygon", "coordinates": [[[4974.0, 6144.0], [4975.5, 6145.5], [4975.5, 6147.0], [4980.0, 6151.5], [4980.0, 6153.0], [4989.0, 6162.0], [4990.5, 6162.0], [4993.5, 6165.0], [4996.5, 6165.0], [4998.0, 6163.5], [4999.5, 6163.5], [4999.5, 6162.0], [5001.0, 6160.5], [5001.0, 6157.5], [5004.0, 6154.5], [5011.5, 6154.5], [5013.0, 6156.0], [5017.5, 6156.0], [5019.0, 6154.5], [5020.5, 6154.5], [5022.0, 6153.0], [5023.5, 6153.0], [5026.5, 6150.0], [5026.5, 6148.5], [5028.0, 6147.0], [5026.5, 6145.5], [5026.5, 6144.0], [4974.0, 6144.0]]]}}, {"type": "Feature", "properties": {"class_id": 3, "classification": "Darkspot & Foreign Object", "area": 176574.375}, "geometry": {"type": "Polygon", "coordinates": [[[4182.0, 6145.5], [4176.0, 6151.5], [4176.0, 6153.0], [4174.5, 6154.5], [4174.5, 6159.0], [4176.0, 6160.5], [4176.0, 6172.5], [4174.5, 6174.0], [4174.5, 6175.5], [4170.0, 6180.0], [4170.0, 6181.5], [4159.5, 6192.0], [4158.0, 6192.0], [4156.5, 6193.5], [4155.0, 6193.5], [4153.5, 6195.0], [4152.0, 6195.0], [4150.5, 6196.5], [4147.5, 6196.5], [4144.5, 6199.5], [4143.0, 6199.5], [4137.0, 6205.5], [4135.5, 6205.5], [4134.0, 6207.0], [4132.5, 6207.0], [4129.5, 6210.0], [4128.0, 6210.0], [4125.0, 6213.0], [4123.5, 6213.0], [4122.0, 6214.5], [4120.5, 6214.5], [4119.0, 6216.0], [4117.5, 6216.0], [4116.0, 6217.5], [4110.0, 6217.5], [4108.5, 6219.0], [4102.5, 6219.0], [4101.0, 6220.5], [4093.5, 6220.5], [4092.0, 6222.0], [4089.0, 6222.0], [4087.5, 6223.5], [4086.0, 6223.5], [4083.0, 6226.5], [4081.5, 6226.5], [4075.5, 6232.5], [4074.0, 6232.5], [4072.5, 6234.0], [4071.0, 6234.0], [4069.5, 6235.5], [4068.0, 6235.5], [4066.5, 6237.0], [4063.5, 6237.0], [4062.0, 6238.5], [4060.5, 6238.5], [4057.5, 6241.5], [4056.0, 6241.5], [4045.5, 6252.0], [4045.5, 6253.5], [4036.5, 6262.5], [4036.5, 6264.0], [4035.0, 6265.5], [4035.0, 6267.0], [4033.5, 6268.5], [4033.5, 6270.0], [4032.0, 6271.5], [4032.0, 6273.0], [4030.5, 6274.5], [4030.5, 6276.0], [4029.0, 6277.5], [4029.0, 6279.0], [4026.0, 6282.0], [4026.0, 6283.5], [4023.0, 6286.5], [4023.0, 6288.0], [4017.0, 6294.0], [4015.5, 6294.0], [4011.0, 6298.5], [4009.5, 6298.5], [4003.5, 6304.5], [4002.0, 6304.5], [4002.0, 6306.0], [3999.0, 6309.0], [3999.0, 6310.5], [3996.0, 6313.5], [3996.0, 6315.0], [3994.5, 6316.5], [3994.5, 6318.0], [3991.5, 6321.0], [3991.5, 6322.5], [3990.0, 6324.0], [3990.0, 6325.5], [3988.5, 6327.0], [3988.5, 6330.0], [3987.0, 6331.5], [3987.0, 6345.0], [3988.5, 6346.5], [3988.5, 6349.5], [3990.0, 6351.0], [3990.0, 6352.5], [3994.5, 6357.0], [3994.5, 6358.5], [3999.0, 6363.0], [4000.5, 6363.0], [4008.0, 6370.5], [4008.0, 6369.0], [4011.0, 6366.0], [4012.5, 6366.0], [4014.0, 6364.5], [4015.5, 6364.5], [4017.0, 6363.0], [4018.5, 6363.0], [4021.5, 6366.0], [4026.0, 6366.0], [4030.5, 6370.5], [4030.5, 6372.0], [4029.0, 6373.5], [4018.5, 6373.5], [4017.0, 6375.0], [4014.0, 6375.0], [4018.5, 6379.5], [4018.5, 6381.0], [4027.5, 6390.0], [4029.0, 6390.0], [4033.5, 6394.5], [4035.0, 6394.5], [4036.5, 6393.0], [4041.0, 6393.0], [4042.5, 6394.5], [4044.0, 6394.5], [4045.5, 6393.0], [4045.5, 6391.5], [4047.0, 6390.0], [4047.0, 6387.0], [4050.0, 6384.0], [4050.0, 6379.5], [4051.5, 6378.0], [4051.5, 6376.5], [4053.0, 6375.0], [4053.0, 6373.5], [4057.5, 6369.0], [4057.5, 6367.5], [4062.0, 6363.0], [4062.0, 6361.5], [4066.5, 6357.0], [4081.5, 6357.0], [4083.0, 6355.5], [4084.5, 6355.5], [4087.5, 6358.5], [4090.5, 6358.5], [4093.5, 6355.5], [4095.0, 6355.5], [4096.5, 6357.0], [4102.5, 6357.0], [4105.5, 6354.0], [4107.0, 6354.0], [4114.5, 6346.5], [4116.0, 6346.5], [4117.5, 6345.0], [4125.0, 6345.0], [4126.5, 6346.5], [4128.0, 6346.5], [4129.5, 6345.0], [4131.0, 6345.0], [4132.5, 6343.5], [4134.0, 6343.5], [4135.5, 6342.0], [4180.5, 6342.0], [4183.5, 6339.0], [4195.5, 6339.0], [4198.5, 6342.0], [4200.0, 6342.0], [4201.5, 6343.5], [4203.0, 6343.5], [4204.5, 6345.0], [4206.0, 6345.0], [4215.0, 6354.0], [4215.0, 6355.5], [4216.5, 6357.0], [4215.0, 6358.5], [4215.0, 6363.0], [4213.5, 6364.5], [4213.5, 6369.0], [4212.0, 6370.5], [4210.5, 6370.5], [4206.0, 6375.0], [4204.5, 6375.0], [4203.0, 6376.5], [4201.5, 6376.5], [4201.5, 6378.0], [4200.0, 6379.5], [4198.5, 6379.5], [4198.5, 6381.0], [4197.0, 6382.5], [4197.0, 6384.0], [4195.5, 6385.5], [4195.5, 6387.0], [4191.0, 6391.5], [4188.0, 6391.5], [4185.0, 6394.5], [4180.5, 6394.5], [4177.5, 6397.5], [4174.5, 6397.5], [4171.5, 6400.5], [4165.5, 6400.5], [4164.0, 6402.0], [4158.0, 6402.0], [4156.5, 6403.5], [4155.0, 6402.0], [4155.0, 6400.5], [4152.0, 6400.5], [4152.0, 6405.0], [4150.5, 6406.5], [4150.5, 6415.5], [4147.5, 6418.5], [4147.5, 6421.5], [4146.0, 6423.0], [4144.5, 6423.0], [4141.5, 6426.0], [4141.5, 6429.0], [4140.0, 6430.5], [4138.5, 6430.5], [4135.5, 6433.5], [4120.5, 6433.5], [4119.0, 6435.0], [4120.5, 6436.5], [4120.5, 6447.0], [4122.0, 6447.0], [4125.0, 6450.0], [4125.0, 6456.0], [4123.5, 6457.5], [4123.5, 6459.0], [4125.0, 6460.5], [4131.0, 6460.5], [4132.5, 6462.0], [4134.0, 6462.0], [4135.5, 6463.5], [4135.5, 6465.0], [4137.0, 6466.5], [4137.0, 6469.5], [4138.5, 6471.0], [4138.5, 6474.0], [4140.0, 6475.5], [4141.5, 6475.5], [4150.5, 6484.5], [4150.5, 6486.0], [4152.0, 6486.0], [4155.0, 6489.0], [4156.5, 6489.0], [4158.0, 6490.5], [4159.5, 6490.5], [4161.0, 6492.0], [4162.5, 6492.0], [4165.5, 6495.0], [4168.5, 6495.0], [4170.0, 6496.5], [4177.5, 6496.5], [4179.0, 6498.0], [4197.0, 6498.0], [4198.5, 6496.5], [4203.0, 6496.5], [4204.5, 6495.0], [4209.0, 6495.0], [4210.5, 6493.5], [4215.0, 6493.5], [4216.5, 6495.0], [4221.0, 6495.0], [4222.5, 6496.5], [4225.5, 6496.5], [4227.0, 6498.0], [4230.0, 6498.0], [4231.5, 6496.5], [4233.0, 6496.5], [4234.5, 6495.0], [4236.0, 6495.0], [4237.5, 6493.5], [4239.0, 6493.5], [4240.5, 6492.0], [4245.0, 6492.0], [4246.5, 6493.5], [4248.0, 6493.5], [4249.5, 6495.0], [4251.0, 6495.0], [4252.5, 6496.5], [4254.0, 6496.5], [4255.5, 6498.0], [4258.5, 6498.0], [4260.0, 6496.5], [4261.5, 6496.5], [4267.5, 6490.5], [4269.0, 6490.5], [4272.0, 6487.5], [4275.0, 6487.5], [4276.5, 6486.0], [4278.0, 6486.0], [4279.5, 6484.5], [4281.0, 6484.5], [4282.5, 6483.0], [4284.0, 6483.0], [4285.5, 6481.5], [4288.5, 6481.5], [4290.0, 6480.0], [4309.5, 6480.0], [4311.0, 6478.5], [4314.0, 6478.5], [4315.5, 6477.0], [4317.0, 6477.0], [4318.5, 6475.5], [4321.5, 6475.5], [4323.0, 6474.0], [4327.5, 6474.0], [4329.0, 6472.5], [4333.5, 6472.5], [4335.0, 6474.0], [4338.0, 6474.0], [4341.0, 6477.0], [4342.5, 6477.0], [4345.5, 6480.0], [4348.5, 6480.0], [4350.0, 6481.5], [4354.5, 6481.5], [4356.0, 6483.0], [4360.5, 6483.0], [4362.0, 6484.5], [4363.5, 6484.5], [4365.0, 6486.0], [4366.5, 6486.0], [4368.0, 6487.5], [4369.5, 6487.5], [4371.0, 6489.0], [4374.0, 6489.0], [4375.5, 6490.5], [4377.0, 6490.5], [4378.5, 6492.0], [4381.5, 6492.0], [4383.0, 6493.5], [4390.5, 6493.5], [4392.0, 6492.0], [4395.0, 6492.0], [4396.5, 6490.5], [4398.0, 6490.5], [4399.5, 6489.0], [4414.5, 6489.0], [4416.0, 6487.5], [4423.5, 6487.5], [4425.0, 6486.0], [4426.5, 6486.0], [4428.0, 6484.5], [4431.0, 6484.5], [4432.5, 6483.0], [4440.0, 6483.0], [4441.5, 6484.5], [4443.0, 6483.0], [4444.5, 6483.0], [4446.0, 6481.5], [4455.0, 6481.5], [4456.5, 6483.0], [4456.5, 6487.5], [4455.0, 6489.0], [4455.0, 6490.5], [4456.5, 6492.0], [4456.5, 6493.5], [4458.0, 6495.0], [4458.0, 6496.5], [4459.5, 6498.0], [4470.0, 6498.0], [4471.5, 6499.5], [4474.5, 6499.5], [4476.0, 6501.0], [4491.0, 6501.0], [4498.5, 6493.5], [4500.0, 6493.5], [4500.0, 6492.0], [4501.5, 6490.5], [4501.5, 6489.0], [4506.0, 6484.5], [4507.5, 6484.5], [4509.0, 6483.0], [4512.0, 6483.0], [4513.5, 6481.5], [4516.5, 6481.5], [4518.0, 6480.0], [4519.5, 6480.0], [4521.0, 6478.5], [4522.5, 6478.5], [4524.0, 6477.0], [4527.0, 6477.0], [4528.5, 6475.5], [4534.5, 6475.5], [4536.0, 6477.0], [4540.5, 6477.0], [4542.0, 6475.5], [4545.0, 6475.5], [4546.5, 6474.0], [4548.0, 6474.0], [4551.0, 6471.0], [4552.5, 6471.0], [4555.5, 6468.0], [4557.0, 6468.0], [4558.5, 6466.5], [4560.0, 6466.5], [4561.5, 6465.0], [4567.5, 6465.0], [4569.0, 6466.5], [4570.5, 6466.5], [4572.0, 6468.0], [4573.5, 6468.0], [4579.5, 6474.0], [4579.5, 6477.0], [4581.0, 6478.5], [4581.0, 6480.0], [4582.5, 6481.5], [4582.5, 6484.5], [4584.0, 6486.0], [4584.0, 6493.5], [4587.0, 6496.5], [4588.5, 6496.5], [4590.0, 6498.0], [4593.0, 6498.0], [4596.0, 6501.0], [4596.0, 6507.0], [4597.5, 6508.5], [4597.5, 6510.0], [4599.0, 6508.5], [4605.0, 6508.5], [4606.5, 6507.0], [4606.5, 6388.5], [4608.0, 6387.0], [4615.5, 6387.0], [4618.5, 6384.0], [4618.5, 6382.5], [4620.0, 6381.0], [4620.0, 6375.0], [4621.5, 6373.5], [4621.5, 6369.0], [4633.5, 6357.0], [4633.5, 6355.5], [4635.0, 6354.0], [4635.0, 6351.0], [4636.5, 6349.5], [4636.5, 6348.0], [4641.0, 6343.5], [4642.5, 6343.5], [4644.0, 6342.0], [4647.0, 6342.0], [4648.5, 6340.5], [4650.0, 6340.5], [4650.0, 6336.0], [4648.5, 6336.0], [4647.0, 6334.5], [4642.5, 6334.5], [4641.0, 6333.0], [4639.5, 6333.0], [4638.0, 6331.5], [4636.5, 6331.5], [4635.0, 6330.0], [4632.0, 6330.0], [4630.5, 6328.5], [4618.5, 6328.5], [4614.0, 6324.0], [4612.5, 6324.0], [4611.0, 6322.5], [4608.0, 6322.5], [4608.0, 6325.5], [4605.0, 6328.5], [4603.5, 6328.5], [4602.0, 6327.0], [4596.0, 6327.0], [4594.5, 6325.5], [4579.5, 6325.5], [4578.0, 6327.0], [4573.5, 6327.0], [4572.0, 6328.5], [4561.5, 6328.5], [4560.0, 6327.0], [4558.5, 6327.0], [4555.5, 6330.0], [4543.5, 6330.0], [4542.0, 6328.5], [4525.5, 6328.5], [4521.0, 6324.0], [4521.0, 6322.5], [4519.5, 6322.5], [4518.0, 6321.0], [4518.0, 6316.5], [4516.5, 6316.5], [4515.0, 6315.0], [4515.0, 6313.5], [4513.5, 6313.5], [4512.0, 6312.0], [4512.0, 6310.5], [4500.0, 6310.5], [4498.5, 6312.0], [4495.5, 6312.0], [4494.0, 6310.5], [4492.5, 6310.5], [4491.0, 6309.0], [4489.5, 6309.0], [4488.0, 6307.5], [4482.0, 6307.5], [4479.0, 6304.5], [4476.0, 6304.5], [4474.5, 6306.0], [4471.5, 6306.0], [4470.0, 6304.5], [4465.5, 6304.5], [4464.0, 6303.0], [4455.0, 6303.0], [4453.5, 6301.5], [4453.5, 6298.5], [4452.0, 6297.0], [4450.5, 6297.0], [4450.5, 6300.0], [4449.0, 6301.5], [4447.5, 6301.5], [4447.5, 6303.0], [4446.0, 6304.5], [4441.5, 6304.5], [4440.0, 6306.0], [4437.0, 6306.0], [4435.5, 6307.5], [4426.5, 6307.5], [4425.0, 6309.0], [4411.5, 6309.0], [4413.0, 6310.5], [4416.0, 6310.5], [4417.5, 6312.0], [4422.0, 6312.0], [4423.5, 6313.5], [4423.5, 6315.0], [4425.0, 6315.0], [4426.5, 6316.5], [4426.5, 6322.5], [4425.0, 6324.0], [4425.0, 6325.5], [4422.0, 6328.5], [4422.0, 6330.0], [4420.5, 6331.5], [4420.5, 6336.0], [4419.0, 6337.5], [4419.0, 6339.0], [4417.5, 6340.5], [4417.5, 6342.0], [4414.5, 6345.0], [4414.5, 6346.5], [4408.5, 6352.5], [4408.5, 6354.0], [4407.0, 6355.5], [4405.5, 6355.5], [4405.5, 6357.0], [4404.0, 6358.5], [4402.5, 6358.5], [4402.5, 6360.0], [4401.0, 6361.5], [4399.5, 6361.5], [4399.5, 6363.0], [4398.0, 6364.5], [4396.5, 6364.5], [4393.5, 6367.5], [4392.0, 6367.5], [4390.5, 6369.0], [4387.5, 6369.0], [4386.0, 6370.5], [4381.5, 6370.5], [4380.0, 6372.0], [4378.5, 6372.0], [4377.0, 6373.5], [4372.5, 6373.5], [4371.0, 6372.0], [4368.0, 6372.0], [4366.5, 6370.5], [4363.5, 6370.5], [4362.0, 6369.0], [4360.5, 6369.0], [4356.0, 6364.5], [4354.5, 6364.5], [4350.0, 6360.0], [4350.0, 6358.5], [4348.5, 6357.0], [4348.5, 6355.5], [4347.0, 6354.0], [4345.5, 6354.0], [4341.0, 6349.5], [4339.5, 6349.5], [4332.0, 6342.0], [4332.0, 6340.5], [4330.5, 6339.0], [4330.5, 6334.5], [4329.0, 6333.0], [4329.0, 6322.5], [4330.5, 6321.0], [4330.5, 6319.5], [4335.0, 6315.0], [4338.0, 6315.0], [4338.0, 6313.5], [4339.5, 6312.0], [4341.0, 6312.0], [4341.0, 6304.5], [4342.5, 6303.0], [4342.5, 6301.5], [4344.0, 6300.0], [4344.0, 6295.5], [4345.5, 6294.0], [4347.0, 6294.0], [4347.0, 6292.5], [4351.5, 6288.0], [4351.5, 6286.5], [4353.0, 6285.0], [4357.5, 6285.0], [4359.0, 6286.5], [4360.5, 6286.5], [4362.0, 6288.0], [4366.5, 6288.0], [4365.0, 6286.5], [4368.0, 6283.5], [4368.0, 6282.0], [4371.0, 6279.0], [4374.0, 6279.0], [4377.0, 6276.0], [4389.0, 6276.0], [4392.0, 6279.0], [4401.0, 6279.0], [4401.0, 6277.5], [4405.5, 6273.0], [4407.0, 6273.0], [4407.0, 6271.5], [4408.5, 6270.0], [4413.0, 6270.0], [4414.5, 6268.5], [4416.0, 6268.5], [4417.5, 6267.0], [4419.0, 6267.0], [4422.0, 6264.0], [4437.0, 6264.0], [4440.0, 6267.0], [4444.5, 6267.0], [4446.0, 6265.5], [4450.5, 6265.5], [4452.0, 6264.0], [4453.5, 6264.0], [4455.0, 6262.5], [4456.5, 6262.5], [4464.0, 6255.0], [4464.0, 6253.5], [4465.5, 6252.0], [4467.0, 6252.0], [4467.0, 6250.5], [4468.5, 6249.0], [4470.0, 6249.0], [4471.5, 6247.5], [4473.0, 6247.5], [4474.5, 6246.0], [4482.0, 6246.0], [4483.5, 6247.5], [4485.0, 6247.5], [4486.5, 6249.0], [4488.0, 6249.0], [4492.5, 6253.5], [4492.5, 6255.0], [4494.0, 6256.5], [4494.0, 6258.0], [4495.5, 6259.5], [4495.5, 6267.0], [4497.0, 6267.0], [4498.5, 6268.5], [4498.5, 6270.0], [4509.0, 6270.0], [4510.5, 6268.5], [4515.0, 6268.5], [4516.5, 6270.0], [4521.0, 6270.0], [4522.5, 6268.5], [4524.0, 6268.5], [4525.5, 6267.0], [4539.0, 6267.0], [4540.5, 6265.5], [4542.0, 6265.5], [4543.5, 6264.0], [4545.0, 6264.0], [4546.5, 6262.5], [4548.0, 6262.5], [4549.5, 6261.0], [4563.0, 6261.0], [4564.5, 6262.5], [4566.0, 6262.5], [4567.5, 6264.0], [4575.0, 6264.0], [4575.0, 6262.5], [4579.5, 6258.0], [4581.0, 6258.0], [4581.0, 6256.5], [4585.5, 6252.0], [4587.0, 6252.0], [4588.5, 6250.5], [4590.0, 6250.5], [4591.5, 6249.0], [4594.5, 6249.0], [4596.0, 6247.5], [4597.5, 6247.5], [4599.0, 6246.0], [4600.5, 6247.5], [4602.0, 6247.5], [4603.5, 6246.0], [4606.5, 6246.0], [4608.0, 6247.5], [4608.0, 6252.0], [4614.0, 6252.0], [4615.5, 6253.5], [4618.5, 6253.5], [4620.0, 6255.0], [4624.5, 6255.0], [4627.5, 6258.0], [4627.5, 6259.5], [4633.5, 6265.5], [4633.5, 6267.0], [4635.0, 6268.5], [4636.5, 6268.5], [4644.0, 6276.0], [4644.0, 6277.5], [4645.5, 6279.0], [4645.5, 6285.0], [4650.0, 6285.0], [4650.0, 6283.5], [4651.5, 6282.0], [4651.5, 6280.5], [4653.0, 6279.0], [4653.0, 6276.0], [4654.5, 6274.5], [4654.5, 6273.0], [4653.0, 6271.5], [4654.5, 6270.0], [4654.5, 6264.0], [4653.0, 6262.5], [4653.0, 6256.5], [4651.5, 6256.5], [4650.0, 6255.0], [4648.5, 6255.0], [4647.0, 6256.5], [4645.5, 6255.0], [4644.0, 6256.5], [4639.5, 6256.5], [4638.0, 6255.0], [4639.5, 6253.5], [4641.0, 6253.5], [4638.0, 6250.5], [4638.0, 6249.0], [4636.5, 6247.5], [4636.5, 6246.0], [4635.0, 6244.5], [4639.5, 6240.0], [4641.0, 6240.0], [4641.0, 6238.5], [4642.5, 6237.0], [4644.0, 6237.0], [4644.0, 6235.5], [4645.5, 6234.0], [4647.0, 6234.0], [4650.0, 6231.0], [4651.5, 6231.0], [4653.0, 6229.5], [4654.5, 6231.0], [4656.0, 6231.0], [4657.5, 6229.5], [4659.0, 6229.5], [4660.5, 6231.0], [4665.0, 6231.0], [4668.0, 6234.0], [4671.0, 6234.0], [4672.5, 6232.5], [4680.0, 6232.5], [4681.5, 6231.0], [4683.0, 6231.0], [4684.5, 6232.5], [4686.0, 6232.5], [4690.5, 6237.0], [4695.0, 6237.0], [4696.5, 6238.5], [4696.5, 6240.0], [4695.0, 6241.5], [4693.5, 6241.5], [4692.0, 6243.0], [4690.5, 6243.0], [4690.5, 6246.0], [4692.0, 6247.5], [4692.0, 6249.0], [4690.5, 6250.5], [4690.5, 6252.0], [4692.0, 6253.5], [4690.5, 6255.0], [4690.5, 6256.5], [4695.0, 6261.0], [4695.0, 6264.0], [4693.5, 6265.5], [4693.5, 6267.0], [4690.5, 6270.0], [4690.5, 6273.0], [4686.0, 6277.5], [4684.5, 6277.5], [4684.5, 6279.0], [4683.0, 6280.5], [4689.0, 6280.5], [4690.5, 6282.0], [4690.5, 6283.5], [4695.0, 6288.0], [4698.0, 6288.0], [4701.0, 6291.0], [4707.0, 6291.0], [4710.0, 6288.0], [4719.0, 6288.0], [4717.5, 6286.5], [4716.0, 6286.5], [4711.5, 6282.0], [4711.5, 6280.5], [4710.0, 6279.0], [4710.0, 6277.5], [4711.5, 6276.0], [4711.5, 6274.5], [4714.5, 6271.5], [4714.5, 6267.0], [4713.0, 6265.5], [4714.5, 6264.0], [4714.5, 6261.0], [4716.0, 6259.5], [4716.0, 6258.0], [4720.5, 6253.5], [4720.5, 6252.0], [4726.5, 6246.0], [4728.0, 6246.0], [4731.0, 6243.0], [4732.5, 6243.0], [4741.5, 6234.0], [4741.5, 6232.5], [4743.0, 6231.0], [4743.0, 6229.5], [4747.5, 6225.0], [4753.5, 6225.0], [4755.0, 6223.5], [4762.5, 6223.5], [4764.0, 6222.0], [4767.0, 6222.0], [4768.5, 6220.5], [4770.0, 6220.5], [4771.5, 6219.0], [4773.0, 6219.0], [4777.5, 6214.5], [4777.5, 6213.0], [4785.0, 6205.5], [4786.5, 6205.5], [4788.0, 6204.0], [4789.5, 6204.0], [4791.0, 6202.5], [4794.0, 6202.5], [4797.0, 6199.5], [4798.5, 6199.5], [4801.5, 6196.5], [4801.5, 6195.0], [4809.0, 6187.5], [4809.0, 6186.0], [4813.5, 6181.5], [4813.5, 6180.0], [4818.0, 6175.5], [4818.0, 6174.0], [4821.0, 6171.0], [4821.0, 6169.5], [4822.5, 6168.0], [4824.0, 6168.0], [4827.0, 6165.0], [4828.5, 6165.0], [4833.0, 6160.5], [4834.5, 6160.5], [4836.0, 6159.0], [4839.0, 6159.0], [4840.5, 6157.5], [4842.0, 6157.5], [4843.5, 6156.0], [4845.0, 6156.0], [4848.0, 6153.0], [4849.5, 6153.0], [4851.0, 6151.5], [4851.0, 6148.5], [4852.5, 6147.0], [4852.5, 6144.0], [4182.0, 6144.0], [4182.0, 6145.5]]]}}, {"type": "Feature", "properties": {"class_id": 3, "classification": "Darkspot & Foreign Object", "area": 2.25}, "geometry": {"type": "Polygon", "coordinates": [[[9061.5, 5971.5], [9063.0, 5971.5], [9061.5, 5970.0], [9060.0, 5970.0], [9061.5, 5971.5]]]}}, {"type": "Feature", "properties": {"class_id": 3, "classification": "Darkspot & Foreign Object", "area": 320.625}, "geometry": {"type": "Polygon", "coordinates": [[[9741.0, 5895.0], [9739.5, 5896.5], [9738.0, 5896.5], [9736.5, 5898.0], [9735.0, 5898.0], [9733.5, 5899.5], [9733.5, 5902.5], [9732.0, 5904.0], [9732.0, 5907.0], [9738.0, 5913.0], [9739.5, 5913.0], [9741.0, 5914.5], [9742.5, 5914.5], [9744.0, 5916.0], [9748.5, 5916.0], [9750.0, 5914.5], [9751.5, 5914.5], [9751.5, 5913.0], [9753.0, 5911.5], [9753.0, 5904.0], [9751.5, 5902.5], [9751.5, 5901.0], [9747.0, 5896.5], [9744.0, 5896.5], [9742.5, 5895.0], [9741.0, 5895.0]]]}}, {"type": "Feature", "properties": {"class_id": 3, "classification": "Darkspot & Foreign Object", "area": 26555.625}, "geometry": {"type": "Polygon", "coordinates": [[[9210.0, 5809.5], [9205.5, 5814.0], [9205.5, 5815.5], [9204.0, 5817.0], [9204.0, 5818.5], [9202.5, 5820.0], [9202.5, 5827.5], [9204.0, 5829.0], [9204.0, 5839.5], [9202.5, 5841.0], [9202.5, 5844.0], [9201.0, 5845.5], [9201.0, 5848.5], [9199.5, 5850.0], [9199.5, 5851.5], [9198.0, 5853.0], [9198.0, 5854.5], [9196.5, 5856.0], [9196.5, 5857.5], [9198.0, 5859.0], [9198.0, 5877.0], [9199.5, 5878.5], [9199.5, 5887.5], [9193.5, 5893.5], [9192.0, 5893.5], [9190.5, 5895.0], [9189.0, 5895.0], [9187.5, 5893.5], [9186.0, 5893.5], [9184.5, 5892.0], [9183.0, 5892.0], [9177.0, 5886.0], [9177.0, 5884.5], [9171.0, 5878.5], [9171.0, 5877.0], [9168.0, 5874.0], [9168.0, 5872.5], [9166.5, 5872.5], [9163.5, 5869.5], [9162.0, 5869.5], [9160.5, 5868.0], [9159.0, 5868.0], [9154.5, 5863.5], [9153.0, 5863.5], [9150.0, 5860.5], [9147.0, 5860.5], [9145.5, 5859.0], [9144.0, 5859.0], [9141.0, 5856.0], [9139.5, 5856.0], [9138.0, 5854.5], [9136.5, 5854.5], [9135.0, 5853.0], [9133.5, 5853.0], [9132.0, 5851.5], [9130.5, 5851.5], [9129.0, 5850.0], [9127.5, 5850.0], [9126.0, 5848.5], [9115.5, 5848.5], [9114.0, 5850.0], [9111.0, 5850.0], [9109.5, 5848.5], [9100.5, 5848.5], [9099.0, 5847.0], [9090.0, 5847.0], [9088.5, 5845.5], [9081.0, 5845.5], [9079.5, 5844.0], [9076.5, 5844.0], [9075.0, 5842.5], [9072.0, 5842.5], [9070.5, 5841.0], [9069.0, 5841.0], [9067.5, 5839.5], [9049.5, 5839.5], [9048.0, 5841.0], [9042.0, 5841.0], [9040.5, 5842.5], [9031.5, 5842.5], [9030.0, 5844.0], [9030.0, 5845.5], [9028.5, 5847.0], [9025.5, 5844.0], [9024.0, 5845.5], [9021.0, 5845.5], [9019.5, 5847.0], [9018.0, 5847.0], [9016.5, 5848.5], [9015.0, 5848.5], [9012.0, 5851.5], [9010.5, 5851.5], [9010.5, 5853.0], [9012.0, 5853.0], [9013.5, 5854.5], [9013.5, 5856.0], [9012.0, 5857.5], [9009.0, 5857.5], [9007.5, 5856.0], [9007.5, 5854.5], [9004.5, 5854.5], [9003.0, 5856.0], [9001.5, 5856.0], [9000.0, 5857.5], [8997.0, 5857.5], [8994.0, 5860.5], [8991.0, 5860.5], [8989.5, 5862.0], [8988.0, 5862.0], [8986.5, 5863.5], [8985.0, 5863.5], [8983.5, 5865.0], [8982.0, 5865.0], [8979.0, 5868.0], [8977.5, 5868.0], [8967.0, 5878.5], [8967.0, 5880.0], [8962.5, 5884.5], [8962.5, 5886.0], [8961.0, 5887.5], [8961.0, 5889.0], [8959.5, 5890.5], [8959.5, 5892.0], [8958.0, 5893.5], [8958.0, 5896.5], [8956.5, 5898.0], [8956.5, 5904.0], [8958.0, 5905.5], [8958.0, 5908.5], [8959.5, 5907.0], [8959.5, 5905.5], [8962.5, 5902.5], [8964.0, 5902.5], [8967.0, 5899.5], [8970.0, 5899.5], [8971.5, 5898.0], [8973.0, 5898.0], [8974.5, 5899.5], [8976.0, 5899.5], [8977.5, 5901.0], [8977.5, 5902.5], [8979.0, 5904.0], [8979.0, 5905.5], [8980.5, 5907.0], [8980.5, 5911.5], [8982.0, 5913.0], [8982.0, 5922.0], [8980.5, 5923.5], [8980.5, 5926.5], [8979.0, 5928.0], [8979.0, 5929.5], [8976.0, 5932.5], [8976.0, 5934.0], [8982.0, 5940.0], [8983.5, 5940.0], [8989.5, 5946.0], [8991.0, 5946.0], [8994.0, 5949.0], [8995.5, 5949.0], [8998.5, 5952.0], [9000.0, 5952.0], [9003.0, 5955.0], [9004.5, 5955.0], [9006.0, 5956.5], [9007.5, 5956.5], [9009.0, 5958.0], [9012.0, 5958.0], [9013.5, 5959.5], [9015.0, 5959.5], [9016.5, 5961.0], [9021.0, 5961.0], [9022.5, 5962.5], [9027.0, 5962.5], [9028.5, 5964.0], [9030.0, 5964.0], [9031.5, 5965.5], [9034.5, 5965.5], [9036.0, 5967.0], [9046.5, 5967.0], [9046.5, 5965.5], [9048.0, 5964.0], [9048.0, 5962.5], [9054.0, 5956.5], [9064.5, 5956.5], [9066.0, 5955.0], [9075.0, 5955.0], [9078.0, 5958.0], [9079.5, 5958.0], [9085.5, 5964.0], [9085.5, 5965.5], [9087.0, 5967.0], [9087.0, 5971.5], [9082.5, 5976.0], [9082.5, 5977.5], [9084.0, 5977.5], [9085.5, 5979.0], [9087.0, 5979.0], [9088.5, 5980.5], [9093.0, 5980.5], [9094.5, 5982.0], [9102.0, 5982.0], [9102.0, 5977.5], [9105.0, 5974.5], [9115.5, 5974.5], [9117.0, 5976.0], [9118.5, 5976.0], [9121.5, 5979.0], [9124.5, 5979.0], [9126.0, 5977.5], [9127.5, 5977.5], [9129.0, 5976.0], [9129.0, 5974.5], [9130.5, 5973.0], [9130.5, 5971.5], [9136.5, 5965.5], [9138.0, 5965.5], [9139.5, 5964.0], [9145.5, 5964.0], [9147.0, 5965.5], [9148.5, 5965.5], [9150.0, 5967.0], [9151.5, 5965.5], [9153.0, 5965.5], [9157.5, 5961.0], [9159.0, 5961.0], [9160.5, 5959.5], [9168.0, 5959.5], [9169.5, 5961.0], [9171.0, 5961.0], [9174.0, 5964.0], [9177.0, 5964.0], [9180.0, 5967.0], [9181.5, 5967.0], [9183.0, 5968.5], [9184.5, 5968.5], [9186.0, 5970.0], [9195.0, 5970.0], [9196.5, 5971.5], [9202.5, 5971.5], [9207.0, 5976.0], [9207.0, 5977.5], [9208.5, 5979.0], [9210.0, 5979.0], [9210.0, 5976.0], [9211.5, 5974.5], [9211.5, 5971.5], [9214.5, 5968.5], [9214.5, 5812.5], [9213.0, 5811.0], [9211.5, 5811.0], [9210.0, 5809.5]]]}}, {"type": "Feature", "properties": {"class_id": 3, "classification": "Darkspot & Foreign Object", "area": 1256.625}, "geometry": {"type": "Polygon", "coordinates": [[[3072.0, 5467.5], [3072.0, 5523.0], [3073.5, 5523.0], [3075.0, 5524.5], [3076.5, 5524.5], [3078.0, 5526.0], [3079.5, 5526.0], [3081.0, 5524.5], [3085.5, 5524.5], [3087.0, 5523.0], [3088.5, 5523.0], [3090.0, 5521.5], [3091.5, 5521.5], [3094.5, 5518.5], [3094.5, 5517.0], [3096.0, 5515.5], [3096.0, 5514.0], [3097.5, 5512.5], [3097.5, 5509.5], [3099.0, 5508.0], [3099.0, 5506.5], [3100.5, 5505.0], [3100.5, 5500.5], [3102.0, 5499.0], [3102.0, 5497.5], [3100.5, 5496.0], [3100.5, 5493.0], [3099.0, 5491.5], [3099.0, 5490.0], [3091.5, 5482.5], [3091.5, 5481.0], [3084.0, 5473.5], [3084.0, 5472.0], [3082.5, 5470.5], [3081.0, 5470.5], [3079.5, 5469.0], [3078.0, 5469.0], [3076.5, 5467.5], [3072.0, 5467.5]]]}}, {"type": "Feature", "properties": {"class_id": 3, "classification": "Darkspot & Foreign Object", "area": 169.875}, "geometry": {"type": "Polygon", "coordinates": [[[4687.5, 5007.0], [4686.0, 5008.5], [4675.5, 5008.5], [4674.0, 5010.0], [4674.0, 5011.5], [4677.0, 5014.5], [4678.5, 5014.5], [4680.0, 5016.0], [4681.5, 5016.0], [4683.0, 5017.5], [4692.0, 5017.5], [4695.0, 5014.5], [4695.0, 5008.5], [4693.5, 5007.0], [4687.5, 5007.0]]]}}, {"type": "Feature", "properties": {"class_id": 3, "classification": "Darkspot & Foreign Object", "area": 3530.25}, "geometry": {"type": "Polygon", "coordinates": [[[4792.5, 4965.0], [4791.0, 4966.5], [4786.5, 4966.5], [4785.0, 4968.0], [4783.5, 4968.0], [4782.0, 4969.5], [4780.5, 4969.5], [4780.5, 4971.0], [4774.5, 4977.0], [4774.5, 4978.5], [4768.5, 4984.5], [4768.5, 4986.0], [4764.0, 4990.5], [4764.0, 4992.0], [4762.5, 4993.5], [4762.5, 4995.0], [4759.5, 4998.0], [4759.5, 5001.0], [4758.0, 5002.5], [4758.0, 5004.0], [4753.5, 5008.5], [4753.5, 5010.0], [4752.0, 5011.5], [4750.5, 5011.5], [4750.5, 5013.0], [4749.0, 5014.5], [4747.5, 5014.5], [4747.5, 5016.0], [4746.0, 5017.5], [4756.5, 5028.0], [4758.0, 5028.0], [4767.0, 5037.0], [4768.5, 5037.0], [4770.0, 5038.5], [4771.5, 5038.5], [4773.0, 5040.0], [4780.5, 5040.0], [4782.0, 5038.5], [4783.5, 5038.5], [4785.0, 5037.0], [4786.5, 5037.0], [4792.5, 5031.0], [4794.0, 5031.0], [4798.5, 5026.5], [4800.0, 5026.5], [4801.5, 5025.0], [4803.0, 5025.0], [4804.5, 5023.5], [4806.0, 5023.5], [4807.5, 5022.0], [4809.0, 5022.0], [4809.0, 5020.5], [4815.0, 5014.5], [4815.0, 5013.0], [4816.5, 5011.5], [4816.5, 5010.0], [4818.0, 5008.5], [4818.0, 5005.5], [4819.5, 5004.0], [4819.5, 4999.5], [4821.0, 4998.0], [4821.0, 4983.0], [4822.5, 4981.5], [4822.5, 4980.0], [4821.0, 4980.0], [4819.5, 4978.5], [4818.0, 4978.5], [4815.0, 4975.5], [4813.5, 4975.5], [4810.5, 4972.5], [4809.0, 4972.5], [4806.0, 4969.5], [4803.0, 4969.5], [4801.5, 4968.0], [4800.0, 4968.0], [4798.5, 4966.5], [4797.0, 4966.5], [4795.5, 4965.0], [4792.5, 4965.0]]]}}, {"type": "Feature", "properties": {"class_id": 3, "classification": "Darkspot & Foreign Object", "area": 27799.875}, "geometry": {"type": "Polygon", "coordinates": [[[2293.5, 4954.5], [2290.5, 4957.5], [2290.5, 4959.0], [2287.5, 4962.0], [2284.5, 4962.0], [2283.0, 4963.5], [2283.0, 4966.5], [2281.5, 4968.0], [2281.5, 4969.5], [2283.0, 4971.0], [2283.0, 4972.5], [2286.0, 4975.5], [2287.5, 4975.5], [2293.5, 4981.5], [2293.5, 4983.0], [2295.0, 4984.5], [2295.0, 4986.0], [2292.0, 4989.0], [2292.0, 4992.0], [2290.5, 4993.5], [2290.5, 4995.0], [2287.5, 4998.0], [2286.0, 4998.0], [2284.5, 4996.5], [2283.0, 4996.5], [2280.0, 4993.5], [2278.5, 4993.5], [2277.0, 4992.0], [2271.0, 4992.0], [2269.5, 4990.5], [2269.5, 4987.5], [2266.5, 4984.5], [2265.0, 4984.5], [2263.5, 4986.0], [2253.0, 4986.0], [2251.5, 4984.5], [2245.5, 4984.5], [2244.0, 4986.0], [2236.5, 4986.0], [2235.0, 4984.5], [2217.0, 4984.5], [2215.5, 4986.0], [2209.5, 4986.0], [2208.0, 4987.5], [2206.5, 4987.5], [2205.0, 4989.0], [2202.0, 4989.0], [2200.5, 4990.5], [2197.5, 4990.5], [2196.0, 4992.0], [2194.5, 4992.0], [2193.0, 4993.5], [2191.5, 4993.5], [2190.0, 4995.0], [2188.5, 4995.0], [2187.0, 4996.5], [2185.5, 4996.5], [2184.0, 4998.0], [2182.5, 4998.0], [2178.0, 5002.5], [2176.5, 5002.5], [2170.5, 5008.5], [2169.0, 5008.5], [2164.5, 5013.0], [2164.5, 5014.5], [2161.5, 5017.5], [2161.5, 5019.0], [2158.5, 5022.0], [2158.5, 5023.5], [2154.0, 5028.0], [2154.0, 5029.5], [2145.0, 5038.5], [2143.5, 5038.5], [2137.5, 5044.5], [2137.5, 5046.0], [2133.0, 5050.5], [2133.0, 5052.0], [2134.5, 5053.5], [2134.5, 5056.5], [2136.0, 5058.0], [2136.0, 5062.5], [2134.5, 5064.0], [2134.5, 5065.5], [2128.5, 5071.5], [2127.0, 5071.5], [2124.0, 5074.5], [2122.5, 5074.5], [2122.5, 5077.5], [2121.0, 5079.0], [2121.0, 5082.0], [2122.5, 5083.5], [2122.5, 5091.0], [2124.0, 5092.5], [2124.0, 5094.0], [2125.5, 5095.5], [2125.5, 5098.5], [2127.0, 5100.0], [2127.0, 5103.0], [2128.5, 5104.5], [2128.5, 5110.5], [2130.0, 5112.0], [2130.0, 5115.0], [2131.5, 5116.5], [2131.5, 5119.5], [2133.0, 5121.0], [2133.0, 5122.5], [2134.5, 5124.0], [2134.5, 5125.5], [2137.5, 5128.5], [2137.5, 5130.0], [2142.0, 5134.5], [2142.0, 5136.0], [2146.5, 5140.5], [2146.5, 5142.0], [2161.5, 5157.0], [2163.0, 5157.0], [2164.5, 5158.5], [2166.0, 5158.5], [2169.0, 5161.5], [2170.5, 5161.5], [2172.0, 5163.0], [2173.5, 5163.0], [2175.0, 5164.5], [2176.5, 5164.5], [2178.0, 5166.0], [2179.5, 5166.0], [2182.5, 5169.0], [2197.5, 5169.0], [2199.0, 5167.5], [2214.0, 5167.5], [2215.5, 5166.0], [2232.0, 5166.0], [2233.5, 5164.5], [2244.0, 5164.5], [2245.5, 5163.0], [2251.5, 5163.0], [2253.0, 5161.5], [2256.0, 5161.5], [2257.5, 5160.0], [2262.0, 5160.0], [2263.5, 5158.5], [2266.5, 5158.5], [2268.0, 5157.0], [2271.0, 5157.0], [2272.5, 5155.5], [2277.0, 5155.5], [2278.5, 5154.0], [2289.0, 5154.0], [2290.5, 5155.5], [2292.0, 5155.5], [2296.5, 5160.0], [2298.0, 5160.0], [2299.5, 5158.5], [2301.0, 5158.5], [2302.5, 5157.0], [2302.5, 5125.5], [2299.5, 5125.5], [2298.0, 5124.0], [2298.0, 5119.5], [2299.5, 5118.0], [2302.5, 5118.0], [2302.5, 4992.0], [2298.0, 4987.5], [2298.0, 4986.0], [2296.5, 4984.5], [2296.5, 4980.0], [2298.0, 4978.5], [2298.0, 4972.5], [2301.0, 4969.5], [2301.0, 4968.0], [2302.5, 4966.5], [2302.5, 4962.0], [2295.0, 4954.5], [2293.5, 4954.5]]]}}, {"type": "Feature", "properties": {"class_id": 3, "classification": "Darkspot & Foreign Object", "area": 11.25}, "geometry": {"type": "Polygon", "coordinates": [[[19084.5, 4608.0], [19084.5, 4609.5], [19086.0, 4611.0], [19086.0, 4612.5], [19087.5, 4612.5], [19087.5, 4609.5], [19089.0, 4608.0], [19084.5, 4608.0]]]}}, {"type": "Feature", "properties": {"class_id": 3, "classification": "Darkspot & Foreign Object", "area": 2763.0}, "geometry": {"type": "Polygon", "coordinates": [[[17668.5, 4545.0], [17667.0, 4546.5], [17664.0, 4546.5], [17664.0, 4606.5], [17724.0, 4606.5], [17725.5, 4605.0], [17724.0, 4603.5], [17724.0, 4597.5], [17722.5, 4596.0], [17722.5, 4594.5], [17719.5, 4591.5], [17719.5, 4590.0], [17718.0, 4588.5], [17718.0, 4584.0], [17715.0, 4581.0], [17715.0, 4579.5], [17712.0, 4576.5], [17712.0, 4575.0], [17704.5, 4567.5], [17704.5, 4566.0], [17700.0, 4561.5], [17700.0, 4560.0], [17695.5, 4555.5], [17695.5, 4554.0], [17694.0, 4552.5], [17692.5, 4552.5], [17689.5, 4549.5], [17688.0, 4549.5], [17686.5, 4548.0], [17682.0, 4548.0], [17680.5, 4546.5], [17671.5, 4546.5], [17670.0, 4545.0], [17668.5, 4545.0]]]}}, {"type": "Feature", "properties": {"class_id": 3, "classification": "Darkspot & Foreign Object", "area": 2323.125}, "geometry": {"type": "Polygon", "coordinates": [[[17206.5, 4515.0], [17205.0, 4516.5], [17200.5, 4516.5], [17199.0, 4518.0], [17196.0, 4518.0], [17194.5, 4519.5], [17188.5, 4519.5], [17187.0, 4518.0], [17184.0, 4518.0], [17182.5, 4519.5], [17181.0, 4519.5], [17179.5, 4521.0], [17176.5, 4521.0], [17175.0, 4522.5], [17173.5, 4522.5], [17169.0, 4527.0], [17169.0, 4534.5], [17167.5, 4536.0], [17155.5, 4536.0], [17154.0, 4537.5], [17149.5, 4537.5], [17145.0, 4542.0], [17145.0, 4543.5], [17143.5, 4545.0], [17143.5, 4546.5], [17145.0, 4548.0], [17145.0, 4549.5], [17146.5, 4551.0], [17146.5, 4552.5], [17148.0, 4554.0], [17148.0, 4555.5], [17149.5, 4557.0], [17149.5, 4558.5], [17151.0, 4560.0], [17151.0, 4561.5], [17152.5, 4563.0], [17160.0, 4563.0], [17161.5, 4564.5], [17167.5, 4564.5], [17169.0, 4566.0], [17176.5, 4566.0], [17178.0, 4567.5], [17181.0, 4567.5], [17182.5, 4566.0], [17184.0, 4566.0], [17184.0, 4564.5], [17185.5, 4563.0], [17185.5, 4555.5], [17184.0, 4554.0], [17184.0, 4552.5], [17182.5, 4551.0], [17182.5, 4549.5], [17184.0, 4548.0], [17184.0, 4546.5], [17190.0, 4540.5], [17193.0, 4540.5], [17200.5, 4548.0], [17202.0, 4548.0], [17203.5, 4549.5], [17205.0, 4549.5], [17206.5, 4548.0], [17208.0, 4548.0], [17209.5, 4546.5], [17212.5, 4546.5], [17214.0, 4548.0], [17223.0, 4548.0], [17226.0, 4545.0], [17226.0, 4537.5], [17218.5, 4530.0], [17218.5, 4525.5], [17217.0, 4524.0], [17217.0, 4522.5], [17215.5, 4521.0], [17215.5, 4519.5], [17212.5, 4516.5], [17209.5, 4516.5], [17208.0, 4515.0], [17206.5, 4515.0]]]}}, {"type": "Feature", "properties": {"class_id": 3, "classification": "Darkspot & Foreign Object", "area": 6782.625}, "geometry": {"type": "Polygon", "coordinates": [[[2296.5, 4216.5], [2293.5, 4219.5], [2292.0, 4219.5], [2289.0, 4222.5], [2278.5, 4222.5], [2277.0, 4221.0], [2274.0, 4221.0], [2272.5, 4219.5], [2262.0, 4219.5], [2260.5, 4218.0], [2259.0, 4218.0], [2257.5, 4219.5], [2254.5, 4219.5], [2253.0, 4221.0], [2248.5, 4221.0], [2248.5, 4222.5], [2247.0, 4224.0], [2247.0, 4225.5], [2245.5, 4227.0], [2245.5, 4228.5], [2242.5, 4231.5], [2242.5, 4233.0], [2241.0, 4234.5], [2239.5, 4234.5], [2238.0, 4236.0], [2235.0, 4236.0], [2232.0, 4233.0], [2232.0, 4231.5], [2230.5, 4231.5], [2226.0, 4236.0], [2226.0, 4237.5], [2224.5, 4239.0], [2224.5, 4240.5], [2223.0, 4242.0], [2223.0, 4243.5], [2221.5, 4245.0], [2221.5, 4248.0], [2220.0, 4249.5], [2220.0, 4252.5], [2218.5, 4254.0], [2218.5, 4275.0], [2220.0, 4276.5], [2220.0, 4279.5], [2221.5, 4281.0], [2221.5, 4284.0], [2223.0, 4285.5], [2223.0, 4287.0], [2224.5, 4288.5], [2224.5, 4291.5], [2233.5, 4300.5], [2235.0, 4300.5], [2236.5, 4302.0], [2242.5, 4302.0], [2244.0, 4303.5], [2251.5, 4303.5], [2253.0, 4305.0], [2263.5, 4305.0], [2265.0, 4306.5], [2268.0, 4306.5], [2269.5, 4308.0], [2271.0, 4308.0], [2272.5, 4309.5], [2274.0, 4309.5], [2277.0, 4312.5], [2278.5, 4312.5], [2281.5, 4315.5], [2283.0, 4315.5], [2284.5, 4317.0], [2286.0, 4317.0], [2287.5, 4318.5], [2290.5, 4318.5], [2292.0, 4320.0], [2293.5, 4320.0], [2298.0, 4324.5], [2301.0, 4324.5], [2302.5, 4323.0], [2302.5, 4230.0], [2301.0, 4228.5], [2301.0, 4219.5], [2299.5, 4218.0], [2298.0, 4218.0], [2296.5, 4216.5]]]}}, {"type": "Feature", "properties": {"class_id": 3, "classification": "Darkspot & Foreign Object", "area": 9.0}, "geometry": {"type": "Polygon", "coordinates": [[[22045.5, 3835.5], [22050.0, 3835.5], [22051.5, 3834.0], [22044.0, 3834.0], [22045.5, 3835.5]]]}}, {"type": "Feature", "properties": {"class_id": 3, "classification": "Darkspot & Foreign Object", "area": 112.5}, "geometry": {"type": "Polygon", "coordinates": [[[22093.5, 3831.0], [22092.0, 3832.5], [22089.0, 3832.5], [22086.0, 3835.5], [22086.0, 3837.0], [22087.5, 3838.5], [22104.0, 3838.5], [22104.0, 3834.0], [22102.5, 3832.5], [22101.0, 3832.5], [22099.5, 3831.0], [22093.5, 3831.0]]]}}, {"type": "Feature", "properties": {"class_id": 3, "classification": "Darkspot & Foreign Object", "area": 254.25}, "geometry": {"type": "Polygon", "coordinates": [[[2364.0, 3813.0], [2364.0, 3814.5], [2359.5, 3819.0], [2359.5, 3820.5], [2356.5, 3823.5], [2356.5, 3826.5], [2355.0, 3828.0], [2355.0, 3838.5], [2364.0, 3838.5], [2365.5, 3837.0], [2367.0, 3837.0], [2367.0, 3834.0], [2368.5, 3832.5], [2368.5, 3820.5], [2367.0, 3819.0], [2367.0, 3816.0], [2365.5, 3814.5], [2365.5, 3813.0], [2364.0, 3813.0]]]}}, {"type": "Feature", "properties": {"class_id": 3, "classification": "Darkspot & Foreign Object", "area": 1131.75}, "geometry": {"type": "Polygon", "coordinates": [[[22027.5, 3787.5], [22026.0, 3789.0], [22024.5, 3789.0], [22023.0, 3790.5], [22021.5, 3790.5], [22020.0, 3792.0], [22018.5, 3792.0], [22014.0, 3796.5], [22012.5, 3796.5], [22006.5, 3802.5], [22006.5, 3804.0], [22005.0, 3805.5], [22005.0, 3808.5], [22006.5, 3810.0], [22006.5, 3811.5], [22008.0, 3813.0], [22008.0, 3814.5], [22018.5, 3825.0], [22018.5, 3826.5], [22020.0, 3828.0], [22020.0, 3834.0], [22021.5, 3835.5], [22021.5, 3837.0], [22023.0, 3837.0], [22024.5, 3838.5], [22032.0, 3838.5], [22033.5, 3837.0], [22033.5, 3835.5], [22035.0, 3834.0], [22036.5, 3834.0], [22036.5, 3832.5], [22033.5, 3829.5], [22033.5, 3828.0], [22035.0, 3826.5], [22035.0, 3819.0], [22036.5, 3817.5], [22036.5, 3814.5], [22038.0, 3813.0], [22038.0, 3811.5], [22039.5, 3810.0], [22039.5, 3799.5], [22038.0, 3798.0], [22038.0, 3796.5], [22036.5, 3795.0], [22036.5, 3792.0], [22032.0, 3787.5], [22027.5, 3787.5]]]}}, {"type": "Feature", "properties": {"class_id": 3, "classification": "Darkspot & Foreign Object", "area": 2171.25}, "geometry": {"type": "Polygon", "coordinates": [[[2457.0, 3768.0], [2457.0, 3778.5], [2455.5, 3780.0], [2455.5, 3781.5], [2452.5, 3784.5], [2452.5, 3786.0], [2451.0, 3787.5], [2449.5, 3787.5], [2449.5, 3790.5], [2448.0, 3792.0], [2448.0, 3798.0], [2449.5, 3799.5], [2449.5, 3802.5], [2448.0, 3804.0], [2448.0, 3805.5], [2449.5, 3807.0], [2449.5, 3810.0], [2448.0, 3811.5], [2448.0, 3814.5], [2449.5, 3816.0], [2449.5, 3823.5], [2451.0, 3825.0], [2449.5, 3826.5], [2449.5, 3831.0], [2451.0, 3832.5], [2451.0, 3834.0], [2452.5, 3835.5], [2452.5, 3837.0], [2455.5, 3837.0], [2457.0, 3838.5], [2457.0, 3840.0], [2454.0, 3843.0], [2452.5, 3843.0], [2452.5, 3850.5], [2455.5, 3853.5], [2455.5, 3855.0], [2454.0, 3856.5], [2455.5, 3858.0], [2455.5, 3862.5], [2457.0, 3864.0], [2455.5, 3865.5], [2455.5, 3867.0], [2461.5, 3873.0], [2461.5, 3880.5], [2463.0, 3879.0], [2463.0, 3877.5], [2464.5, 3876.0], [2464.5, 3874.5], [2466.0, 3873.0], [2466.0, 3871.5], [2469.0, 3868.5], [2469.0, 3867.0], [2470.5, 3865.5], [2470.5, 3862.5], [2472.0, 3861.0], [2472.0, 3858.0], [2473.5, 3856.5], [2473.5, 3855.0], [2476.5, 3852.0], [2476.5, 3850.5], [2478.0, 3849.0], [2478.0, 3840.0], [2479.5, 3838.5], [2482.5, 3838.5], [2482.5, 3829.5], [2481.0, 3828.0], [2481.0, 3825.0], [2479.5, 3823.5], [2479.5, 3820.5], [2478.0, 3819.0], [2478.0, 3817.5], [2476.5, 3816.0], [2476.5, 3811.5], [2475.0, 3810.0], [2475.0, 3807.0], [2473.5, 3805.5], [2473.5, 3804.0], [2472.0, 3802.5], [2472.0, 3799.5], [2470.5, 3798.0], [2470.5, 3793.5], [2469.0, 3792.0], [2469.0, 3790.5], [2467.5, 3789.0], [2467.5, 3786.0], [2466.0, 3784.5], [2466.0, 3781.5], [2464.5, 3780.0], [2464.5, 3777.0], [2463.0, 3775.5], [2463.0, 3774.0], [2461.5, 3772.5], [2461.5, 3771.0], [2460.0, 3769.5], [2460.0, 3768.0], [2458.5, 3766.5], [2457.0, 3768.0]]]}}, {"type": "Feature", "properties": {"class_id": 3, "classification": "Darkspot & Foreign Object", "area": 22241.25}, "geometry": {"type": "Polygon", "coordinates": [[[5724.0, 3721.5], [5722.5, 3723.0], [5713.5, 3723.0], [5712.0, 3724.5], [5707.5, 3724.5], [5706.0, 3723.0], [5703.0, 3723.0], [5701.5, 3724.5], [5697.0, 3724.5], [5695.5, 3726.0], [5689.5, 3726.0], [5688.0, 3727.5], [5683.5, 3727.5], [5682.0, 3729.0], [5679.0, 3729.0], [5677.5, 3730.5], [5673.0, 3730.5], [5671.5, 3732.0], [5668.5, 3732.0], [5667.0, 3733.5], [5662.5, 3733.5], [5661.0, 3735.0], [5652.0, 3735.0], [5650.5, 3736.5], [5641.5, 3736.5], [5640.0, 3738.0], [5634.0, 3738.0], [5632.5, 3739.5], [5617.5, 3739.5], [5616.0, 3741.0], [5610.0, 3741.0], [5608.5, 3742.5], [5608.5, 3747.0], [5610.0, 3748.5], [5610.0, 3750.0], [5611.5, 3751.5], [5611.5, 3768.0], [5610.0, 3769.5], [5610.0, 3771.0], [5608.5, 3772.5], [5608.5, 3774.0], [5607.0, 3775.5], [5604.0, 3775.5], [5601.0, 3778.5], [5596.5, 3778.5], [5595.0, 3780.0], [5584.5, 3780.0], [5583.0, 3778.5], [5580.0, 3778.5], [5577.0, 3775.5], [5572.5, 3775.5], [5571.0, 3777.0], [5568.0, 3777.0], [5565.0, 3774.0], [5565.0, 3772.5], [5560.5, 3772.5], [5557.5, 3769.5], [5557.5, 3771.0], [5554.5, 3774.0], [5554.5, 3787.5], [5553.0, 3789.0], [5553.0, 3790.5], [5548.5, 3795.0], [5548.5, 3796.5], [5545.5, 3799.5], [5545.5, 3801.0], [5542.5, 3804.0], [5542.5, 3805.5], [5538.0, 3810.0], [5538.0, 3811.5], [5536.5, 3813.0], [5536.5, 3814.5], [5533.5, 3817.5], [5533.5, 3819.0], [5526.0, 3826.5], [5526.0, 3829.5], [5520.0, 3835.5], [5520.0, 3837.0], [5521.5, 3838.5], [5797.5, 3838.5], [5799.0, 3837.0], [5797.5, 3835.5], [5797.5, 3834.0], [5793.0, 3829.5], [5788.5, 3829.5], [5787.0, 3828.0], [5785.5, 3828.0], [5781.0, 3823.5], [5781.0, 3820.5], [5779.5, 3819.0], [5779.5, 3813.0], [5781.0, 3811.5], [5781.0, 3808.5], [5784.0, 3805.5], [5784.0, 3784.5], [5781.0, 3781.5], [5781.0, 3780.0], [5778.0, 3777.0], [5778.0, 3775.5], [5776.5, 3774.0], [5776.5, 3771.0], [5775.0, 3769.5], [5775.0, 3768.0], [5773.5, 3766.5], [5773.5, 3763.5], [5772.0, 3762.0], [5772.0, 3759.0], [5770.5, 3757.5], [5770.5, 3756.0], [5769.0, 3754.5], [5769.0, 3753.0], [5767.5, 3753.0], [5763.0, 3748.5], [5763.0, 3747.0], [5761.5, 3745.5], [5761.5, 3742.5], [5760.0, 3741.0], [5760.0, 3739.5], [5758.5, 3741.0], [5755.5, 3741.0], [5754.0, 3739.5], [5752.5, 3739.5], [5751.0, 3738.0], [5751.0, 3736.5], [5748.0, 3733.5], [5748.0, 3732.0], [5743.5, 3727.5], [5736.0, 3727.5], [5734.5, 3726.0], [5731.5, 3726.0], [5730.0, 3724.5], [5728.5, 3724.5], [5727.0, 3723.0], [5725.5, 3723.0], [5724.0, 3721.5]]]}}, {"type": "Feature", "properties": {"class_id": 3, "classification": "Darkspot & Foreign Object", "area": 3485.25}, "geometry": {"type": "Polygon", "coordinates": [[[25242.0, 3193.5], [25240.5, 3195.0], [25237.5, 3195.0], [25236.0, 3196.5], [25234.5, 3196.5], [25224.0, 3207.0], [25224.0, 3208.5], [25219.5, 3213.0], [25219.5, 3214.5], [25218.0, 3216.0], [25218.0, 3223.5], [25219.5, 3225.0], [25219.5, 3226.5], [25222.5, 3229.5], [25222.5, 3243.0], [25221.0, 3244.5], [25221.0, 3252.0], [25222.5, 3253.5], [25222.5, 3256.5], [25225.5, 3259.5], [25227.0, 3259.5], [25228.5, 3261.0], [25233.0, 3261.0], [25234.5, 3262.5], [25239.0, 3262.5], [25240.5, 3264.0], [25249.5, 3264.0], [25251.0, 3262.5], [25254.0, 3262.5], [25255.5, 3261.0], [25257.0, 3261.0], [25258.5, 3259.5], [25260.0, 3259.5], [25267.5, 3252.0], [25269.0, 3252.0], [25272.0, 3249.0], [25273.5, 3249.0], [25275.0, 3247.5], [25276.5, 3247.5], [25282.5, 3241.5], [25282.5, 3238.5], [25281.0, 3237.0], [25281.0, 3234.0], [25279.5, 3232.5], [25279.5, 3226.5], [25281.0, 3225.0], [25281.0, 3219.0], [25279.5, 3217.5], [25279.5, 3216.0], [25278.0, 3214.5], [25278.0, 3213.0], [25275.0, 3210.0], [25275.0, 3208.5], [25270.5, 3204.0], [25270.5, 3202.5], [25266.0, 3198.0], [25264.5, 3198.0], [25261.5, 3195.0], [25260.0, 3195.0], [25258.5, 3193.5], [25242.0, 3193.5]]]}}, {"type": "Feature", "properties": {"class_id": 3, "classification": "Darkspot & Foreign Object", "area": 173.25}, "geometry": {"type": "Polygon", "coordinates": [[[8118.0, 3060.0], [8116.5, 3061.5], [8113.5, 3061.5], [8112.0, 3063.0], [8112.0, 3067.5], [8113.5, 3069.0], [8113.5, 3070.5], [8133.0, 3070.5], [8133.0, 3064.5], [8131.5, 3064.5], [8130.0, 3063.0], [8127.0, 3063.0], [8125.5, 3061.5], [8119.5, 3061.5], [8118.0, 3060.0]]]}}, {"type": "Feature", "properties": {"class_id": 3, "classification": "Darkspot & Foreign Object", "area": 3846.375}, "geometry": {"type": "Polygon", "coordinates": [[[8067.0, 2992.5], [8065.5, 2994.0], [8059.5, 2994.0], [8058.0, 2995.5], [8056.5, 2995.5], [8053.5, 2998.5], [8053.5, 3000.0], [8052.0, 3001.5], [8052.0, 3003.0], [8050.5, 3004.5], [8050.5, 3013.5], [8052.0, 3015.0], [8052.0, 3018.0], [8053.5, 3019.5], [8053.5, 3024.0], [8055.0, 3025.5], [8055.0, 3027.0], [8056.5, 3028.5], [8056.5, 3030.0], [8058.0, 3031.5], [8058.0, 3033.0], [8059.5, 3034.5], [8059.5, 3036.0], [8061.0, 3037.5], [8061.0, 3042.0], [8059.5, 3043.5], [8059.5, 3061.5], [8058.0, 3063.0], [8058.0, 3069.0], [8059.5, 3070.5], [8106.0, 3070.5], [8107.5, 3069.0], [8107.5, 3067.5], [8106.0, 3066.0], [8106.0, 3064.5], [8104.5, 3063.0], [8103.0, 3063.0], [8101.5, 3061.5], [8100.0, 3061.5], [8098.5, 3060.0], [8098.5, 3058.5], [8097.0, 3057.0], [8097.0, 3051.0], [8095.5, 3049.5], [8095.5, 3043.5], [8097.0, 3042.0], [8097.0, 3040.5], [8107.5, 3030.0], [8107.5, 3028.5], [8109.0, 3027.0], [8109.0, 3024.0], [8112.0, 3021.0], [8112.0, 3019.5], [8115.0, 3016.5], [8115.0, 3015.0], [8116.5, 3013.5], [8116.5, 3012.0], [8118.0, 3010.5], [8118.0, 3003.0], [8115.0, 3000.0], [8112.0, 3000.0], [8110.5, 2998.5], [8107.5, 2998.5], [8106.0, 2997.0], [8103.0, 2997.0], [8101.5, 2995.5], [8100.0, 2995.5], [8098.5, 2994.0], [8097.0, 2994.0], [8095.5, 2992.5], [8067.0, 2992.5]]]}}, {"type": "Feature", "properties": {"class_id": 3, "classification": "Darkspot & Foreign Object", "area": 21435.75}, "geometry": {"type": "Polygon", "coordinates": [[[7810.5, 2974.5], [7809.0, 2976.0], [7803.0, 2976.0], [7801.5, 2977.5], [7794.0, 2977.5], [7792.5, 2979.0], [7785.0, 2979.0], [7783.5, 2980.5], [7779.0, 2980.5], [7777.5, 2982.0], [7774.5, 2982.0], [7773.0, 2983.5], [7768.5, 2983.5], [7767.0, 2985.0], [7765.5, 2985.0], [7764.0, 2986.5], [7761.0, 2986.5], [7758.0, 2989.5], [7756.5, 2989.5], [7753.5, 2992.5], [7752.0, 2992.5], [7749.0, 2995.5], [7747.5, 2995.5], [7744.5, 2998.5], [7743.0, 2998.5], [7740.0, 3001.5], [7738.5, 3001.5], [7732.5, 3007.5], [7731.0, 3007.5], [7725.0, 3013.5], [7723.5, 3013.5], [7720.5, 3016.5], [7719.0, 3016.5], [7716.0, 3019.5], [7714.5, 3019.5], [7711.5, 3022.5], [7710.0, 3022.5], [7708.5, 3024.0], [7708.5, 3025.5], [7701.0, 3033.0], [7699.5, 3033.0], [7698.0, 3034.5], [7693.5, 3034.5], [7687.5, 3028.5], [7683.0, 3028.5], [7683.0, 3030.0], [7680.0, 3033.0], [7680.0, 3052.5], [7683.0, 3055.5], [7683.0, 3061.5], [7680.0, 3064.5], [7681.5, 3066.0], [7683.0, 3066.0], [7686.0, 3069.0], [7687.5, 3069.0], [7689.0, 3070.5], [8004.0, 3070.5], [8005.5, 3069.0], [8005.5, 3067.5], [7999.5, 3061.5], [7999.5, 3060.0], [7998.0, 3058.5], [7998.0, 3057.0], [7996.5, 3055.5], [7996.5, 3054.0], [7993.5, 3051.0], [7993.5, 3049.5], [7992.0, 3048.0], [7992.0, 3046.5], [7986.0, 3040.5], [7984.5, 3040.5], [7983.0, 3039.0], [7980.0, 3039.0], [7978.5, 3037.5], [7975.5, 3037.5], [7972.5, 3034.5], [7971.0, 3034.5], [7969.5, 3033.0], [7968.0, 3033.0], [7962.0, 3027.0], [7962.0, 3025.5], [7957.5, 3021.0], [7956.0, 3021.0], [7953.0, 3018.0], [7951.5, 3018.0], [7945.5, 3012.0], [7945.5, 3010.5], [7944.0, 3009.0], [7944.0, 3007.5], [7939.5, 3003.0], [7938.0, 3003.0], [7936.5, 3001.5], [7935.0, 3001.5], [7933.5, 3000.0], [7929.0, 3000.0], [7927.5, 3001.5], [7920.0, 3001.5], [7918.5, 3003.0], [7893.0, 3003.0], [7891.5, 3001.5], [7888.5, 3001.5], [7887.0, 3000.0], [7884.0, 3000.0], [7882.5, 2998.5], [7879.5, 2998.5], [7878.0, 2997.0], [7873.5, 2997.0], [7872.0, 2995.5], [7870.5, 2995.5], [7869.0, 2994.0], [7866.0, 2994.0], [7864.5, 2992.5], [7863.0, 2992.5], [7861.5, 2991.0], [7858.5, 2991.0], [7857.0, 2989.5], [7855.5, 2989.5], [7854.0, 2988.0], [7852.5, 2988.0], [7851.0, 2986.5], [7849.5, 2986.5], [7846.5, 2983.5], [7845.0, 2983.5], [7843.5, 2982.0], [7842.0, 2982.0], [7840.5, 2980.5], [7839.0, 2980.5], [7837.5, 2979.0], [7836.0, 2979.0], [7834.5, 2977.5], [7831.5, 2977.5], [7830.0, 2976.0], [7824.0, 2976.0], [7822.5, 2974.5], [7810.5, 2974.5]]]}}, {"type": "Feature", "properties": {"class_id": 3, "classification": "Darkspot & Foreign Object", "area": 18474.75}, "geometry": {"type": "Polygon", "coordinates": [[[1209.0, 2965.5], [1207.5, 2967.0], [1188.0, 2967.0], [1186.5, 2968.5], [1180.5, 2968.5], [1179.0, 2970.0], [1176.0, 2970.0], [1174.5, 2971.5], [1173.0, 2971.5], [1171.5, 2973.0], [1165.5, 2973.0], [1164.0, 2974.5], [1143.0, 2974.5], [1141.5, 2976.0], [1137.0, 2976.0], [1135.5, 2977.5], [1132.5, 2977.5], [1131.0, 2979.0], [1129.5, 2979.0], [1128.0, 2980.5], [1126.5, 2980.5], [1117.5, 2989.5], [1116.0, 2989.5], [1107.0, 2998.5], [1105.5, 2998.5], [1102.5, 3001.5], [1101.0, 3001.5], [1095.0, 3007.5], [1095.0, 3009.0], [1093.5, 3010.5], [1093.5, 3012.0], [1092.0, 3013.5], [1092.0, 3019.5], [1090.5, 3021.0], [1090.5, 3045.0], [1089.0, 3046.5], [1089.0, 3055.5], [1087.5, 3057.0], [1087.5, 3058.5], [1086.0, 3060.0], [1086.0, 3063.0], [1084.5, 3064.5], [1084.5, 3066.0], [1086.0, 3067.5], [1086.0, 3070.5], [1305.0, 3070.5], [1305.0, 3060.0], [1306.5, 3058.5], [1306.5, 3057.0], [1308.0, 3055.5], [1306.5, 3054.0], [1306.5, 3052.5], [1302.0, 3048.0], [1300.5, 3048.0], [1299.0, 3046.5], [1297.5, 3046.5], [1293.0, 3042.0], [1293.0, 3040.5], [1291.5, 3039.0], [1291.5, 3036.0], [1290.0, 3034.5], [1290.0, 3031.5], [1288.5, 3030.0], [1288.5, 3025.5], [1290.0, 3024.0], [1290.0, 3021.0], [1288.5, 3019.5], [1288.5, 3016.5], [1287.0, 3015.0], [1287.0, 3012.0], [1284.0, 3009.0], [1284.0, 3007.5], [1281.0, 3004.5], [1281.0, 3003.0], [1270.5, 2992.5], [1269.0, 2992.5], [1266.0, 2989.5], [1264.5, 2989.5], [1260.0, 2985.0], [1260.0, 2983.5], [1257.0, 2980.5], [1255.5, 2980.5], [1252.5, 2977.5], [1251.0, 2977.5], [1249.5, 2976.0], [1248.0, 2976.0], [1245.0, 2973.0], [1243.5, 2973.0], [1240.5, 2970.0], [1239.0, 2970.0], [1237.5, 2968.5], [1231.5, 2968.5], [1230.0, 2967.0], [1221.0, 2967.0], [1219.5, 2965.5], [1209.0, 2965.5]]]}}, {"type": "Feature", "properties": {"class_id": 3, "classification": "Darkspot & Foreign Object", "area": 11424.375}, "geometry": {"type": "Polygon", "coordinates": [[[3112.5, 2905.5], [3111.0, 2907.0], [3102.0, 2907.0], [3100.5, 2908.5], [3094.5, 2908.5], [3093.0, 2910.0], [3091.5, 2910.0], [3090.0, 2911.5], [3088.5, 2911.5], [3087.0, 2913.0], [3084.0, 2913.0], [3082.5, 2914.5], [3078.0, 2914.5], [3076.5, 2916.0], [3075.0, 2916.0], [3073.5, 2917.5], [3072.0, 2917.5], [3072.0, 3025.5], [3079.5, 3025.5], [3081.0, 3027.0], [3085.5, 3027.0], [3087.0, 3028.5], [3088.5, 3028.5], [3090.0, 3030.0], [3093.0, 3030.0], [3094.5, 3031.5], [3106.5, 3031.5], [3108.0, 3030.0], [3118.5, 3030.0], [3120.0, 3028.5], [3121.5, 3028.5], [3123.0, 3027.0], [3126.0, 3027.0], [3127.5, 3025.5], [3133.5, 3025.5], [3135.0, 3024.0], [3136.5, 3024.0], [3138.0, 3022.5], [3141.0, 3022.5], [3142.5, 3021.0], [3144.0, 3021.0], [3145.5, 3019.5], [3147.0, 3019.5], [3148.5, 3018.0], [3150.0, 3018.0], [3151.5, 3016.5], [3153.0, 3016.5], [3156.0, 3013.5], [3156.0, 3012.0], [3159.0, 3009.0], [3159.0, 3007.5], [3163.5, 3003.0], [3163.5, 3001.5], [3168.0, 2997.0], [3168.0, 2995.5], [3172.5, 2991.0], [3172.5, 2989.5], [3177.0, 2985.0], [3177.0, 2983.5], [3178.5, 2982.0], [3178.5, 2979.0], [3180.0, 2977.5], [3180.0, 2947.5], [3178.5, 2946.0], [3178.5, 2943.0], [3177.0, 2941.5], [3177.0, 2940.0], [3174.0, 2937.0], [3174.0, 2935.5], [3171.0, 2932.5], [3171.0, 2931.0], [3160.5, 2920.5], [3159.0, 2920.5], [3154.5, 2916.0], [3153.0, 2916.0], [3147.0, 2910.0], [3145.5, 2910.0], [3144.0, 2908.5], [3142.5, 2908.5], [3141.0, 2907.0], [3139.5, 2907.0], [3138.0, 2905.5], [3112.5, 2905.5]]]}}, {"type": "Feature", "properties": {"class_id": 3, "classification": "Darkspot & Foreign Object", "area": 328.5}, "geometry": {"type": "Polygon", "coordinates": [[[7959.0, 2847.0], [7957.5, 2848.5], [7954.5, 2848.5], [7953.0, 2850.0], [7947.0, 2850.0], [7945.5, 2851.5], [7945.5, 2854.5], [7950.0, 2859.0], [7951.5, 2859.0], [7953.0, 2860.5], [7963.5, 2860.5], [7965.0, 2859.0], [7968.0, 2859.0], [7969.5, 2857.5], [7972.5, 2857.5], [7974.0, 2856.0], [7975.5, 2856.0], [7977.0, 2854.5], [7977.0, 2848.5], [7974.0, 2848.5], [7972.5, 2847.0], [7959.0, 2847.0]]]}}, {"type": "Feature", "properties": {"class_id": 3, "classification": "Darkspot & Foreign Object", "area": 67.5}, "geometry": {"type": "Polygon", "coordinates": [[[26443.5, 2821.5], [26440.5, 2824.5], [26440.5, 2826.0], [26442.0, 2827.5], [26452.5, 2827.5], [26454.0, 2826.0], [26454.0, 2824.5], [26452.5, 2823.0], [26451.0, 2823.0], [26449.5, 2821.5], [26443.5, 2821.5]]]}}, {"type": "Feature", "properties": {"class_id": 3, "classification": "Darkspot & Foreign Object", "area": 7704.0}, "geometry": {"type": "Polygon", "coordinates": [[[26601.0, 2742.0], [26599.5, 2743.5], [26598.0, 2743.5], [26596.5, 2745.0], [26595.0, 2745.0], [26593.5, 2746.5], [26589.0, 2746.5], [26587.5, 2748.0], [26584.5, 2748.0], [26583.0, 2749.5], [26580.0, 2749.5], [26577.0, 2752.5], [26575.5, 2752.5], [26574.0, 2754.0], [26572.5, 2754.0], [26568.0, 2758.5], [26566.5, 2758.5], [26565.0, 2760.0], [26565.0, 2761.5], [26562.0, 2764.5], [26562.0, 2766.0], [26560.5, 2767.5], [26560.5, 2769.0], [26559.0, 2770.5], [26559.0, 2772.0], [26557.5, 2773.5], [26557.5, 2775.0], [26556.0, 2776.5], [26556.0, 2778.0], [26551.5, 2782.5], [26550.0, 2782.5], [26548.5, 2784.0], [26545.5, 2784.0], [26544.0, 2785.5], [26539.5, 2785.5], [26538.0, 2787.0], [26536.5, 2787.0], [26526.0, 2797.5], [26524.5, 2797.5], [26523.0, 2799.0], [26521.5, 2799.0], [26520.0, 2800.5], [26518.5, 2800.5], [26517.0, 2802.0], [26515.5, 2802.0], [26514.0, 2803.5], [26512.5, 2803.5], [26511.0, 2805.0], [26509.5, 2805.0], [26506.5, 2808.0], [26505.0, 2808.0], [26499.0, 2814.0], [26499.0, 2823.0], [26500.5, 2824.5], [26500.5, 2826.0], [26502.0, 2826.0], [26503.5, 2827.5], [26505.0, 2827.5], [26506.5, 2829.0], [26509.5, 2829.0], [26511.0, 2830.5], [26520.0, 2830.5], [26521.5, 2832.0], [26532.0, 2832.0], [26533.5, 2833.5], [26536.5, 2833.5], [26538.0, 2835.0], [26553.0, 2835.0], [26554.5, 2833.5], [26557.5, 2833.5], [26559.0, 2832.0], [26562.0, 2832.0], [26563.5, 2830.5], [26566.5, 2830.5], [26568.0, 2829.0], [26571.0, 2829.0], [26572.5, 2830.5], [26577.0, 2830.5], [26578.5, 2829.0], [26607.0, 2829.0], [26608.5, 2827.5], [26610.0, 2827.5], [26613.0, 2824.5], [26614.5, 2824.5], [26622.0, 2817.0], [26622.0, 2815.5], [26623.5, 2814.0], [26623.5, 2812.5], [26625.0, 2811.0], [26625.0, 2809.5], [26626.5, 2808.0], [26626.5, 2806.5], [26629.5, 2803.5], [26629.5, 2802.0], [26632.5, 2799.0], [26632.5, 2797.5], [26634.0, 2796.0], [26634.0, 2794.5], [26635.5, 2793.0], [26635.5, 2781.0], [26634.0, 2779.5], [26634.0, 2776.5], [26632.5, 2775.0], [26632.5, 2773.5], [26631.0, 2772.0], [26631.0, 2770.5], [26629.5, 2769.0], [26629.5, 2767.5], [26628.0, 2766.0], [26628.0, 2764.5], [26626.5, 2763.0], [26626.5, 2761.5], [26625.0, 2760.0], [26625.0, 2758.5], [26622.0, 2755.5], [26622.0, 2754.0], [26619.0, 2751.0], [26619.0, 2749.5], [26613.0, 2743.5], [26610.0, 2743.5], [26608.5, 2742.0], [26601.0, 2742.0]]]}}, {"type": "Feature", "properties": {"class_id": 3, "classification": "Darkspot & Foreign Object", "area": 5649.75}, "geometry": {"type": "Polygon", "coordinates": [[[26863.5, 2683.5], [26862.0, 2685.0], [26857.5, 2685.0], [26856.0, 2686.5], [26853.0, 2686.5], [26850.0, 2689.5], [26848.5, 2689.5], [26847.0, 2691.0], [26845.5, 2691.0], [26842.5, 2694.0], [26841.0, 2694.0], [26836.5, 2698.5], [26836.5, 2700.0], [26832.0, 2704.5], [26832.0, 2706.0], [26829.0, 2709.0], [26827.5, 2709.0], [26824.5, 2712.0], [26824.5, 2713.5], [26823.0, 2715.0], [26823.0, 2716.5], [26821.5, 2718.0], [26821.5, 2719.5], [26814.0, 2727.0], [26814.0, 2728.5], [26812.5, 2730.0], [26812.5, 2737.5], [26814.0, 2739.0], [26814.0, 2742.0], [26815.5, 2743.5], [26815.5, 2745.0], [26817.0, 2746.5], [26817.0, 2748.0], [26818.5, 2749.5], [26818.5, 2751.0], [26821.5, 2754.0], [26821.5, 2755.5], [26824.5, 2758.5], [26824.5, 2760.0], [26829.0, 2764.5], [26829.0, 2766.0], [26832.0, 2769.0], [26832.0, 2770.5], [26838.0, 2776.5], [26838.0, 2778.0], [26848.5, 2788.5], [26850.0, 2788.5], [26857.5, 2796.0], [26859.0, 2796.0], [26866.5, 2803.5], [26866.5, 2805.0], [26868.0, 2806.5], [26868.0, 2809.5], [26871.0, 2812.5], [26871.0, 2814.0], [26872.5, 2815.5], [26872.5, 2817.0], [26875.5, 2817.0], [26878.5, 2814.0], [26878.5, 2685.0], [26877.0, 2685.0], [26875.5, 2683.5], [26863.5, 2683.5]]]}}, {"type": "Feature", "properties": {"class_id": 3, "classification": "Darkspot & Foreign Object", "area": 9559.125}, "geometry": {"type": "Polygon", "coordinates": [[[27102.0, 2620.5], [27100.5, 2622.0], [27099.0, 2622.0], [27097.5, 2623.5], [27082.5, 2623.5], [27081.0, 2625.0], [27078.0, 2625.0], [27070.5, 2632.5], [27069.0, 2632.5], [27067.5, 2634.0], [27066.0, 2634.0], [27064.5, 2635.5], [27048.0, 2635.5], [27046.5, 2637.0], [27045.0, 2637.0], [27040.5, 2641.5], [27040.5, 2643.0], [27030.0, 2653.5], [27030.0, 2655.0], [27028.5, 2656.5], [27028.5, 2661.0], [27027.0, 2662.5], [27027.0, 2664.0], [27019.5, 2671.5], [27019.5, 2673.0], [27007.5, 2685.0], [27007.5, 2686.5], [27004.5, 2689.5], [27004.5, 2692.5], [27003.0, 2694.0], [27003.0, 2700.0], [27004.5, 2701.5], [27004.5, 2703.0], [27006.0, 2703.0], [27010.5, 2707.5], [27012.0, 2707.5], [27013.5, 2709.0], [27015.0, 2709.0], [27016.5, 2710.5], [27018.0, 2710.5], [27019.5, 2712.0], [27021.0, 2712.0], [27022.5, 2713.5], [27024.0, 2713.5], [27025.5, 2715.0], [27028.5, 2715.0], [27030.0, 2716.5], [27033.0, 2716.5], [27034.5, 2718.0], [27036.0, 2718.0], [27037.5, 2719.5], [27039.0, 2719.5], [27040.5, 2721.0], [27043.5, 2721.0], [27045.0, 2722.5], [27048.0, 2722.5], [27049.5, 2724.0], [27054.0, 2724.0], [27055.5, 2725.5], [27073.5, 2725.5], [27075.0, 2724.0], [27079.5, 2724.0], [27081.0, 2722.5], [27082.5, 2722.5], [27084.0, 2721.0], [27085.5, 2721.0], [27091.5, 2715.0], [27091.5, 2713.5], [27105.0, 2700.0], [27106.5, 2700.0], [27109.5, 2697.0], [27109.5, 2695.5], [27111.0, 2694.0], [27111.0, 2692.5], [27112.5, 2691.0], [27112.5, 2688.0], [27114.0, 2686.5], [27114.0, 2683.5], [27115.5, 2682.0], [27115.5, 2680.5], [27118.5, 2677.5], [27118.5, 2676.0], [27120.0, 2674.5], [27120.0, 2673.0], [27124.5, 2668.5], [27126.0, 2668.5], [27129.0, 2665.5], [27130.5, 2665.5], [27132.0, 2664.0], [27133.5, 2664.0], [27135.0, 2662.5], [27135.0, 2661.0], [27138.0, 2658.0], [27139.5, 2658.0], [27147.0, 2650.5], [27147.0, 2649.0], [27148.5, 2647.5], [27148.5, 2646.0], [27150.0, 2644.5], [27150.0, 2640.0], [27151.5, 2638.5], [27151.5, 2637.0], [27150.0, 2635.5], [27150.0, 2631.0], [27147.0, 2628.0], [27145.5, 2628.0], [27144.0, 2626.5], [27141.0, 2626.5], [27139.5, 2625.0], [27136.5, 2625.0], [27135.0, 2623.5], [27120.0, 2623.5], [27118.5, 2622.0], [27115.5, 2622.0], [27114.0, 2620.5], [27102.0, 2620.5]]]}}, {"type": "Feature", "properties": {"class_id": 3, "classification": "Darkspot & Foreign Object", "area": 5101.875}, "geometry": {"type": "Polygon", "coordinates": [[[9453.0, 2394.0], [9451.5, 2395.5], [9442.5, 2395.5], [9441.0, 2397.0], [9438.0, 2397.0], [9436.5, 2398.5], [9432.0, 2398.5], [9430.5, 2400.0], [9429.0, 2400.0], [9423.0, 2406.0], [9423.0, 2407.5], [9420.0, 2410.5], [9420.0, 2412.0], [9418.5, 2413.5], [9418.5, 2415.0], [9417.0, 2416.5], [9417.0, 2418.0], [9415.5, 2419.5], [9415.5, 2422.5], [9414.0, 2424.0], [9414.0, 2427.0], [9415.5, 2428.5], [9415.5, 2431.5], [9417.0, 2433.0], [9417.0, 2434.5], [9421.5, 2439.0], [9421.5, 2440.5], [9423.0, 2440.5], [9426.0, 2443.5], [9429.0, 2443.5], [9430.5, 2445.0], [9432.0, 2445.0], [9433.5, 2446.5], [9436.5, 2446.5], [9438.0, 2448.0], [9439.5, 2448.0], [9448.5, 2457.0], [9450.0, 2457.0], [9453.0, 2460.0], [9454.5, 2460.0], [9457.5, 2463.0], [9459.0, 2463.0], [9460.5, 2464.5], [9462.0, 2464.5], [9463.5, 2466.0], [9468.0, 2466.0], [9469.5, 2467.5], [9477.0, 2467.5], [9478.5, 2466.0], [9483.0, 2466.0], [9486.0, 2463.0], [9487.5, 2463.0], [9493.5, 2457.0], [9493.5, 2455.5], [9495.0, 2454.0], [9495.0, 2452.5], [9496.5, 2451.0], [9496.5, 2448.0], [9498.0, 2446.5], [9498.0, 2443.5], [9499.5, 2442.0], [9499.5, 2440.5], [9501.0, 2439.0], [9501.0, 2437.5], [9504.0, 2434.5], [9504.0, 2431.5], [9505.5, 2430.0], [9505.5, 2427.0], [9507.0, 2425.5], [9507.0, 2409.0], [9505.5, 2407.5], [9505.5, 2404.5], [9499.5, 2398.5], [9498.0, 2398.5], [9496.5, 2397.0], [9495.0, 2397.0], [9493.5, 2395.5], [9490.5, 2395.5], [9489.0, 2394.0], [9453.0, 2394.0]]]}}, {"type": "Feature", "properties": {"class_id": 3, "classification": "Darkspot & Foreign Object", "area": 5193.0}, "geometry": {"type": "Polygon", "coordinates": [[[7683.0, 2344.5], [7681.5, 2346.0], [7680.0, 2346.0], [7680.0, 2446.5], [7681.5, 2446.5], [7683.0, 2448.0], [7687.5, 2448.0], [7689.0, 2446.5], [7693.5, 2446.5], [7695.0, 2445.0], [7701.0, 2445.0], [7704.0, 2442.0], [7705.5, 2442.0], [7713.0, 2434.5], [7714.5, 2434.5], [7717.5, 2431.5], [7717.5, 2430.0], [7725.0, 2422.5], [7726.5, 2422.5], [7732.5, 2416.5], [7732.5, 2415.0], [7735.5, 2412.0], [7735.5, 2410.5], [7738.5, 2407.5], [7738.5, 2406.0], [7740.0, 2404.5], [7740.0, 2401.5], [7741.5, 2400.0], [7741.5, 2397.0], [7743.0, 2395.5], [7743.0, 2391.0], [7741.5, 2389.5], [7741.5, 2368.5], [7743.0, 2367.0], [7741.5, 2365.5], [7741.5, 2361.0], [7740.0, 2359.5], [7740.0, 2358.0], [7737.0, 2355.0], [7735.5, 2355.0], [7734.0, 2353.5], [7732.5, 2353.5], [7731.0, 2352.0], [7729.5, 2352.0], [7728.0, 2350.5], [7725.0, 2350.5], [7723.5, 2349.0], [7711.5, 2349.0], [7710.0, 2347.5], [7705.5, 2347.5], [7704.0, 2346.0], [7692.0, 2346.0], [7690.5, 2344.5], [7683.0, 2344.5]]]}}, {"type": "Feature", "properties": {"class_id": 3, "classification": "Darkspot & Foreign Object", "area": 367.875}, "geometry": {"type": "Polygon", "coordinates": [[[18676.5, 2331.0], [18675.0, 2332.5], [18673.5, 2332.5], [18670.5, 2335.5], [18670.5, 2338.5], [18669.0, 2340.0], [18669.0, 2341.5], [18667.5, 2343.0], [18667.5, 2346.0], [18666.0, 2347.5], [18666.0, 2356.5], [18669.0, 2359.5], [18672.0, 2359.5], [18673.5, 2358.0], [18675.0, 2358.0], [18681.0, 2352.0], [18681.0, 2350.5], [18682.5, 2349.0], [18682.5, 2346.0], [18684.0, 2344.5], [18684.0, 2335.5], [18682.5, 2334.0], [18682.5, 2332.5], [18681.0, 2332.5], [18679.5, 2331.0], [18676.5, 2331.0]]]}}, {"type": "Feature", "properties": {"class_id": 3, "classification": "Darkspot & Foreign Object", "area": 15.75}, "geometry": {"type": "Polygon", "coordinates": [[[844.5, 2298.0], [843.0, 2299.5], [841.5, 2299.5], [841.5, 2302.5], [846.0, 2302.5], [846.0, 2299.5], [844.5, 2298.0]]]}}, {"type": "Feature", "properties": {"class_id": 3, "classification": "Darkspot & Foreign Object", "area": 43.875}, "geometry": {"type": "Polygon", "coordinates": [[[26515.5, 2296.5], [26514.0, 2298.0], [26514.0, 2302.5], [26521.5, 2302.5], [26521.5, 2296.5], [26515.5, 2296.5]]]}}, {"type": "Feature", "properties": {"class_id": 3, "classification": "Darkspot & Foreign Object", "area": 40430.25}, "geometry": {"type": "Polygon", "coordinates": [[[9825.0, 2088.0], [9823.5, 2089.5], [9817.5, 2089.5], [9816.0, 2091.0], [9813.0, 2091.0], [9811.5, 2092.5], [9805.5, 2092.5], [9804.0, 2094.0], [9801.0, 2094.0], [9799.5, 2095.5], [9796.5, 2095.5], [9795.0, 2097.0], [9793.5, 2097.0], [9792.0, 2098.5], [9789.0, 2098.5], [9787.5, 2100.0], [9783.0, 2100.0], [9781.5, 2101.5], [9754.5, 2101.5], [9753.0, 2100.0], [9750.0, 2100.0], [9748.5, 2098.5], [9745.5, 2098.5], [9744.0, 2097.0], [9735.0, 2097.0], [9733.5, 2098.5], [9730.5, 2098.5], [9729.0, 2100.0], [9727.5, 2100.0], [9726.0, 2101.5], [9723.0, 2101.5], [9721.5, 2103.0], [9703.5, 2103.0], [9702.0, 2104.5], [9699.0, 2104.5], [9696.0, 2107.5], [9694.5, 2107.5], [9693.0, 2109.0], [9691.5, 2109.0], [9691.5, 2110.5], [9687.0, 2115.0], [9685.5, 2115.0], [9684.0, 2116.5], [9682.5, 2116.5], [9681.0, 2118.0], [9679.5, 2118.0], [9678.0, 2119.5], [9673.5, 2119.5], [9672.0, 2121.0], [9658.5, 2121.0], [9657.0, 2122.5], [9651.0, 2122.5], [9649.5, 2121.0], [9639.0, 2121.0], [9637.5, 2119.5], [9636.0, 2119.5], [9634.5, 2118.0], [9633.0, 2118.0], [9631.5, 2116.5], [9630.0, 2116.5], [9628.5, 2115.0], [9625.5, 2115.0], [9624.0, 2113.5], [9621.0, 2113.5], [9619.5, 2112.0], [9618.0, 2112.0], [9616.5, 2110.5], [9597.0, 2110.5], [9595.5, 2109.0], [9592.5, 2109.0], [9591.0, 2107.5], [9588.0, 2107.5], [9586.5, 2106.0], [9583.5, 2106.0], [9582.0, 2104.5], [9579.0, 2104.5], [9577.5, 2106.0], [9574.5, 2106.0], [9573.0, 2107.5], [9571.5, 2107.5], [9570.0, 2109.0], [9567.0, 2109.0], [9565.5, 2110.5], [9562.5, 2110.5], [9561.0, 2112.0], [9559.5, 2112.0], [9558.0, 2113.5], [9556.5, 2113.5], [9553.5, 2116.5], [9552.0, 2116.5], [9540.0, 2128.5], [9538.5, 2128.5], [9537.0, 2130.0], [9534.0, 2130.0], [9532.5, 2131.5], [9523.5, 2131.5], [9520.5, 2134.5], [9520.5, 2140.5], [9522.0, 2142.0], [9522.0, 2143.5], [9528.0, 2149.5], [9528.0, 2151.0], [9529.5, 2152.5], [9529.5, 2155.5], [9531.0, 2157.0], [9531.0, 2160.0], [9532.5, 2161.5], [9532.5, 2163.0], [9534.0, 2164.5], [9534.0, 2166.0], [9540.0, 2172.0], [9540.0, 2173.5], [9541.5, 2175.0], [9541.5, 2182.5], [9547.5, 2188.5], [9549.0, 2188.5], [9550.5, 2190.0], [9552.0, 2190.0], [9553.5, 2191.5], [9555.0, 2191.5], [9556.5, 2193.0], [9558.0, 2193.0], [9559.5, 2194.5], [9561.0, 2194.5], [9562.5, 2196.0], [9565.5, 2196.0], [9567.0, 2197.5], [9570.0, 2197.5], [9571.5, 2199.0], [9573.0, 2199.0], [9574.5, 2200.5], [9576.0, 2200.5], [9577.5, 2202.0], [9580.5, 2202.0], [9582.0, 2203.5], [9585.0, 2203.5], [9586.5, 2205.0], [9589.5, 2205.0], [9591.0, 2206.5], [9595.5, 2206.5], [9597.0, 2208.0], [9600.0, 2208.0], [9601.5, 2209.5], [9603.0, 2209.5], [9604.5, 2211.0], [9609.0, 2211.0], [9610.5, 2212.5], [9618.0, 2212.5], [9619.5, 2214.0], [9622.5, 2214.0], [9624.0, 2215.5], [9625.5, 2215.5], [9627.0, 2217.0], [9628.5, 2217.0], [9630.0, 2218.5], [9631.5, 2218.5], [9633.0, 2220.0], [9648.0, 2220.0], [9649.5, 2221.5], [9651.0, 2221.5], [9654.0, 2224.5], [9658.5, 2224.5], [9660.0, 2226.0], [9661.5, 2224.5], [9664.5, 2224.5], [9666.0, 2223.0], [9669.0, 2223.0], [9670.5, 2221.5], [9675.0, 2221.5], [9676.5, 2220.0], [9678.0, 2221.5], [9687.0, 2221.5], [9688.5, 2220.0], [9691.5, 2220.0], [9693.0, 2221.5], [9696.0, 2221.5], [9699.0, 2224.5], [9700.5, 2224.5], [9703.5, 2227.5], [9703.5, 2229.0], [9721.5, 2229.0], [9723.0, 2227.5], [9726.0, 2227.5], [9727.5, 2226.0], [9735.0, 2226.0], [9741.0, 2220.0], [9742.5, 2220.0], [9745.5, 2217.0], [9747.0, 2217.0], [9748.5, 2215.5], [9750.0, 2215.5], [9751.5, 2214.0], [9769.5, 2214.0], [9771.0, 2215.5], [9780.0, 2215.5], [9781.5, 2214.0], [9786.0, 2214.0], [9787.5, 2212.5], [9796.5, 2212.5], [9798.0, 2211.0], [9802.5, 2211.0], [9804.0, 2209.5], [9807.0, 2209.5], [9808.5, 2208.0], [9814.5, 2208.0], [9816.0, 2206.5], [9817.5, 2206.5], [9819.0, 2205.0], [9822.0, 2205.0], [9823.5, 2203.5], [9826.5, 2203.5], [9828.0, 2202.0], [9835.5, 2202.0], [9837.0, 2200.5], [9841.5, 2200.5], [9843.0, 2199.0], [9859.5, 2199.0], [9861.0, 2197.5], [9865.5, 2197.5], [9867.0, 2196.0], [9870.0, 2196.0], [9871.5, 2194.5], [9873.0, 2194.5], [9874.5, 2193.0], [9877.5, 2193.0], [9879.0, 2191.5], [9880.5, 2191.5], [9882.0, 2190.0], [9885.0, 2190.0], [9886.5, 2188.5], [9889.5, 2188.5], [9891.0, 2187.0], [9892.5, 2187.0], [9894.0, 2185.5], [9895.5, 2185.5], [9897.0, 2184.0], [9898.5, 2184.0], [9901.5, 2181.0], [9903.0, 2181.0], [9913.5, 2170.5], [9915.0, 2170.5], [9924.0, 2161.5], [9924.0, 2160.0], [9925.5, 2158.5], [9925.5, 2149.5], [9927.0, 2148.0], [9927.0, 2143.5], [9928.5, 2142.0], [9928.5, 2140.5], [9930.0, 2139.0], [9930.0, 2134.5], [9931.5, 2133.0], [9931.5, 2121.0], [9924.0, 2113.5], [9922.5, 2113.5], [9919.5, 2110.5], [9918.0, 2110.5], [9915.0, 2107.5], [9913.5, 2107.5], [9909.0, 2103.0], [9907.5, 2103.0], [9904.5, 2100.0], [9903.0, 2100.0], [9901.5, 2098.5], [9900.0, 2098.5], [9898.5, 2097.0], [9897.0, 2097.0], [9895.5, 2095.5], [9892.5, 2095.5], [9891.0, 2094.0], [9889.5, 2094.0], [9888.0, 2092.5], [9883.5, 2092.5], [9882.0, 2091.0], [9873.0, 2091.0], [9871.5, 2089.5], [9861.0, 2089.5], [9859.5, 2088.0], [9858.0, 2089.5], [9841.5, 2089.5], [9840.0, 2088.0], [9825.0, 2088.0]]]}}, {"type": "Feature", "properties": {"class_id": 3, "classification": "Darkspot & Foreign Object", "area": 1125.0}, "geometry": {"type": "Polygon", "coordinates": [[[11820.0, 2077.5], [11818.5, 2079.0], [11818.5, 2080.5], [11817.0, 2082.0], [11817.0, 2086.5], [11818.5, 2088.0], [11818.5, 2089.5], [11817.0, 2091.0], [11817.0, 2092.5], [11814.0, 2095.5], [11809.5, 2095.5], [11808.0, 2094.0], [11806.5, 2094.0], [11805.0, 2092.5], [11800.5, 2092.5], [11799.0, 2094.0], [11799.0, 2106.0], [11800.5, 2107.5], [11800.5, 2109.0], [11802.0, 2110.5], [11802.0, 2112.0], [11803.5, 2113.5], [11803.5, 2115.0], [11805.0, 2116.5], [11808.0, 2116.5], [11809.5, 2115.0], [11811.0, 2115.0], [11815.5, 2110.5], [11823.0, 2110.5], [11826.0, 2113.5], [11827.5, 2113.5], [11829.0, 2115.0], [11830.5, 2115.0], [11838.0, 2107.5], [11838.0, 2106.0], [11844.0, 2100.0], [11845.5, 2100.0], [11845.5, 2098.5], [11847.0, 2097.0], [11847.0, 2091.0], [11842.5, 2086.5], [11842.5, 2085.0], [11841.0, 2085.0], [11839.5, 2083.5], [11830.5, 2083.5], [11826.0, 2079.0], [11824.5, 2079.0], [11823.0, 2077.5], [11820.0, 2077.5]]]}}, {"type": "Feature", "properties": {"class_id": 3, "classification": "Darkspot & Foreign Object", "area": 3166.875}, "geometry": {"type": "Polygon", "coordinates": [[[20430.0, 2055.0], [20425.5, 2059.5], [20425.5, 2061.0], [20424.0, 2062.5], [20424.0, 2065.5], [20422.5, 2067.0], [20422.5, 2074.5], [20421.0, 2076.0], [20421.0, 2079.0], [20419.5, 2080.5], [20419.5, 2085.0], [20418.0, 2086.5], [20418.0, 2088.0], [20415.0, 2091.0], [20407.5, 2091.0], [20406.0, 2092.5], [20403.0, 2092.5], [20397.0, 2098.5], [20397.0, 2104.5], [20398.5, 2106.0], [20398.5, 2107.5], [20400.0, 2107.5], [20401.5, 2109.0], [20407.5, 2109.0], [20409.0, 2107.5], [20410.5, 2107.5], [20412.0, 2106.0], [20413.5, 2106.0], [20415.0, 2104.5], [20419.5, 2104.5], [20421.0, 2103.0], [20422.5, 2103.0], [20424.0, 2104.5], [20427.0, 2104.5], [20430.0, 2107.5], [20431.5, 2107.5], [20434.5, 2110.5], [20436.0, 2110.5], [20439.0, 2113.5], [20440.5, 2113.5], [20446.5, 2119.5], [20448.0, 2119.5], [20449.5, 2121.0], [20452.5, 2121.0], [20454.0, 2122.5], [20455.5, 2122.5], [20457.0, 2124.0], [20473.5, 2124.0], [20476.5, 2121.0], [20476.5, 2119.5], [20478.0, 2118.0], [20478.0, 2112.0], [20479.5, 2110.5], [20479.5, 2106.0], [20482.5, 2103.0], [20482.5, 2100.0], [20481.0, 2098.5], [20481.0, 2097.0], [20473.5, 2089.5], [20472.0, 2089.5], [20467.5, 2085.0], [20467.5, 2083.5], [20464.5, 2080.5], [20464.5, 2079.0], [20461.5, 2076.0], [20461.5, 2074.5], [20449.5, 2062.5], [20448.0, 2062.5], [20443.5, 2058.0], [20442.0, 2058.0], [20439.0, 2055.0], [20430.0, 2055.0]]]}}, {"type": "Feature", "properties": {"class_id": 3, "classification": "Darkspot & Foreign Object", "area": 10.125}, "geometry": {"type": "Polygon", "coordinates": [[[26115.0, 2020.5], [26113.5, 2022.0], [26112.0, 2022.0], [26112.0, 2025.0], [26115.0, 2025.0], [26115.0, 2020.5]]]}}, {"type": "Feature", "properties": {"class_id": 3, "classification": "Darkspot & Foreign Object", "area": 9.0}, "geometry": {"type": "Polygon", "coordinates": [[[5113.5, 2023.5], [5115.0, 2022.0], [5115.0, 2019.0], [5113.5, 2020.5], [5113.5, 2023.5]]]}}, {"type": "Feature", "properties": {"class_id": 3, "classification": "Darkspot & Foreign Object", "area": 5.625}, "geometry": {"type": "Polygon", "coordinates": [[[26115.0, 2013.0], [26115.0, 2017.5], [26116.5, 2016.0], [26116.5, 2013.0], [26115.0, 2013.0]]]}}, {"type": "Feature", "properties": {"class_id": 3, "classification": "Darkspot & Foreign Object", "area": 115749.0}, "geometry": {"type": "Polygon", "coordinates": [[[26229.0, 1995.0], [26227.5, 1996.5], [26226.0, 1996.5], [26223.0, 1999.5], [26221.5, 1999.5], [26217.0, 2004.0], [26215.5, 2004.0], [26211.0, 2008.5], [26211.0, 2010.0], [26208.0, 2013.0], [26208.0, 2014.5], [26206.5, 2016.0], [26206.5, 2017.5], [26205.0, 2019.0], [26205.0, 2020.5], [26203.5, 2022.0], [26203.5, 2023.5], [26200.5, 2026.5], [26200.5, 2028.0], [26187.0, 2041.5], [26185.5, 2041.5], [26182.5, 2044.5], [26181.0, 2044.5], [26178.0, 2047.5], [26176.5, 2047.5], [26175.0, 2049.0], [26173.5, 2049.0], [26172.0, 2050.5], [26166.0, 2050.5], [26164.5, 2049.0], [26163.0, 2049.0], [26160.0, 2046.0], [26158.5, 2046.0], [26157.0, 2044.5], [26155.5, 2044.5], [26154.0, 2043.0], [26152.5, 2043.0], [26151.0, 2041.5], [26148.0, 2041.5], [26148.0, 2043.0], [26149.5, 2043.0], [26151.0, 2044.5], [26146.5, 2049.0], [26146.5, 2050.5], [26145.0, 2052.0], [26145.0, 2053.5], [26143.5, 2055.0], [26143.5, 2056.5], [26142.0, 2058.0], [26142.0, 2061.0], [26140.5, 2062.5], [26139.0, 2062.5], [26133.0, 2056.5], [26131.5, 2056.5], [26130.0, 2055.0], [26128.5, 2055.0], [26125.5, 2052.0], [26116.5, 2052.0], [26115.0, 2053.5], [26113.5, 2052.0], [26113.5, 2050.5], [26115.0, 2049.0], [26113.5, 2049.0], [26112.0, 2050.5], [26112.0, 2254.5], [26113.5, 2254.5], [26115.0, 2256.0], [26122.5, 2256.0], [26124.0, 2257.5], [26125.5, 2257.5], [26130.0, 2262.0], [26130.0, 2266.5], [26128.5, 2268.0], [26128.5, 2269.5], [26121.0, 2277.0], [26121.0, 2278.5], [26119.5, 2280.0], [26119.5, 2284.5], [26122.5, 2287.5], [26122.5, 2289.0], [26124.0, 2290.5], [26124.0, 2292.0], [26125.5, 2293.5], [26125.5, 2295.0], [26127.0, 2296.5], [26127.0, 2298.0], [26128.5, 2299.5], [26128.5, 2302.5], [26220.0, 2302.5], [26221.5, 2304.0], [26221.5, 2305.5], [26220.0, 2307.0], [26220.0, 2322.0], [26221.5, 2323.5], [26221.5, 2337.0], [26223.0, 2338.5], [26223.0, 2341.5], [26224.5, 2343.0], [26224.5, 2346.0], [26226.0, 2347.5], [26226.0, 2352.0], [26227.5, 2353.5], [26227.5, 2355.0], [26229.0, 2356.5], [26229.0, 2358.0], [26230.5, 2359.5], [26230.5, 2361.0], [26232.0, 2362.5], [26232.0, 2365.5], [26233.5, 2367.0], [26233.5, 2370.0], [26235.0, 2371.5], [26235.0, 2373.0], [26238.0, 2376.0], [26239.5, 2376.0], [26241.0, 2377.5], [26242.5, 2377.5], [26244.0, 2379.0], [26247.0, 2379.0], [26248.5, 2380.5], [26253.0, 2380.5], [26254.5, 2382.0], [26259.0, 2382.0], [26260.5, 2383.5], [26262.0, 2383.5], [26263.5, 2385.0], [26269.5, 2385.0], [26271.0, 2386.5], [26281.5, 2386.5], [26283.0, 2385.0], [26287.5, 2385.0], [26289.0, 2383.5], [26296.5, 2383.5], [26298.0, 2382.0], [26305.5, 2382.0], [26307.0, 2380.5], [26311.5, 2380.5], [26313.0, 2379.0], [26317.5, 2379.0], [26319.0, 2377.5], [26320.5, 2377.5], [26322.0, 2376.0], [26323.5, 2376.0], [26325.0, 2374.5], [26326.5, 2374.5], [26334.0, 2367.0], [26334.0, 2365.5], [26341.5, 2358.0], [26341.5, 2356.5], [26343.0, 2355.0], [26343.0, 2353.5], [26346.0, 2350.5], [26346.0, 2347.5], [26347.5, 2346.0], [26347.5, 2343.0], [26349.0, 2341.5], [26349.0, 2338.5], [26350.5, 2337.0], [26350.5, 2331.0], [26352.0, 2329.5], [26352.0, 2320.5], [26353.5, 2319.0], [26353.5, 2316.0], [26355.0, 2314.5], [26355.0, 2304.0], [26356.5, 2302.5], [26499.0, 2302.5], [26500.5, 2301.0], [26500.5, 2299.5], [26499.0, 2298.0], [26499.0, 2296.5], [26497.5, 2296.5], [26496.0, 2295.0], [26494.5, 2295.0], [26493.0, 2293.5], [26481.0, 2293.5], [26479.5, 2295.0], [26473.5, 2295.0], [26472.0, 2293.5], [26470.5, 2293.5], [26469.0, 2292.0], [26467.5, 2292.0], [26466.0, 2290.5], [26463.0, 2290.5], [26461.5, 2289.0], [26460.0, 2289.0], [26457.0, 2286.0], [26455.5, 2286.0], [26452.5, 2283.0], [26452.5, 2281.5], [26449.5, 2278.5], [26449.5, 2277.0], [26448.0, 2275.5], [26448.0, 2274.0], [26446.5, 2272.5], [26446.5, 2271.0], [26442.0, 2266.5], [26440.5, 2266.5], [26439.0, 2265.0], [26436.0, 2265.0], [26434.5, 2263.5], [26430.0, 2263.5], [26428.5, 2262.0], [26427.0, 2262.0], [26425.5, 2260.5], [26424.0, 2260.5], [26422.5, 2259.0], [26421.0, 2259.0], [26418.0, 2256.0], [26418.0, 2254.5], [26416.5, 2253.0], [26416.5, 2251.5], [26413.5, 2251.5], [26409.0, 2256.0], [26409.0, 2257.5], [26407.5, 2259.0], [26407.5, 2260.5], [26404.5, 2263.5], [26403.0, 2263.5], [26400.0, 2266.5], [26398.5, 2266.5], [26397.0, 2268.0], [26395.5, 2268.0], [26391.0, 2272.5], [26391.0, 2274.0], [26383.5, 2281.5], [26382.0, 2281.5], [26379.0, 2284.5], [26374.5, 2284.5], [26370.0, 2280.0], [26368.5, 2280.0], [26364.0, 2275.5], [26362.5, 2275.5], [26361.0, 2274.0], [26361.0, 2272.5], [26358.0, 2269.5], [26358.0, 2268.0], [26355.0, 2265.0], [26355.0, 2263.5], [26353.5, 2262.0], [26353.5, 2260.5], [26352.0, 2259.0], [26352.0, 2257.5], [26350.5, 2256.0], [26350.5, 2254.5], [26349.0, 2253.0], [26349.0, 2251.5], [26346.0, 2248.5], [26346.0, 2247.0], [26343.0, 2244.0], [26343.0, 2242.5], [26338.5, 2238.0], [26335.5, 2238.0], [26334.0, 2236.5], [26325.0, 2236.5], [26322.0, 2233.5], [26320.5, 2233.5], [26316.0, 2229.0], [26316.0, 2227.5], [26320.5, 2223.0], [26332.5, 2223.0], [26334.0, 2224.5], [26335.5, 2224.5], [26337.0, 2226.0], [26340.0, 2226.0], [26341.5, 2227.5], [26349.0, 2227.5], [26350.5, 2229.0], [26359.5, 2229.0], [26361.0, 2230.5], [26362.5, 2230.5], [26364.0, 2229.0], [26368.5, 2229.0], [26370.0, 2227.5], [26373.0, 2227.5], [26374.5, 2226.0], [26377.5, 2226.0], [26379.0, 2224.5], [26391.0, 2224.5], [26392.5, 2223.0], [26401.5, 2223.0], [26403.0, 2224.5], [26406.0, 2224.5], [26407.5, 2226.0], [26410.5, 2226.0], [26412.0, 2227.5], [26424.0, 2227.5], [26425.5, 2229.0], [26428.5, 2229.0], [26430.0, 2227.5], [26433.0, 2227.5], [26436.0, 2224.5], [26437.5, 2224.5], [26440.5, 2221.5], [26442.0, 2221.5], [26443.5, 2220.0], [26448.0, 2220.0], [26449.5, 2218.5], [26451.0, 2218.5], [26452.5, 2217.0], [26455.5, 2217.0], [26458.5, 2214.0], [26460.0, 2214.0], [26464.5, 2209.5], [26466.0, 2209.5], [26472.0, 2203.5], [26473.5, 2203.5], [26475.0, 2202.0], [26478.0, 2202.0], [26479.5, 2200.5], [26481.0, 2200.5], [26482.5, 2199.0], [26484.0, 2199.0], [26485.5, 2197.5], [26487.0, 2197.5], [26493.0, 2191.5], [26494.5, 2191.5], [26496.0, 2190.0], [26497.5, 2190.0], [26499.0, 2188.5], [26502.0, 2188.5], [26503.5, 2187.0], [26521.5, 2187.0], [26523.0, 2188.5], [26524.5, 2188.5], [26527.5, 2191.5], [26529.0, 2191.5], [26530.5, 2193.0], [26533.5, 2193.0], [26535.0, 2194.5], [26542.5, 2194.5], [26544.0, 2193.0], [26545.5, 2193.0], [26547.0, 2191.5], [26547.0, 2190.0], [26554.5, 2182.5], [26556.0, 2182.5], [26557.5, 2181.0], [26559.0, 2181.0], [26562.0, 2178.0], [26565.0, 2178.0], [26566.5, 2176.5], [26574.0, 2176.5], [26575.5, 2175.0], [26580.0, 2175.0], [26581.5, 2173.5], [26583.0, 2173.5], [26584.5, 2172.0], [26586.0, 2172.0], [26589.0, 2169.0], [26589.0, 2167.5], [26595.0, 2161.5], [26596.5, 2161.5], [26599.5, 2158.5], [26599.5, 2157.0], [26602.5, 2154.0], [26602.5, 2151.0], [26604.0, 2149.5], [26604.0, 2145.0], [26605.5, 2143.5], [26605.5, 2142.0], [26607.0, 2140.5], [26607.0, 2139.0], [26608.5, 2137.5], [26608.5, 2136.0], [26610.0, 2134.5], [26610.0, 2131.5], [26611.5, 2130.0], [26611.5, 2127.0], [26613.0, 2125.5], [26613.0, 2124.0], [26614.5, 2122.5], [26614.5, 2119.5], [26616.0, 2118.0], [26616.0, 2113.5], [26617.5, 2112.0], [26617.5, 2106.0], [26619.0, 2104.5], [26619.0, 2101.5], [26620.5, 2100.0], [26620.5, 2098.5], [26622.0, 2097.0], [26622.0, 2095.5], [26623.5, 2094.0], [26623.5, 2092.5], [26631.0, 2085.0], [26632.5, 2085.0], [26634.0, 2083.5], [26635.5, 2083.5], [26637.0, 2082.0], [26638.5, 2082.0], [26644.5, 2076.0], [26644.5, 2073.0], [26643.0, 2071.5], [26643.0, 2070.0], [26640.0, 2067.0], [26640.0, 2062.5], [26638.5, 2061.0], [26638.5, 2056.5], [26644.5, 2050.5], [26646.0, 2050.5], [26649.0, 2047.5], [26650.5, 2047.5], [26655.0, 2043.0], [26655.0, 2035.5], [26652.0, 2032.5], [26649.0, 2032.5], [26647.5, 2031.0], [26646.0, 2031.0], [26644.5, 2029.5], [26643.0, 2029.5], [26638.5, 2025.0], [26637.0, 2025.0], [26634.0, 2022.0], [26631.0, 2022.0], [26626.5, 2026.5], [26625.0, 2026.5], [26623.5, 2028.0], [26617.5, 2028.0], [26616.0, 2026.5], [26614.5, 2026.5], [26608.5, 2020.5], [26607.0, 2020.5], [26604.0, 2017.5], [26602.5, 2017.5], [26601.0, 2016.0], [26598.0, 2016.0], [26596.5, 2014.5], [26590.5, 2014.5], [26589.0, 2013.0], [26578.5, 2013.0], [26577.0, 2014.5], [26557.5, 2014.5], [26556.0, 2013.0], [26551.5, 2013.0], [26550.0, 2011.5], [26547.0, 2011.5], [26545.5, 2013.0], [26539.5, 2013.0], [26538.0, 2011.5], [26527.5, 2011.5], [26526.0, 2010.0], [26521.5, 2010.0], [26520.0, 2008.5], [26506.5, 2008.5], [26505.0, 2007.0], [26496.0, 2007.0], [26494.5, 2008.5], [26493.0, 2008.5], [26491.5, 2010.0], [26490.0, 2010.0], [26487.0, 2013.0], [26484.0, 2013.0], [26482.5, 2014.5], [26460.0, 2014.5], [26455.5, 2019.0], [26455.5, 2020.5], [26454.0, 2022.0], [26454.0, 2025.0], [26457.0, 2025.0], [26458.5, 2026.5], [26466.0, 2026.5], [26467.5, 2028.0], [26469.0, 2028.0], [26472.0, 2031.0], [26473.5, 2031.0], [26475.0, 2032.5], [26476.5, 2032.5], [26478.0, 2034.0], [26484.0, 2034.0], [26485.5, 2035.5], [26490.0, 2035.5], [26491.5, 2037.0], [26493.0, 2037.0], [26494.5, 2038.5], [26496.0, 2038.5], [26499.0, 2041.5], [26500.5, 2041.5], [26502.0, 2043.0], [26503.5, 2043.0], [26508.0, 2047.5], [26508.0, 2052.0], [26506.5, 2053.5], [26506.5, 2055.0], [26502.0, 2059.5], [26499.0, 2059.5], [26497.5, 2061.0], [26496.0, 2061.0], [26494.5, 2062.5], [26493.0, 2062.5], [26490.0, 2065.5], [26488.5, 2065.5], [26484.0, 2070.0], [26482.5, 2070.0], [26481.0, 2071.5], [26478.0, 2071.5], [26476.5, 2073.0], [26475.0, 2073.0], [26473.5, 2071.5], [26470.5, 2071.5], [26469.0, 2070.0], [26464.5, 2070.0], [26463.0, 2068.5], [26461.5, 2068.5], [26460.0, 2070.0], [26457.0, 2070.0], [26455.5, 2071.5], [26452.5, 2071.5], [26449.5, 2074.5], [26448.0, 2074.5], [26446.5, 2076.0], [26445.0, 2076.0], [26443.5, 2077.5], [26440.5, 2077.5], [26439.0, 2076.0], [26431.5, 2076.0], [26430.0, 2077.5], [26427.0, 2077.5], [26425.5, 2079.0], [26424.0, 2079.0], [26419.5, 2083.5], [26418.0, 2083.5], [26415.0, 2086.5], [26413.5, 2086.5], [26404.5, 2095.5], [26403.0, 2095.5], [26401.5, 2097.0], [26400.0, 2097.0], [26398.5, 2098.5], [26395.5, 2098.5], [26394.0, 2100.0], [26392.5, 2100.0], [26391.0, 2101.5], [26389.5, 2101.5], [26388.0, 2103.0], [26383.5, 2103.0], [26382.0, 2104.5], [26368.5, 2104.5], [26367.0, 2106.0], [26347.5, 2106.0], [26346.0, 2104.5], [26341.5, 2104.5], [26340.0, 2103.0], [26338.5, 2103.0], [26337.0, 2101.5], [26335.5, 2101.5], [26331.0, 2097.0], [26331.0, 2095.5], [26328.0, 2092.5], [26328.0, 2091.0], [26325.0, 2088.0], [26325.0, 2086.5], [26323.5, 2085.0], [26323.5, 2083.5], [26322.0, 2082.0], [26322.0, 2080.5], [26320.5, 2079.0], [26320.5, 2077.5], [26319.0, 2076.0], [26319.0, 2074.5], [26317.5, 2073.0], [26317.5, 2071.5], [26314.5, 2068.5], [26314.5, 2067.0], [26310.0, 2062.5], [26308.5, 2062.5], [26295.0, 2049.0], [26293.5, 2049.0], [26280.0, 2035.5], [26278.5, 2035.5], [26274.0, 2031.0], [26274.0, 2029.5], [26263.5, 2019.0], [26263.5, 2017.5], [26257.5, 2011.5], [26257.5, 2010.0], [26254.5, 2007.0], [26254.5, 2005.5], [26253.0, 2004.0], [26253.0, 2002.5], [26248.5, 1998.0], [26247.0, 1998.0], [26245.5, 1996.5], [26244.0, 1996.5], [26242.5, 1995.0], [26229.0, 1995.0]]]}}, {"type": "Feature", "properties": {"class_id": 3, "classification": "Darkspot & Foreign Object", "area": 289.125}, "geometry": {"type": "Polygon", "coordinates": [[[26245.5, 1923.0], [26244.0, 1924.5], [26242.5, 1924.5], [26239.5, 1927.5], [26239.5, 1929.0], [26238.0, 1930.5], [26238.0, 1933.5], [26236.5, 1935.0], [26236.5, 1938.0], [26233.5, 1941.0], [26233.5, 1942.5], [26230.5, 1945.5], [26230.5, 1950.0], [26232.0, 1951.5], [26236.5, 1951.5], [26238.0, 1950.0], [26241.0, 1950.0], [26244.0, 1947.0], [26244.0, 1945.5], [26245.5, 1944.0], [26244.0, 1942.5], [26244.0, 1938.0], [26250.0, 1932.0], [26250.0, 1930.5], [26251.5, 1929.0], [26250.0, 1927.5], [26250.0, 1926.0], [26247.0, 1923.0], [26245.5, 1923.0]]]}}, {"type": "Feature", "properties": {"class_id": 3, "classification": "Darkspot & Foreign Object", "area": 52.875}, "geometry": {"type": "Polygon", "coordinates": [[[26176.5, 1921.5], [26175.0, 1923.0], [26175.0, 1924.5], [26173.5, 1926.0], [26173.5, 1929.0], [26175.0, 1929.0], [26176.5, 1930.5], [26181.0, 1930.5], [26181.0, 1924.5], [26178.0, 1921.5], [26176.5, 1921.5]]]}}, {"type": "Feature", "properties": {"class_id": 3, "classification": "Darkspot & Foreign Object", "area": 37.125}, "geometry": {"type": "Polygon", "coordinates": [[[26421.0, 1918.5], [26421.0, 1920.0], [26422.5, 1921.5], [26422.5, 1923.0], [26427.0, 1927.5], [26428.5, 1926.0], [26428.5, 1923.0], [26427.0, 1921.5], [26427.0, 1920.0], [26425.5, 1920.0], [26424.0, 1918.5], [26421.0, 1918.5]]]}}, {"type": "Feature", "properties": {"class_id": 3, "classification": "Darkspot & Foreign Object", "area": 1275.75}, "geometry": {"type": "Polygon", "coordinates": [[[26112.0, 1899.0], [26112.0, 1956.0], [26121.0, 1956.0], [26122.5, 1954.5], [26127.0, 1954.5], [26128.5, 1953.0], [26130.0, 1953.0], [26137.5, 1945.5], [26137.5, 1944.0], [26139.0, 1942.5], [26139.0, 1941.0], [26140.5, 1939.5], [26140.5, 1938.0], [26142.0, 1936.5], [26142.0, 1927.5], [26137.5, 1923.0], [26137.5, 1921.5], [26134.5, 1918.5], [26134.5, 1917.0], [26133.0, 1915.5], [26133.0, 1914.0], [26130.0, 1911.0], [26130.0, 1909.5], [26128.5, 1908.0], [26128.5, 1906.5], [26124.0, 1902.0], [26122.5, 1902.0], [26121.0, 1900.5], [26119.5, 1900.5], [26118.0, 1899.0], [26112.0, 1899.0]]]}}, {"type": "Feature", "properties": {"class_id": 3, "classification": "Darkspot & Foreign Object", "area": 33.75}, "geometry": {"type": "Polygon", "coordinates": [[[9589.5, 1878.0], [9588.0, 1879.5], [9588.0, 1884.0], [9589.5, 1885.5], [9594.0, 1881.0], [9595.5, 1881.0], [9594.0, 1879.5], [9594.0, 1878.0], [9589.5, 1878.0]]]}}, {"type": "Feature", "properties": {"class_id": 3, "classification": "Darkspot & Foreign Object", "area": 53314.875}, "geometry": {"type": "Polygon", "coordinates": [[[10230.0, 1870.5], [10228.5, 1870.5], [10225.5, 1873.5], [10224.0, 1873.5], [10221.0, 1876.5], [10219.5, 1876.5], [10216.5, 1879.5], [10215.0, 1879.5], [10213.5, 1881.0], [10212.0, 1881.0], [10209.0, 1884.0], [10207.5, 1884.0], [10206.0, 1885.5], [10204.5, 1885.5], [10201.5, 1888.5], [10200.0, 1888.5], [10189.5, 1899.0], [10189.5, 1900.5], [10186.5, 1903.5], [10186.5, 1906.5], [10185.0, 1908.0], [10185.0, 1909.5], [10182.0, 1912.5], [10182.0, 1914.0], [10180.5, 1915.5], [10180.5, 1917.0], [10179.0, 1918.5], [10179.0, 1920.0], [10177.5, 1921.5], [10177.5, 1923.0], [10176.0, 1924.5], [10176.0, 1926.0], [10174.5, 1927.5], [10174.5, 1930.5], [10173.0, 1932.0], [10173.0, 1935.0], [10171.5, 1936.5], [10170.0, 1936.5], [10167.0, 1939.5], [10164.0, 1939.5], [10162.5, 1941.0], [10161.0, 1941.0], [10159.5, 1942.5], [10158.0, 1942.5], [10156.5, 1944.0], [10155.0, 1944.0], [10153.5, 1945.5], [10149.0, 1945.5], [10147.5, 1947.0], [10135.5, 1947.0], [10134.0, 1948.5], [10132.5, 1948.5], [10126.5, 1954.5], [10125.0, 1954.5], [10122.0, 1957.5], [10120.5, 1957.5], [10119.0, 1959.0], [10117.5, 1959.0], [10116.0, 1960.5], [10113.0, 1960.5], [10111.5, 1962.0], [10110.0, 1962.0], [10108.5, 1963.5], [10107.0, 1963.5], [10104.0, 1966.5], [10102.5, 1966.5], [10098.0, 1971.0], [10096.5, 1971.0], [10096.5, 1972.5], [10095.0, 1974.0], [10095.0, 1981.5], [10096.5, 1983.0], [10096.5, 1984.5], [10099.5, 1987.5], [10099.5, 1989.0], [10104.0, 1993.5], [10104.0, 1995.0], [10105.5, 1996.5], [10105.5, 1998.0], [10107.0, 1999.5], [10107.0, 2004.0], [10108.5, 2005.5], [10108.5, 2007.0], [10113.0, 2011.5], [10116.0, 2011.5], [10117.5, 2013.0], [10120.5, 2013.0], [10122.0, 2011.5], [10125.0, 2011.5], [10126.5, 2010.0], [10132.5, 2010.0], [10134.0, 2011.5], [10137.0, 2011.5], [10138.5, 2013.0], [10141.5, 2013.0], [10143.0, 2014.5], [10146.0, 2014.5], [10147.5, 2016.0], [10152.0, 2016.0], [10153.5, 2017.5], [10155.0, 2017.5], [10156.5, 2019.0], [10161.0, 2019.0], [10162.5, 2020.5], [10168.5, 2020.5], [10170.0, 2019.0], [10177.5, 2019.0], [10179.0, 2020.5], [10180.5, 2020.5], [10182.0, 2022.0], [10183.5, 2022.0], [10185.0, 2023.5], [10201.5, 2023.5], [10203.0, 2022.0], [10221.0, 2022.0], [10222.5, 2023.5], [10227.0, 2023.5], [10228.5, 2025.0], [10236.0, 2025.0], [10237.5, 2026.5], [10254.0, 2026.5], [10255.5, 2028.0], [10272.0, 2028.0], [10273.5, 2026.5], [10278.0, 2026.5], [10279.5, 2025.0], [10284.0, 2025.0], [10285.5, 2023.5], [10287.0, 2023.5], [10288.5, 2022.0], [10290.0, 2022.0], [10291.5, 2020.5], [10293.0, 2020.5], [10294.5, 2019.0], [10321.5, 2019.0], [10323.0, 2017.5], [10326.0, 2017.5], [10327.5, 2016.0], [10329.0, 2016.0], [10330.5, 2014.5], [10333.5, 2014.5], [10335.0, 2013.0], [10344.0, 2013.0], [10345.5, 2011.5], [10366.5, 2011.5], [10368.0, 2010.0], [10374.0, 2010.0], [10375.5, 2008.5], [10377.0, 2008.5], [10380.0, 2005.5], [10381.5, 2005.5], [10386.0, 2001.0], [10386.0, 1999.5], [10390.5, 1995.0], [10390.5, 1993.5], [10395.0, 1989.0], [10396.5, 1989.0], [10398.0, 1987.5], [10399.5, 1987.5], [10401.0, 1986.0], [10405.5, 1986.0], [10407.0, 1984.5], [10435.5, 1984.5], [10437.0, 1986.0], [10440.0, 1986.0], [10441.5, 1987.5], [10447.5, 1987.5], [10449.0, 1986.0], [10452.0, 1986.0], [10453.5, 1984.5], [10455.0, 1984.5], [10459.5, 1980.0], [10461.0, 1980.0], [10462.5, 1978.5], [10473.0, 1978.5], [10474.5, 1977.0], [10476.0, 1977.0], [10483.5, 1969.5], [10485.0, 1969.5], [10486.5, 1968.0], [10498.5, 1968.0], [10500.0, 1966.5], [10506.0, 1966.5], [10507.5, 1965.0], [10516.5, 1965.0], [10518.0, 1966.5], [10519.5, 1966.5], [10521.0, 1965.0], [10525.5, 1965.0], [10527.0, 1963.5], [10530.0, 1963.5], [10531.5, 1962.0], [10539.0, 1962.0], [10540.5, 1963.5], [10548.0, 1963.5], [10549.5, 1962.0], [10552.5, 1962.0], [10554.0, 1960.5], [10560.0, 1960.5], [10561.5, 1959.0], [10572.0, 1959.0], [10573.5, 1957.5], [10582.5, 1957.5], [10584.0, 1959.0], [10585.5, 1959.0], [10588.5, 1962.0], [10590.0, 1962.0], [10594.5, 1966.5], [10596.0, 1966.5], [10597.5, 1968.0], [10599.0, 1968.0], [10600.5, 1969.5], [10602.0, 1969.5], [10603.5, 1971.0], [10605.0, 1971.0], [10608.0, 1974.0], [10611.0, 1974.0], [10612.5, 1975.5], [10614.0, 1975.5], [10615.5, 1977.0], [10629.0, 1977.0], [10632.0, 1980.0], [10633.5, 1980.0], [10636.5, 1983.0], [10636.5, 1984.5], [10644.0, 1992.0], [10645.5, 1992.0], [10647.0, 1993.5], [10648.5, 1993.5], [10650.0, 1992.0], [10653.0, 1992.0], [10656.0, 1989.0], [10656.0, 1987.5], [10659.0, 1984.5], [10659.0, 1983.0], [10663.5, 1978.5], [10663.5, 1974.0], [10665.0, 1972.5], [10665.0, 1971.0], [10663.5, 1969.5], [10662.0, 1969.5], [10653.0, 1960.5], [10653.0, 1959.0], [10650.0, 1956.0], [10650.0, 1954.5], [10651.5, 1953.0], [10653.0, 1953.0], [10653.0, 1947.0], [10650.0, 1947.0], [10648.5, 1945.5], [10644.0, 1945.5], [10638.0, 1939.5], [10638.0, 1933.5], [10639.5, 1932.0], [10639.5, 1930.5], [10642.5, 1927.5], [10644.0, 1927.5], [10647.0, 1924.5], [10650.0, 1924.5], [10651.5, 1923.0], [10654.5, 1923.0], [10656.0, 1921.5], [10657.5, 1921.5], [10657.5, 1920.0], [10656.0, 1918.5], [10656.0, 1917.0], [10657.5, 1915.5], [10657.5, 1911.0], [10659.0, 1909.5], [10659.0, 1905.0], [10657.5, 1903.5], [10657.5, 1900.5], [10653.0, 1896.0], [10651.5, 1896.0], [10650.0, 1894.5], [10645.5, 1894.5], [10644.0, 1893.0], [10626.0, 1893.0], [10624.5, 1891.5], [10617.0, 1891.5], [10615.5, 1893.0], [10612.5, 1893.0], [10611.0, 1894.5], [10609.5, 1894.5], [10606.5, 1897.5], [10605.0, 1897.5], [10603.5, 1899.0], [10602.0, 1899.0], [10599.0, 1902.0], [10597.5, 1902.0], [10594.5, 1905.0], [10594.5, 1906.5], [10585.5, 1915.5], [10578.0, 1915.5], [10576.5, 1914.0], [10575.0, 1914.0], [10573.5, 1912.5], [10572.0, 1912.5], [10566.0, 1906.5], [10566.0, 1905.0], [10561.5, 1900.5], [10561.5, 1899.0], [10558.5, 1896.0], [10557.0, 1896.0], [10552.5, 1891.5], [10551.0, 1891.5], [10548.0, 1888.5], [10546.5, 1888.5], [10545.0, 1887.0], [10542.0, 1887.0], [10540.5, 1885.5], [10539.0, 1885.5], [10537.5, 1884.0], [10536.0, 1884.0], [10534.5, 1882.5], [10528.5, 1882.5], [10527.0, 1881.0], [10518.0, 1881.0], [10516.5, 1882.5], [10512.0, 1882.5], [10510.5, 1881.0], [10486.5, 1881.0], [10485.0, 1882.5], [10482.0, 1882.5], [10480.5, 1884.0], [10477.5, 1884.0], [10476.0, 1885.5], [10471.5, 1885.5], [10470.0, 1887.0], [10464.0, 1887.0], [10462.5, 1888.5], [10461.0, 1888.5], [10459.5, 1890.0], [10458.0, 1890.0], [10456.5, 1891.5], [10450.5, 1891.5], [10449.0, 1893.0], [10435.5, 1893.0], [10432.5, 1896.0], [10431.0, 1896.0], [10429.5, 1897.5], [10410.0, 1897.5], [10402.5, 1905.0], [10399.5, 1905.0], [10389.0, 1894.5], [10387.5, 1894.5], [10386.0, 1893.0], [10384.5, 1893.0], [10383.0, 1891.5], [10380.0, 1891.5], [10378.5, 1893.0], [10375.5, 1893.0], [10374.0, 1894.5], [10372.5, 1894.5], [10371.0, 1893.0], [10359.0, 1893.0], [10357.5, 1894.5], [10350.0, 1894.5], [10348.5, 1896.0], [10347.0, 1896.0], [10344.0, 1899.0], [10342.5, 1899.0], [10341.0, 1900.5], [10339.5, 1900.5], [10338.0, 1902.0], [10333.5, 1902.0], [10332.0, 1903.5], [10327.5, 1903.5], [10326.0, 1902.0], [10311.0, 1902.0], [10309.5, 1900.5], [10308.0, 1900.5], [10306.5, 1899.0], [10305.0, 1899.0], [10303.5, 1897.5], [10300.5, 1897.5], [10299.0, 1896.0], [10290.0, 1896.0], [10290.0, 1897.5], [10291.5, 1899.0], [10291.5, 1908.0], [10287.0, 1912.5], [10285.5, 1912.5], [10284.0, 1911.0], [10282.5, 1911.0], [10279.5, 1908.0], [10279.5, 1906.5], [10278.0, 1905.0], [10278.0, 1902.0], [10276.5, 1900.5], [10278.0, 1899.0], [10278.0, 1897.5], [10279.5, 1896.0], [10281.0, 1896.0], [10282.5, 1894.5], [10284.0, 1894.5], [10282.5, 1893.0], [10281.0, 1893.0], [10279.5, 1891.5], [10276.5, 1891.5], [10275.0, 1890.0], [10273.5, 1890.0], [10272.0, 1888.5], [10270.5, 1888.5], [10269.0, 1887.0], [10267.5, 1887.0], [10257.0, 1876.5], [10255.5, 1876.5], [10254.0, 1875.0], [10252.5, 1875.0], [10251.0, 1873.5], [10248.0, 1873.5], [10245.0, 1870.5], [10242.0, 1870.5], [10240.5, 1869.0], [10231.5, 1869.0], [10230.0, 1870.5]]]}}, {"type": "Feature", "properties": {"class_id": 3, "classification": "Darkspot & Foreign Object", "area": 127.125}, "geometry": {"type": "Polygon", "coordinates": [[[9336.0, 1807.5], [9334.5, 1809.0], [9334.5, 1810.5], [9333.0, 1812.0], [9333.0, 1815.0], [9336.0, 1818.0], [9339.0, 1818.0], [9340.5, 1819.5], [9345.0, 1819.5], [9346.5, 1818.0], [9346.5, 1812.0], [9343.5, 1809.0], [9342.0, 1809.0], [9340.5, 1807.5], [9336.0, 1807.5]]]}}, {"type": "Feature", "properties": {"class_id": 3, "classification": "Darkspot & Foreign Object", "area": 40110.75}, "geometry": {"type": "Polygon", "coordinates": [[[5301.0, 1759.5], [5299.5, 1761.0], [5298.0, 1761.0], [5296.5, 1762.5], [5295.0, 1762.5], [5293.5, 1764.0], [5293.5, 1765.5], [5298.0, 1770.0], [5299.5, 1770.0], [5301.0, 1771.5], [5311.5, 1771.5], [5313.0, 1773.0], [5314.5, 1773.0], [5316.0, 1774.5], [5323.5, 1774.5], [5326.5, 1777.5], [5328.0, 1777.5], [5331.0, 1780.5], [5331.0, 1782.0], [5337.0, 1788.0], [5338.5, 1788.0], [5341.5, 1791.0], [5343.0, 1791.0], [5347.5, 1795.5], [5347.5, 1798.5], [5346.0, 1800.0], [5344.5, 1800.0], [5343.0, 1801.5], [5340.0, 1801.5], [5338.5, 1803.0], [5326.5, 1803.0], [5325.0, 1801.5], [5322.0, 1801.5], [5320.5, 1800.0], [5319.0, 1800.0], [5313.0, 1794.0], [5310.0, 1794.0], [5308.5, 1792.5], [5307.0, 1792.5], [5305.5, 1794.0], [5301.0, 1794.0], [5299.5, 1795.5], [5296.5, 1795.5], [5295.0, 1797.0], [5290.5, 1797.0], [5289.0, 1795.5], [5278.5, 1795.5], [5277.0, 1794.0], [5274.0, 1794.0], [5272.5, 1792.5], [5269.5, 1792.5], [5268.0, 1794.0], [5268.0, 1800.0], [5262.0, 1806.0], [5260.5, 1806.0], [5259.0, 1807.5], [5256.0, 1807.5], [5254.5, 1809.0], [5251.5, 1809.0], [5247.0, 1813.5], [5245.5, 1813.5], [5242.5, 1816.5], [5241.0, 1816.5], [5239.5, 1818.0], [5235.0, 1818.0], [5233.5, 1819.5], [5230.5, 1819.5], [5229.0, 1821.0], [5226.0, 1821.0], [5224.5, 1822.5], [5217.0, 1822.5], [5215.5, 1821.0], [5214.0, 1821.0], [5212.5, 1819.5], [5211.0, 1819.5], [5209.5, 1818.0], [5206.5, 1818.0], [5205.0, 1816.5], [5203.5, 1818.0], [5197.5, 1818.0], [5196.0, 1819.5], [5193.0, 1819.5], [5191.5, 1821.0], [5188.5, 1821.0], [5187.0, 1822.5], [5184.0, 1822.5], [5182.5, 1824.0], [5181.0, 1824.0], [5179.5, 1825.5], [5178.0, 1825.5], [5176.5, 1827.0], [5175.0, 1827.0], [5173.5, 1828.5], [5172.0, 1828.5], [5170.5, 1830.0], [5169.0, 1830.0], [5163.0, 1836.0], [5163.0, 1837.5], [5148.0, 1852.5], [5146.5, 1852.5], [5136.0, 1863.0], [5136.0, 1864.5], [5134.5, 1866.0], [5134.5, 1869.0], [5133.0, 1870.5], [5133.0, 1875.0], [5131.5, 1876.5], [5131.5, 1899.0], [5133.0, 1900.5], [5133.0, 1905.0], [5134.5, 1906.5], [5134.5, 1912.5], [5136.0, 1914.0], [5136.0, 1917.0], [5137.5, 1918.5], [5137.5, 1923.0], [5139.0, 1924.5], [5139.0, 1930.5], [5140.5, 1932.0], [5140.5, 1933.5], [5142.0, 1935.0], [5142.0, 1941.0], [5143.5, 1939.5], [5146.5, 1939.5], [5149.5, 1942.5], [5149.5, 1947.0], [5148.0, 1948.5], [5143.5, 1948.5], [5146.5, 1951.5], [5148.0, 1951.5], [5151.0, 1954.5], [5152.5, 1954.5], [5154.0, 1956.0], [5155.5, 1956.0], [5157.0, 1957.5], [5158.5, 1957.5], [5160.0, 1959.0], [5161.5, 1959.0], [5163.0, 1960.5], [5164.5, 1960.5], [5166.0, 1962.0], [5169.0, 1962.0], [5170.5, 1963.5], [5172.0, 1963.5], [5173.5, 1965.0], [5175.0, 1965.0], [5178.0, 1968.0], [5181.0, 1968.0], [5182.5, 1969.5], [5193.0, 1969.5], [5194.5, 1971.0], [5211.0, 1971.0], [5212.5, 1972.5], [5215.5, 1972.5], [5217.0, 1974.0], [5220.0, 1974.0], [5221.5, 1975.5], [5224.5, 1975.5], [5226.0, 1977.0], [5229.0, 1977.0], [5230.5, 1978.5], [5232.0, 1978.5], [5233.5, 1980.0], [5235.0, 1980.0], [5236.5, 1981.5], [5238.0, 1981.5], [5239.5, 1983.0], [5241.0, 1983.0], [5242.5, 1984.5], [5253.0, 1984.5], [5254.5, 1986.0], [5259.0, 1986.0], [5260.5, 1987.5], [5262.0, 1987.5], [5263.5, 1989.0], [5265.0, 1989.0], [5266.5, 1990.5], [5269.5, 1990.5], [5271.0, 1992.0], [5274.0, 1992.0], [5275.5, 1993.5], [5278.5, 1993.5], [5280.0, 1992.0], [5293.5, 1992.0], [5295.0, 1990.5], [5301.0, 1990.5], [5302.5, 1989.0], [5308.5, 1989.0], [5310.0, 1987.5], [5313.0, 1987.5], [5314.5, 1986.0], [5319.0, 1986.0], [5320.5, 1984.5], [5322.0, 1984.5], [5323.5, 1983.0], [5326.5, 1983.0], [5328.0, 1981.5], [5329.5, 1981.5], [5331.0, 1980.0], [5332.5, 1980.0], [5334.0, 1978.5], [5335.5, 1978.5], [5337.0, 1977.0], [5338.5, 1977.0], [5340.0, 1975.5], [5344.5, 1975.5], [5346.0, 1974.0], [5350.5, 1974.0], [5352.0, 1972.5], [5367.0, 1972.5], [5368.5, 1971.0], [5371.5, 1971.0], [5373.0, 1969.5], [5374.5, 1969.5], [5374.5, 1779.0], [5373.0, 1779.0], [5371.5, 1777.5], [5370.0, 1777.5], [5368.5, 1776.0], [5367.0, 1776.0], [5365.5, 1774.5], [5355.0, 1774.5], [5353.5, 1776.0], [5349.0, 1776.0], [5347.5, 1774.5], [5346.0, 1774.5], [5344.5, 1773.0], [5343.0, 1773.0], [5340.0, 1770.0], [5338.5, 1770.0], [5337.0, 1768.5], [5332.5, 1768.5], [5331.0, 1767.0], [5329.5, 1767.0], [5323.5, 1773.0], [5322.0, 1771.5], [5320.5, 1771.5], [5316.0, 1767.0], [5316.0, 1765.5], [5313.0, 1762.5], [5311.5, 1762.5], [5310.0, 1761.0], [5308.5, 1761.0], [5307.0, 1759.5], [5301.0, 1759.5]]]}}, {"type": "Feature", "properties": {"class_id": 3, "classification": "Darkspot & Foreign Object", "area": 187.875}, "geometry": {"type": "Polygon", "coordinates": [[[26197.5, 1536.0], [26199.0, 1537.5], [26199.0, 1539.0], [26212.5, 1539.0], [26214.0, 1540.5], [26214.0, 1542.0], [26218.5, 1546.5], [26218.5, 1548.0], [26220.0, 1549.5], [26221.5, 1549.5], [26223.0, 1551.0], [26224.5, 1549.5], [26226.0, 1549.5], [26227.5, 1548.0], [26227.5, 1546.5], [26229.0, 1545.0], [26229.0, 1540.5], [26227.5, 1539.0], [26220.0, 1539.0], [26217.0, 1536.0], [26197.5, 1536.0]]]}}, {"type": "Feature", "properties": {"class_id": 3, "classification": "Darkspot & Foreign Object", "area": 18.0}, "geometry": {"type": "Polygon", "coordinates": [[[20862.0, 1536.0], [20862.0, 1537.5], [20860.5, 1539.0], [20860.5, 1543.5], [20863.5, 1540.5], [20863.5, 1539.0], [20865.0, 1537.5], [20865.0, 1536.0], [20862.0, 1536.0]]]}}, {"type": "Feature", "properties": {"class_id": 3, "classification": "Darkspot & Foreign Object", "area": 4619.25}, "geometry": {"type": "Polygon", "coordinates": [[[26112.0, 1623.0], [26113.5, 1623.0], [26115.0, 1624.5], [26116.5, 1624.5], [26118.0, 1626.0], [26119.5, 1626.0], [26121.0, 1624.5], [26127.0, 1624.5], [26128.5, 1623.0], [26131.5, 1623.0], [26134.5, 1620.0], [26136.0, 1620.0], [26142.0, 1614.0], [26142.0, 1612.5], [26143.5, 1611.0], [26145.0, 1611.0], [26161.5, 1594.5], [26161.5, 1593.0], [26163.0, 1591.5], [26163.0, 1590.0], [26164.5, 1588.5], [26164.5, 1587.0], [26166.0, 1585.5], [26166.0, 1570.5], [26167.5, 1569.0], [26167.5, 1567.5], [26176.5, 1558.5], [26176.5, 1557.0], [26178.0, 1555.5], [26178.0, 1554.0], [26181.0, 1551.0], [26181.0, 1549.5], [26184.0, 1546.5], [26185.5, 1546.5], [26188.5, 1543.5], [26188.5, 1542.0], [26191.5, 1539.0], [26190.0, 1537.5], [26190.0, 1536.0], [26112.0, 1536.0], [26112.0, 1623.0]]]}}, {"type": "Feature", "properties": {"class_id": 3, "classification": "Darkspot & Foreign Object", "area": 90.0}, "geometry": {"type": "Polygon", "coordinates": [[[26082.0, 1525.5], [26076.0, 1531.5], [26076.0, 1534.5], [26088.0, 1534.5], [26088.0, 1528.5], [26089.5, 1527.0], [26088.0, 1527.0], [26086.5, 1525.5], [26082.0, 1525.5]]]}}, {"type": "Feature", "properties": {"class_id": 3, "classification": "Darkspot & Foreign Object", "area": 601.875}, "geometry": {"type": "Polygon", "coordinates": [[[25764.0, 1504.5], [25762.5, 1506.0], [25758.0, 1506.0], [25756.5, 1507.5], [25753.5, 1507.5], [25752.0, 1509.0], [25749.0, 1509.0], [25747.5, 1510.5], [25743.0, 1510.5], [25741.5, 1509.0], [25740.0, 1509.0], [25738.5, 1507.5], [25737.0, 1507.5], [25735.5, 1506.0], [25735.5, 1515.0], [25734.0, 1516.5], [25734.0, 1518.0], [25732.5, 1519.5], [25732.5, 1521.0], [25731.0, 1522.5], [25731.0, 1525.5], [25737.0, 1525.5], [25740.0, 1528.5], [25740.0, 1533.0], [25738.5, 1534.5], [25761.0, 1534.5], [25761.0, 1531.5], [25759.5, 1530.0], [25759.5, 1528.5], [25756.5, 1525.5], [25756.5, 1516.5], [25758.0, 1515.0], [25758.0, 1513.5], [25762.5, 1509.0], [25762.5, 1507.5], [25764.0, 1506.0], [25764.0, 1504.5]]]}}, {"type": "Feature", "properties": {"class_id": 3, "classification": "Darkspot & Foreign Object", "area": 822.375}, "geometry": {"type": "Polygon", "coordinates": [[[25677.0, 1480.5], [25675.5, 1482.0], [25671.0, 1482.0], [25669.5, 1483.5], [25665.0, 1483.5], [25663.5, 1485.0], [25659.0, 1485.0], [25657.5, 1486.5], [25653.0, 1486.5], [25651.5, 1485.0], [25647.0, 1485.0], [25645.5, 1483.5], [25644.0, 1483.5], [25644.0, 1488.0], [25645.5, 1489.5], [25645.5, 1494.0], [25647.0, 1495.5], [25647.0, 1501.5], [25648.5, 1503.0], [25648.5, 1506.0], [25650.0, 1507.5], [25650.0, 1509.0], [25651.5, 1509.0], [25656.0, 1504.5], [25659.0, 1504.5], [25662.0, 1501.5], [25663.5, 1501.5], [25668.0, 1497.0], [25671.0, 1497.0], [25672.5, 1495.5], [25674.0, 1495.5], [25675.5, 1494.0], [25677.0, 1494.0], [25678.5, 1492.5], [25681.5, 1492.5], [25683.0, 1491.0], [25684.5, 1491.0], [25686.0, 1489.5], [25689.0, 1489.5], [25690.5, 1488.0], [25698.0, 1488.0], [25699.5, 1489.5], [25701.0, 1489.5], [25702.5, 1491.0], [25710.0, 1491.0], [25713.0, 1494.0], [25714.5, 1494.0], [25716.0, 1495.5], [25720.5, 1495.5], [25722.0, 1497.0], [25723.5, 1497.0], [25725.0, 1498.5], [25726.5, 1498.5], [25717.5, 1489.5], [25714.5, 1489.5], [25713.0, 1488.0], [25710.0, 1488.0], [25708.5, 1486.5], [25704.0, 1486.5], [25702.5, 1485.0], [25695.0, 1485.0], [25693.5, 1483.5], [25692.0, 1483.5], [25689.0, 1480.5], [25677.0, 1480.5]]]}}, {"type": "Feature", "properties": {"class_id": 3, "classification": "Darkspot & Foreign Object", "area": 324.0}, "geometry": {"type": "Polygon", "coordinates": [[[25596.0, 1479.0], [25594.5, 1480.5], [25585.5, 1480.5], [25581.0, 1485.0], [25581.0, 1488.0], [25582.5, 1489.5], [25584.0, 1489.5], [25585.5, 1491.0], [25590.0, 1491.0], [25591.5, 1492.5], [25600.5, 1492.5], [25602.0, 1491.0], [25605.0, 1491.0], [25606.5, 1489.5], [25608.0, 1489.5], [25612.5, 1485.0], [25614.0, 1485.0], [25614.0, 1482.0], [25609.5, 1482.0], [25608.0, 1480.5], [25606.5, 1480.5], [25605.0, 1479.0], [25596.0, 1479.0]]]}}, {"type": "Feature", "properties": {"class_id": 3, "classification": "Darkspot & Foreign Object", "area": 153.0}, "geometry": {"type": "Polygon", "coordinates": [[[8385.0, 1479.0], [8383.5, 1480.5], [8383.5, 1482.0], [8377.5, 1488.0], [8374.5, 1488.0], [8376.0, 1489.5], [8377.5, 1489.5], [8379.0, 1491.0], [8380.5, 1491.0], [8383.5, 1494.0], [8383.5, 1495.5], [8385.0, 1497.0], [8391.0, 1491.0], [8391.0, 1482.0], [8388.0, 1479.0], [8385.0, 1479.0]]]}}, {"type": "Feature", "properties": {"class_id": 3, "classification": "Darkspot & Foreign Object", "area": 11.25}, "geometry": {"type": "Polygon", "coordinates": [[[25384.5, 1471.5], [25386.0, 1473.0], [25392.0, 1473.0], [25393.5, 1471.5], [25384.5, 1471.5]]]}}, {"type": "Feature", "properties": {"class_id": 3, "classification": "Darkspot & Foreign Object", "area": 68.625}, "geometry": {"type": "Polygon", "coordinates": [[[25485.0, 1467.0], [25485.0, 1468.5], [25483.5, 1470.0], [25483.5, 1471.5], [25485.0, 1473.0], [25485.0, 1474.5], [25491.0, 1474.5], [25495.5, 1470.0], [25492.5, 1467.0], [25485.0, 1467.0]]]}}, {"type": "Feature", "properties": {"class_id": 3, "classification": "Darkspot & Foreign Object", "area": 29.25}, "geometry": {"type": "Polygon", "coordinates": [[[25401.0, 1465.5], [25399.5, 1467.0], [25399.5, 1468.5], [25398.0, 1470.0], [25401.0, 1470.0], [25402.5, 1468.5], [25408.5, 1468.5], [25408.5, 1467.0], [25407.0, 1465.5], [25401.0, 1465.5]]]}}, {"type": "Feature", "properties": {"class_id": 3, "classification": "Darkspot & Foreign Object", "area": 245.25}, "geometry": {"type": "Polygon", "coordinates": [[[19276.5, 1146.0], [19275.0, 1147.5], [19273.5, 1147.5], [19273.5, 1152.0], [19275.0, 1153.5], [19275.0, 1156.5], [19276.5, 1158.0], [19276.5, 1159.5], [19279.5, 1162.5], [19279.5, 1164.0], [19284.0, 1168.5], [19285.5, 1168.5], [19287.0, 1170.0], [19288.5, 1170.0], [19290.0, 1171.5], [19290.0, 1170.0], [19291.5, 1168.5], [19291.5, 1167.0], [19290.0, 1165.5], [19290.0, 1161.0], [19288.5, 1159.5], [19288.5, 1155.0], [19287.0, 1153.5], [19287.0, 1152.0], [19284.0, 1149.0], [19282.5, 1149.0], [19281.0, 1147.5], [19278.0, 1147.5], [19276.5, 1146.0]]]}}, {"type": "Feature", "properties": {"class_id": 3, "classification": "Darkspot & Foreign Object", "area": 311.625}, "geometry": {"type": "Polygon", "coordinates": [[[19851.0, 1071.0], [19855.5, 1075.5], [19857.0, 1075.5], [19858.5, 1077.0], [19860.0, 1077.0], [19863.0, 1080.0], [19870.5, 1080.0], [19873.5, 1077.0], [19879.5, 1077.0], [19881.0, 1078.5], [19888.5, 1078.5], [19890.0, 1077.0], [19894.5, 1077.0], [19896.0, 1075.5], [19902.0, 1075.5], [19902.0, 1074.0], [19900.5, 1072.5], [19899.0, 1072.5], [19897.5, 1071.0], [19884.0, 1071.0], [19882.5, 1072.5], [19870.5, 1072.5], [19869.0, 1071.0], [19864.5, 1071.0], [19863.0, 1069.5], [19852.5, 1069.5], [19851.0, 1071.0]]]}}, {"type": "Feature", "properties": {"class_id": 3, "classification": "Darkspot & Foreign Object", "area": 140.625}, "geometry": {"type": "Polygon", "coordinates": [[[19965.0, 832.5], [19963.5, 834.0], [19962.0, 834.0], [19960.5, 835.5], [19959.0, 835.5], [19959.0, 837.0], [19956.0, 840.0], [19956.0, 841.5], [19957.5, 843.0], [19957.5, 846.0], [19959.0, 846.0], [19960.5, 847.5], [19960.5, 849.0], [19962.0, 850.5], [19962.0, 852.0], [19966.5, 852.0], [19966.5, 832.5], [19965.0, 832.5]]]}}, {"type": "Feature", "properties": {"class_id": 4, "classification": "PenMarking", "area": 465.75}, "geometry": {"type": "Polygon", "coordinates": [[[9976.5, 20803.5], [9975.0, 20805.0], [9972.0, 20805.0], [9970.5, 20806.5], [9966.0, 20806.5], [9964.5, 20808.0], [9963.0, 20808.0], [9961.5, 20809.5], [9960.0, 20809.5], [9960.0, 20815.5], [9963.0, 20818.5], [9964.5, 20818.5], [9969.0, 20823.0], [9970.5, 20823.0], [9975.0, 20827.5], [9975.0, 20835.0], [9976.5, 20836.5], [9978.0, 20836.5], [9979.5, 20838.0], [9981.0, 20838.0], [9982.5, 20836.5], [9982.5, 20805.0], [9981.0, 20803.5], [9976.5, 20803.5]]]}}, {"type": "Feature", "properties": {"class_id": 4, "classification": "PenMarking", "area": 272.25}, "geometry": {"type": "Polygon", "coordinates": [[[19986.0, 20608.5], [19983.0, 20611.5], [19983.0, 20613.0], [19981.5, 20614.5], [19981.5, 20616.0], [19980.0, 20617.5], [19980.0, 20620.5], [19981.5, 20622.0], [19981.5, 20623.5], [19983.0, 20625.0], [19984.5, 20625.0], [19986.0, 20623.5], [19992.0, 20623.5], [19993.5, 20625.0], [19995.0, 20625.0], [19998.0, 20628.0], [19999.5, 20628.0], [20001.0, 20629.5], [20002.5, 20628.0], [20002.5, 20626.5], [20004.0, 20625.0], [20002.5, 20623.5], [20002.5, 20622.0], [20001.0, 20620.5], [20001.0, 20619.0], [19993.5, 20611.5], [19992.0, 20611.5], [19989.0, 20608.5], [19986.0, 20608.5]]]}}, {"type": "Feature", "properties": {"class_id": 4, "classification": "PenMarking", "area": 15.75}, "geometry": {"type": "Polygon", "coordinates": [[[19971.0, 20574.0], [19971.0, 20580.0], [19972.5, 20580.0], [19974.0, 20578.5], [19974.0, 20575.5], [19972.5, 20574.0], [19971.0, 20574.0]]]}}, {"type": "Feature", "properties": {"class_id": 4, "classification": "PenMarking", "area": 4441.5}, "geometry": {"type": "Polygon", "coordinates": [[[21504.0, 8376.0], [21504.0, 8446.5], [21601.5, 8446.5], [21601.5, 8442.0], [21600.0, 8440.5], [21601.5, 8439.0], [21601.5, 8436.0], [21600.0, 8434.5], [21600.0, 8433.0], [21598.5, 8433.0], [21595.5, 8430.0], [21594.0, 8430.0], [21592.5, 8428.5], [21589.5, 8428.5], [21588.0, 8427.0], [21586.5, 8427.0], [21580.5, 8421.0], [21579.0, 8421.0], [21577.5, 8419.5], [21576.0, 8419.5], [21574.5, 8418.0], [21573.0, 8418.0], [21570.0, 8415.0], [21570.0, 8413.5], [21562.5, 8406.0], [21562.5, 8404.5], [21561.0, 8403.0], [21561.0, 8401.5], [21556.5, 8397.0], [21553.5, 8397.0], [21552.0, 8395.5], [21549.0, 8395.5], [21547.5, 8394.0], [21546.0, 8394.0], [21544.5, 8392.5], [21543.0, 8392.5], [21541.5, 8391.0], [21540.0, 8391.0], [21535.5, 8386.5], [21534.0, 8386.5], [21528.0, 8380.5], [21522.0, 8380.5], [21520.5, 8379.0], [21516.0, 8379.0], [21514.5, 8377.5], [21508.5, 8377.5], [21507.0, 8376.0], [21504.0, 8376.0]]]}}, {"type": "Feature", "properties": {"class_id": 4, "classification": "PenMarking", "area": 786.375}, "geometry": {"type": "Polygon", "coordinates": [[[23005.5, 6144.0], [23005.5, 6160.5], [23008.5, 6163.5], [23008.5, 6165.0], [23013.0, 6169.5], [23014.5, 6169.5], [23016.0, 6171.0], [23019.0, 6171.0], [23020.5, 6172.5], [23023.5, 6172.5], [23025.0, 6174.0], [23028.0, 6174.0], [23029.5, 6172.5], [23034.0, 6172.5], [23035.5, 6174.0], [23038.5, 6174.0], [23038.5, 6153.0], [23037.0, 6151.5], [23034.0, 6154.5], [23032.5, 6154.5], [23028.0, 6150.0], [23028.0, 6148.5], [23026.5, 6147.0], [23026.5, 6144.0], [23005.5, 6144.0]]]}}, {"type": "Feature", "properties": {"class_id": 4, "classification": "PenMarking", "area": 2511.0}, "geometry": {"type": "Polygon", "coordinates": [[[26127.0, 6087.0], [26125.5, 6088.5], [26119.5, 6088.5], [26118.0, 6090.0], [26112.0, 6090.0], [26112.0, 6142.5], [26172.0, 6142.5], [26172.0, 6139.5], [26170.5, 6138.0], [26170.5, 6136.5], [26169.0, 6135.0], [26169.0, 6124.5], [26161.5, 6117.0], [26161.5, 6115.5], [26158.5, 6112.5], [26158.5, 6111.0], [26154.0, 6106.5], [26154.0, 6105.0], [26146.5, 6097.5], [26145.0, 6097.5], [26142.0, 6094.5], [26140.5, 6094.5], [26139.0, 6093.0], [26137.5, 6093.0], [26136.0, 6091.5], [26134.5, 6091.5], [26130.0, 6087.0], [26127.0, 6087.0]]]}}, {"type": "Feature", "properties": {"class_id": 4, "classification": "PenMarking", "area": 18.0}, "geometry": {"type": "Polygon", "coordinates": [[[19090.5, 4608.0], [19089.0, 4609.5], [19089.0, 4611.0], [19090.5, 4612.5], [19093.5, 4612.5], [19093.5, 4608.0], [19090.5, 4608.0]]]}}, {"type": "Feature", "properties": {"class_id": 4, "classification": "PenMarking", "area": 60.75}, "geometry": {"type": "Polygon", "coordinates": [[[26875.5, 2338.5], [26874.0, 2340.0], [26874.0, 2341.5], [26872.5, 2343.0], [26872.5, 2349.0], [26874.0, 2349.0], [26875.5, 2350.5], [26877.0, 2350.5], [26878.5, 2349.0], [26878.5, 2338.5], [26875.5, 2338.5]]]}}, {"type": "Feature", "properties": {"class_id": 4, "classification": "PenMarking", "area": 66.375}, "geometry": {"type": "Polygon", "coordinates": [[[16083.0, 2293.5], [16081.5, 2295.0], [16080.0, 2295.0], [16075.5, 2299.5], [16075.5, 2301.0], [16077.0, 2302.5], [16084.5, 2302.5], [16086.0, 2301.0], [16086.0, 2299.5], [16084.5, 2298.0], [16084.5, 2296.5], [16086.0, 2295.0], [16084.5, 2293.5], [16083.0, 2293.5]]]}}, {"type": "Feature", "properties": {"class_id": 4, "classification": "PenMarking", "area": 4.5}, "geometry": {"type": "Polygon", "coordinates": [[[5115.0, 2028.0], [5112.0, 2031.0], [5113.5, 2031.0], [5116.5, 2028.0], [5115.0, 2028.0]]]}}, {"type": "Feature", "properties": {"class_id": 4, "classification": "PenMarking", "area": 94.5}, "geometry": {"type": "Polygon", "coordinates": [[[26118.0, 1533.0], [26116.5, 1533.0], [26115.0, 1531.5], [26115.0, 1534.5], [26143.5, 1534.5], [26140.5, 1531.5], [26133.0, 1531.5], [26131.5, 1530.0], [26121.0, 1530.0], [26118.0, 1533.0]]]}}, {"type": "Feature", "properties": {"class_id": 4, "classification": "PenMarking", "area": 60.75}, "geometry": {"type": "Polygon", "coordinates": [[[25731.0, 1527.0], [25731.0, 1528.5], [25729.5, 1530.0], [25729.5, 1533.0], [25731.0, 1534.5], [25737.0, 1534.5], [25738.5, 1533.0], [25738.5, 1528.5], [25737.0, 1527.0], [25731.0, 1527.0]]]}}, {"type": "Feature", "properties": {"class_id": 4, "classification": "PenMarking", "area": 177.75}, "geometry": {"type": "Polygon", "coordinates": [[[25525.5, 1524.0], [25521.0, 1528.5], [25519.5, 1528.5], [25518.0, 1530.0], [25507.5, 1530.0], [25506.0, 1531.5], [25504.5, 1531.5], [25506.0, 1533.0], [25518.0, 1533.0], [25519.5, 1534.5], [25536.0, 1534.5], [25537.5, 1533.0], [25537.5, 1531.5], [25536.0, 1530.0], [25534.5, 1530.0], [25530.0, 1525.5], [25530.0, 1524.0], [25525.5, 1524.0]]]}}, {"type": "Feature", "properties": {"class_id": 4, "classification": "PenMarking", "area": 307.125}, "geometry": {"type": "Polygon", "coordinates": [[[26103.0, 1518.0], [26101.5, 1519.5], [26097.0, 1519.5], [26091.0, 1525.5], [26091.0, 1527.0], [26089.5, 1528.5], [26089.5, 1534.5], [26109.0, 1534.5], [26110.5, 1533.0], [26110.5, 1530.0], [26115.0, 1525.5], [26112.0, 1525.5], [26110.5, 1524.0], [26110.5, 1518.0], [26103.0, 1518.0]]]}}, {"type": "Feature", "properties": {"class_id": 4, "classification": "PenMarking", "area": 198.0}, "geometry": {"type": "Polygon", "coordinates": [[[25720.5, 1501.5], [25720.5, 1503.0], [25722.0, 1504.5], [25722.0, 1509.0], [25723.5, 1510.5], [25723.5, 1512.0], [25725.0, 1513.5], [25725.0, 1515.0], [25726.5, 1516.5], [25726.5, 1518.0], [25729.5, 1521.0], [25729.5, 1522.5], [25731.0, 1521.0], [25731.0, 1519.5], [25732.5, 1518.0], [25732.5, 1516.5], [25734.0, 1515.0], [25734.0, 1506.0], [25732.5, 1504.5], [25731.0, 1504.5], [25726.5, 1500.0], [25725.0, 1500.0], [25723.5, 1498.5], [25722.0, 1498.5], [25720.5, 1497.0], [25716.0, 1497.0], [25720.5, 1501.5]]]}}, {"type": "Feature", "properties": {"class_id": 4, "classification": "PenMarking", "area": 12.375}, "geometry": {"type": "Polygon", "coordinates": [[[16896.0, 469.5], [16896.0, 474.0], [16899.0, 474.0], [16899.0, 471.0], [16897.5, 469.5], [16896.0, 469.5]]]}}, {"type": "Feature", "properties": {"class_id": 5, "classification": "Edge & Air Bubble", "area": 29.25}, "geometry": {"type": "Polygon", "coordinates": [[[19576.5, 22269.0], [19575.0, 22269.0], [19573.5, 22270.5], [19587.0, 22270.5], [19584.0, 22267.5], [19578.0, 22267.5], [19576.5, 22269.0]]]}}, {"type": "Feature", "properties": {"class_id": 5, "classification": "Edge & Air Bubble", "area": 187.875}, "geometry": {"type": "Polygon", "coordinates": [[[19119.0, 22261.5], [19119.0, 22266.0], [19117.5, 22267.5], [19114.5, 22267.5], [19111.5, 22270.5], [19152.0, 22270.5], [19152.0, 22267.5], [19149.0, 22267.5], [19147.5, 22269.0], [19146.0, 22267.5], [19144.5, 22269.0], [19140.0, 22269.0], [19138.5, 22267.5], [19134.0, 22267.5], [19131.0, 22264.5], [19129.5, 22264.5], [19123.5, 22258.5], [19122.0, 22258.5], [19119.0, 22261.5]]]}}, {"type": "Feature", "properties": {"class_id": 5, "classification": "Edge & Air Bubble", "area": 13.5}, "geometry": {"type": "Polygon", "coordinates": [[[18948.0, 22258.5], [18948.0, 22260.0], [18952.5, 22260.0], [18954.0, 22261.5], [18955.5, 22261.5], [18955.5, 22260.0], [18954.0, 22258.5], [18948.0, 22258.5]]]}}, {"type": "Feature", "properties": {"class_id": 5, "classification": "Edge & Air Bubble", "area": 801.0}, "geometry": {"type": "Polygon", "coordinates": [[[19455.0, 22236.0], [19455.0, 22270.5], [19483.5, 22270.5], [19483.5, 22263.0], [19485.0, 22261.5], [19485.0, 22258.5], [19483.5, 22257.0], [19483.5, 22252.5], [19482.0, 22251.0], [19482.0, 22249.5], [19480.5, 22249.5], [19477.5, 22246.5], [19476.0, 22246.5], [19474.5, 22245.0], [19474.5, 22243.5], [19473.0, 22242.0], [19471.5, 22242.0], [19470.0, 22243.5], [19467.0, 22243.5], [19462.5, 22239.0], [19462.5, 22237.5], [19461.0, 22237.5], [19459.5, 22236.0], [19455.0, 22236.0]]]}}, {"type": "Feature", "properties": {"class_id": 5, "classification": "Edge & Air Bubble", "area": 19.125}, "geometry": {"type": "Polygon", "coordinates": [[[18810.0, 22177.5], [18808.5, 22179.0], [18810.0, 22180.5], [18810.0, 22183.5], [18811.5, 22185.0], [18813.0, 22185.0], [18814.5, 22183.5], [18811.5, 22180.5], [18811.5, 22179.0], [18810.0, 22177.5]]]}}, {"type": "Feature", "properties": {"class_id": 5, "classification": "Edge & Air Bubble", "area": 688.5}, "geometry": {"type": "Polygon", "coordinates": [[[19281.0, 22165.5], [19278.0, 22168.5], [19278.0, 22173.0], [19276.5, 22174.5], [19278.0, 22176.0], [19278.0, 22180.5], [19279.5, 22182.0], [19279.5, 22185.0], [19281.0, 22186.5], [19281.0, 22191.0], [19282.5, 22192.5], [19282.5, 22197.0], [19281.0, 22198.5], [19281.0, 22201.5], [19278.0, 22204.5], [19278.0, 22207.5], [19279.5, 22209.0], [19282.5, 22209.0], [19288.5, 22203.0], [19288.5, 22201.5], [19291.5, 22198.5], [19291.5, 22195.5], [19296.0, 22191.0], [19296.0, 22189.5], [19297.5, 22188.0], [19297.5, 22186.5], [19299.0, 22185.0], [19299.0, 22183.5], [19300.5, 22182.0], [19300.5, 22180.5], [19302.0, 22179.0], [19302.0, 22171.5], [19297.5, 22167.0], [19296.0, 22167.0], [19294.5, 22165.5], [19281.0, 22165.5]]]}}, {"type": "Feature", "properties": {"class_id": 5, "classification": "Edge & Air Bubble", "area": 22.5}, "geometry": {"type": "Polygon", "coordinates": [[[19578.0, 22161.0], [19578.0, 22164.0], [19579.5, 22164.0], [19581.0, 22165.5], [19581.0, 22171.5], [19582.5, 22173.0], [19584.0, 22173.0], [19584.0, 22170.0], [19582.5, 22168.5], [19582.5, 22165.5], [19578.0, 22161.0]]]}}, {"type": "Feature", "properties": {"class_id": 5, "classification": "Edge & Air Bubble", "area": 7074.0}, "geometry": {"type": "Polygon", "coordinates": [[[18636.0, 22149.0], [18634.5, 22150.5], [18633.0, 22150.5], [18631.5, 22149.0], [18625.5, 22149.0], [18627.0, 22150.5], [18627.0, 22152.0], [18628.5, 22152.0], [18630.0, 22153.5], [18630.0, 22155.0], [18631.5, 22155.0], [18633.0, 22156.5], [18633.0, 22158.0], [18631.5, 22159.5], [18627.0, 22159.5], [18627.0, 22165.5], [18630.0, 22165.5], [18631.5, 22167.0], [18633.0, 22167.0], [18634.5, 22168.5], [18639.0, 22168.5], [18640.5, 22170.0], [18642.0, 22170.0], [18643.5, 22171.5], [18645.0, 22171.5], [18646.5, 22173.0], [18648.0, 22173.0], [18649.5, 22174.5], [18651.0, 22174.5], [18652.5, 22176.0], [18654.0, 22176.0], [18660.0, 22182.0], [18663.0, 22182.0], [18664.5, 22183.5], [18667.5, 22183.5], [18669.0, 22185.0], [18670.5, 22185.0], [18672.0, 22186.5], [18673.5, 22186.5], [18675.0, 22188.0], [18676.5, 22188.0], [18679.5, 22191.0], [18681.0, 22191.0], [18684.0, 22194.0], [18685.5, 22194.0], [18688.5, 22197.0], [18690.0, 22197.0], [18691.5, 22198.5], [18694.5, 22198.5], [18696.0, 22200.0], [18697.5, 22200.0], [18699.0, 22201.5], [18702.0, 22201.5], [18703.5, 22203.0], [18706.5, 22203.0], [18708.0, 22204.5], [18711.0, 22204.5], [18712.5, 22206.0], [18714.0, 22206.0], [18715.5, 22207.5], [18717.0, 22207.5], [18720.0, 22210.5], [18724.5, 22210.5], [18726.0, 22212.0], [18729.0, 22212.0], [18730.5, 22213.5], [18732.0, 22213.5], [18733.5, 22215.0], [18736.5, 22215.0], [18738.0, 22216.5], [18741.0, 22216.5], [18742.5, 22218.0], [18747.0, 22218.0], [18748.5, 22219.5], [18753.0, 22219.5], [18754.5, 22221.0], [18759.0, 22221.0], [18760.5, 22222.5], [18765.0, 22222.5], [18766.5, 22224.0], [18772.5, 22224.0], [18774.0, 22225.5], [18781.5, 22225.5], [18783.0, 22227.0], [18787.5, 22227.0], [18789.0, 22228.5], [18795.0, 22228.5], [18796.5, 22230.0], [18807.0, 22230.0], [18808.5, 22231.5], [18816.0, 22231.5], [18817.5, 22233.0], [18835.5, 22233.0], [18837.0, 22231.5], [18856.5, 22231.5], [18858.0, 22233.0], [18889.5, 22233.0], [18891.0, 22234.5], [18897.0, 22234.5], [18898.5, 22236.0], [18901.5, 22236.0], [18903.0, 22237.5], [18907.5, 22237.5], [18909.0, 22239.0], [18912.0, 22239.0], [18913.5, 22240.5], [18916.5, 22240.5], [18919.5, 22243.5], [18921.0, 22243.5], [18922.5, 22245.0], [18924.0, 22245.0], [18930.0, 22251.0], [18931.5, 22251.0], [18942.0, 22261.5], [18942.0, 22260.0], [18943.5, 22258.5], [18942.0, 22257.0], [18942.0, 22228.5], [18937.5, 22228.5], [18936.0, 22227.0], [18928.5, 22227.0], [18927.0, 22225.5], [18913.5, 22225.5], [18912.0, 22224.0], [18910.5, 22224.0], [18909.0, 22222.5], [18903.0, 22222.5], [18901.5, 22221.0], [18900.0, 22221.0], [18898.5, 22219.5], [18888.0, 22219.5], [18888.0, 22221.0], [18886.5, 22222.5], [18880.5, 22222.5], [18879.0, 22224.0], [18876.0, 22224.0], [18874.5, 22222.5], [18862.5, 22222.5], [18861.0, 22221.0], [18858.0, 22221.0], [18856.5, 22219.5], [18855.0, 22219.5], [18853.5, 22221.0], [18852.0, 22221.0], [18850.5, 22222.5], [18843.0, 22222.5], [18841.5, 22224.0], [18828.0, 22224.0], [18826.5, 22222.5], [18819.0, 22222.5], [18817.5, 22221.0], [18816.0, 22221.0], [18814.5, 22219.5], [18813.0, 22219.5], [18811.5, 22218.0], [18811.5, 22216.5], [18808.5, 22213.5], [18805.5, 22213.5], [18802.5, 22210.5], [18802.5, 22206.0], [18804.0, 22204.5], [18804.0, 22201.5], [18805.5, 22200.0], [18805.5, 22195.5], [18804.0, 22195.5], [18802.5, 22194.0], [18802.5, 22182.0], [18801.0, 22180.5], [18799.5, 22180.5], [18798.0, 22179.0], [18798.0, 22174.5], [18799.5, 22173.0], [18799.5, 22171.5], [18801.0, 22170.0], [18802.5, 22170.0], [18804.0, 22168.5], [18804.0, 22165.5], [18802.5, 22164.0], [18802.5, 22159.5], [18801.0, 22159.5], [18799.5, 22158.0], [18798.0, 22158.0], [18796.5, 22159.5], [18793.5, 22159.5], [18790.5, 22156.5], [18789.0, 22156.5], [18786.0, 22159.5], [18786.0, 22161.0], [18787.5, 22161.0], [18789.0, 22162.5], [18789.0, 22164.0], [18790.5, 22164.0], [18793.5, 22167.0], [18793.5, 22170.0], [18792.0, 22171.5], [18792.0, 22177.5], [18795.0, 22180.5], [18795.0, 22185.0], [18793.5, 22186.5], [18790.5, 22186.5], [18789.0, 22185.0], [18789.0, 22182.0], [18787.5, 22180.5], [18784.5, 22180.5], [18780.0, 22185.0], [18780.0, 22186.5], [18777.0, 22189.5], [18777.0, 22192.5], [18774.0, 22195.5], [18772.5, 22195.5], [18769.5, 22198.5], [18768.0, 22198.5], [18768.0, 22200.0], [18766.5, 22201.5], [18756.0, 22201.5], [18754.5, 22200.0], [18753.0, 22200.0], [18751.5, 22198.5], [18747.0, 22198.5], [18744.0, 22195.5], [18741.0, 22195.5], [18739.5, 22194.0], [18738.0, 22194.0], [18736.5, 22192.5], [18735.0, 22192.5], [18733.5, 22191.0], [18732.0, 22191.0], [18730.5, 22189.5], [18729.0, 22189.5], [18727.5, 22188.0], [18726.0, 22188.0], [18724.5, 22186.5], [18721.5, 22186.5], [18718.5, 22183.5], [18714.0, 22183.5], [18711.0, 22180.5], [18708.0, 22180.5], [18706.5, 22179.0], [18705.0, 22179.0], [18703.5, 22177.5], [18702.0, 22177.5], [18700.5, 22176.0], [18699.0, 22176.0], [18697.5, 22174.5], [18694.5, 22174.5], [18691.5, 22171.5], [18690.0, 22171.5], [18688.5, 22170.0], [18688.5, 22168.5], [18690.0, 22167.0], [18694.5, 22167.0], [18697.5, 22170.0], [18700.5, 22170.0], [18702.0, 22171.5], [18703.5, 22171.5], [18700.5, 22168.5], [18699.0, 22168.5], [18697.5, 22167.0], [18696.0, 22167.0], [18694.5, 22165.5], [18694.5, 22164.0], [18693.0, 22162.5], [18691.5, 22162.5], [18682.5, 22153.5], [18666.0, 22153.5], [18663.0, 22156.5], [18658.5, 22156.5], [18657.0, 22155.0], [18655.5, 22155.0], [18654.0, 22153.5], [18651.0, 22153.5], [18649.5, 22152.0], [18648.0, 22152.0], [18646.5, 22150.5], [18642.0, 22150.5], [18639.0, 22147.5], [18636.0, 22147.5], [18636.0, 22149.0]]]}}, {"type": "Feature", "properties": {"class_id": 5, "classification": "Edge & Air Bubble", "area": 6.75}, "geometry": {"type": "Polygon", "coordinates": [[[19440.0, 22132.5], [19440.0, 22134.0], [19444.5, 22134.0], [19444.5, 22132.5], [19440.0, 22132.5]]]}}, {"type": "Feature", "properties": {"class_id": 5, "classification": "Edge & Air Bubble", "area": 138.375}, "geometry": {"type": "Polygon", "coordinates": [[[19501.5, 22129.5], [19498.5, 22132.5], [19497.0, 22132.5], [19495.5, 22134.0], [19494.0, 22134.0], [19494.0, 22135.5], [19491.0, 22138.5], [19491.0, 22143.0], [19489.5, 22144.5], [19491.0, 22146.0], [19492.5, 22146.0], [19494.0, 22144.5], [19498.5, 22144.5], [19500.0, 22146.0], [19501.5, 22146.0], [19501.5, 22144.5], [19503.0, 22143.0], [19503.0, 22138.5], [19501.5, 22137.0], [19501.5, 22135.5], [19503.0, 22134.0], [19503.0, 22131.0], [19501.5, 22129.5]]]}}, {"type": "Feature", "properties": {"class_id": 5, "classification": "Edge & Air Bubble", "area": 2.25}, "geometry": {"type": "Polygon", "coordinates": [[[19521.0, 22117.5], [19521.0, 22119.0], [19522.5, 22119.0], [19522.5, 22117.5], [19521.0, 22117.5]]]}}, {"type": "Feature", "properties": {"class_id": 5, "classification": "Edge & Air Bubble", "area": 15.75}, "geometry": {"type": "Polygon", "coordinates": [[[19497.0, 22117.5], [19495.5, 22119.0], [19494.0, 22119.0], [19494.0, 22122.0], [19498.5, 22122.0], [19498.5, 22119.0], [19497.0, 22117.5]]]}}, {"type": "Feature", "properties": {"class_id": 5, "classification": "Edge & Air Bubble", "area": 1116.0}, "geometry": {"type": "Polygon", "coordinates": [[[18793.5, 22104.0], [18792.0, 22105.5], [18781.5, 22105.5], [18778.5, 22108.5], [18777.0, 22108.5], [18777.0, 22111.5], [18775.5, 22113.0], [18775.5, 22122.0], [18777.0, 22123.5], [18777.0, 22129.5], [18780.0, 22132.5], [18780.0, 22134.0], [18781.5, 22134.0], [18783.0, 22135.5], [18783.0, 22137.0], [18786.0, 22140.0], [18786.0, 22141.5], [18787.5, 22141.5], [18792.0, 22137.0], [18795.0, 22137.0], [18798.0, 22140.0], [18798.0, 22143.0], [18799.5, 22143.0], [18801.0, 22144.5], [18801.0, 22146.0], [18802.5, 22146.0], [18804.0, 22144.5], [18804.0, 22141.5], [18805.5, 22140.0], [18808.5, 22140.0], [18808.5, 22137.0], [18811.5, 22134.0], [18811.5, 22126.5], [18813.0, 22125.0], [18813.0, 22123.5], [18814.5, 22122.0], [18814.5, 22117.5], [18813.0, 22117.5], [18810.0, 22114.5], [18808.5, 22114.5], [18805.5, 22111.5], [18805.5, 22110.0], [18801.0, 22105.5], [18798.0, 22105.5], [18796.5, 22104.0], [18793.5, 22104.0]]]}}, {"type": "Feature", "properties": {"class_id": 5, "classification": "Edge & Air Bubble", "area": 33.75}, "geometry": {"type": "Polygon", "coordinates": [[[19512.0, 22077.0], [19510.5, 22078.5], [19510.5, 22083.0], [19519.5, 22083.0], [19519.5, 22081.5], [19518.0, 22081.5], [19515.0, 22078.5], [19513.5, 22078.5], [19512.0, 22077.0]]]}}, {"type": "Feature", "properties": {"class_id": 5, "classification": "Edge & Air Bubble", "area": 2707.875}, "geometry": {"type": "Polygon", "coordinates": [[[18433.5, 22015.5], [18433.5, 22017.0], [18435.0, 22018.5], [18433.5, 22020.0], [18432.0, 22020.0], [18432.0, 22029.0], [18433.5, 22029.0], [18436.5, 22032.0], [18438.0, 22032.0], [18441.0, 22035.0], [18442.5, 22035.0], [18445.5, 22038.0], [18445.5, 22039.5], [18450.0, 22044.0], [18451.5, 22044.0], [18459.0, 22051.5], [18460.5, 22051.5], [18462.0, 22053.0], [18463.5, 22053.0], [18466.5, 22056.0], [18468.0, 22056.0], [18469.5, 22057.5], [18471.0, 22057.5], [18475.5, 22062.0], [18477.0, 22062.0], [18478.5, 22063.5], [18480.0, 22063.5], [18483.0, 22066.5], [18484.5, 22066.5], [18486.0, 22068.0], [18487.5, 22068.0], [18492.0, 22072.5], [18493.5, 22072.5], [18496.5, 22075.5], [18498.0, 22075.5], [18502.5, 22080.0], [18504.0, 22080.0], [18508.5, 22084.5], [18511.5, 22084.5], [18513.0, 22086.0], [18514.5, 22086.0], [18517.5, 22089.0], [18519.0, 22089.0], [18532.5, 22102.5], [18534.0, 22102.5], [18547.5, 22116.0], [18550.5, 22113.0], [18550.5, 22111.5], [18552.0, 22110.0], [18553.5, 22110.0], [18558.0, 22114.5], [18559.5, 22114.5], [18561.0, 22116.0], [18562.5, 22116.0], [18565.5, 22119.0], [18567.0, 22119.0], [18565.5, 22117.5], [18565.5, 22116.0], [18562.5, 22113.0], [18562.5, 22111.5], [18564.0, 22110.0], [18565.5, 22110.0], [18565.5, 22108.5], [18564.0, 22108.5], [18562.5, 22107.0], [18562.5, 22105.5], [18555.0, 22098.0], [18555.0, 22096.5], [18550.5, 22092.0], [18550.5, 22087.5], [18547.5, 22084.5], [18547.5, 22083.0], [18544.5, 22080.0], [18544.5, 22078.5], [18541.5, 22081.5], [18540.0, 22081.5], [18538.5, 22080.0], [18537.0, 22081.5], [18535.5, 22081.5], [18534.0, 22080.0], [18532.5, 22080.0], [18531.0, 22078.5], [18529.5, 22078.5], [18526.5, 22075.5], [18525.0, 22075.5], [18522.0, 22072.5], [18520.5, 22072.5], [18514.5, 22066.5], [18513.0, 22066.5], [18511.5, 22065.0], [18511.5, 22063.5], [18510.0, 22063.5], [18507.0, 22060.5], [18505.5, 22060.5], [18499.5, 22054.5], [18498.0, 22054.5], [18493.5, 22050.0], [18492.0, 22050.0], [18487.5, 22045.5], [18477.0, 22045.5], [18471.0, 22039.5], [18469.5, 22039.5], [18466.5, 22036.5], [18465.0, 22036.5], [18463.5, 22035.0], [18463.5, 22033.5], [18462.0, 22033.5], [18457.5, 22029.0], [18456.0, 22029.0], [18451.5, 22024.5], [18451.5, 22023.0], [18450.0, 22021.5], [18450.0, 22018.5], [18451.5, 22017.0], [18451.5, 22015.5], [18433.5, 22015.5]]]}}, {"type": "Feature", "properties": {"class_id": 5, "classification": "Edge & Air Bubble", "area": 781.875}, "geometry": {"type": "Polygon", "coordinates": [[[19194.0, 21997.5], [19191.0, 21997.5], [19189.5, 21999.0], [19185.0, 21999.0], [19185.0, 22002.0], [19182.0, 22005.0], [19182.0, 22014.0], [19180.5, 22015.5], [19174.5, 22015.5], [19176.0, 22017.0], [19177.5, 22017.0], [19179.0, 22018.5], [19179.0, 22035.0], [19180.5, 22036.5], [19180.5, 22042.5], [19182.0, 22044.0], [19186.5, 22044.0], [19189.5, 22041.0], [19189.5, 22038.0], [19191.0, 22036.5], [19191.0, 22033.5], [19192.5, 22032.0], [19192.5, 22029.0], [19197.0, 22024.5], [19197.0, 22023.0], [19198.5, 22021.5], [19198.5, 22015.5], [19200.0, 22014.0], [19203.0, 22014.0], [19203.0, 22006.5], [19204.5, 22005.0], [19204.5, 22000.5], [19203.0, 21999.0], [19203.0, 21997.5], [19200.0, 21994.5], [19197.0, 21994.5], [19194.0, 21997.5]]]}}, {"type": "Feature", "properties": {"class_id": 5, "classification": "Edge & Air Bubble", "area": 707.625}, "geometry": {"type": "Polygon", "coordinates": [[[18804.0, 21991.5], [18801.0, 21994.5], [18795.0, 21994.5], [18792.0, 21997.5], [18792.0, 21999.0], [18790.5, 22000.5], [18790.5, 22002.0], [18789.0, 22003.5], [18787.5, 22003.5], [18784.5, 22006.5], [18784.5, 22008.0], [18783.0, 22009.5], [18780.0, 22009.5], [18778.5, 22011.0], [18777.0, 22011.0], [18777.0, 22014.0], [18783.0, 22014.0], [18786.0, 22017.0], [18787.5, 22017.0], [18789.0, 22018.5], [18789.0, 22020.0], [18792.0, 22020.0], [18795.0, 22023.0], [18796.5, 22023.0], [18798.0, 22024.5], [18799.5, 22024.5], [18801.0, 22026.0], [18801.0, 22030.5], [18802.5, 22032.0], [18804.0, 22032.0], [18805.5, 22030.5], [18805.5, 22027.5], [18804.0, 22027.5], [18801.0, 22024.5], [18801.0, 22023.0], [18802.5, 22021.5], [18802.5, 22015.5], [18804.0, 22014.0], [18807.0, 22014.0], [18807.0, 22012.5], [18808.5, 22011.0], [18811.5, 22011.0], [18813.0, 22012.5], [18813.0, 22014.0], [18814.5, 22014.0], [18814.5, 22009.5], [18813.0, 22008.0], [18813.0, 22006.5], [18816.0, 22003.5], [18814.5, 22002.0], [18814.5, 21994.5], [18813.0, 21994.5], [18810.0, 21991.5], [18804.0, 21991.5]]]}}, {"type": "Feature", "properties": {"class_id": 5, "classification": "Edge & Air Bubble", "area": 6.75}, "geometry": {"type": "Polygon", "coordinates": [[[18951.0, 21967.5], [18951.0, 21972.0], [18952.5, 21972.0], [18952.5, 21967.5], [18951.0, 21967.5]]]}}, {"type": "Feature", "properties": {"class_id": 5, "classification": "Edge & Air Bubble", "area": 2922.75}, "geometry": {"type": "Polygon", "coordinates": [[[18555.0, 21964.5], [18555.0, 21966.0], [18549.0, 21972.0], [18549.0, 21973.5], [18546.0, 21976.5], [18546.0, 21978.0], [18543.0, 21981.0], [18543.0, 21984.0], [18540.0, 21987.0], [18540.0, 21990.0], [18538.5, 21991.5], [18538.5, 21993.0], [18537.0, 21994.5], [18537.0, 21999.0], [18540.0, 22002.0], [18540.0, 22003.5], [18543.0, 22006.5], [18543.0, 22014.0], [18541.5, 22015.5], [18516.0, 22015.5], [18516.0, 22018.5], [18513.0, 22021.5], [18513.0, 22027.5], [18510.0, 22030.5], [18508.5, 22030.5], [18507.0, 22032.0], [18507.0, 22035.0], [18508.5, 22036.5], [18508.5, 22038.0], [18531.0, 22038.0], [18532.5, 22039.5], [18535.5, 22039.5], [18537.0, 22041.0], [18538.5, 22041.0], [18540.0, 22039.5], [18543.0, 22039.5], [18544.5, 22038.0], [18550.5, 22038.0], [18552.0, 22039.5], [18552.0, 22041.0], [18553.5, 22041.0], [18555.0, 22042.5], [18555.0, 22044.0], [18556.5, 22044.0], [18558.0, 22045.5], [18558.0, 22047.0], [18559.5, 22047.0], [18561.0, 22048.5], [18561.0, 22050.0], [18568.5, 22050.0], [18573.0, 22054.5], [18573.0, 22059.0], [18571.5, 22060.5], [18571.5, 22062.0], [18570.0, 22063.5], [18570.0, 22065.0], [18571.5, 22066.5], [18571.5, 22068.0], [18576.0, 22068.0], [18577.5, 22066.5], [18577.5, 22057.5], [18576.0, 22056.0], [18576.0, 22054.5], [18574.5, 22053.0], [18574.5, 22051.5], [18567.0, 22044.0], [18567.0, 22042.5], [18570.0, 22039.5], [18571.5, 22039.5], [18574.5, 22036.5], [18582.0, 22036.5], [18583.5, 22035.0], [18583.5, 22033.5], [18585.0, 22032.0], [18585.0, 22027.5], [18586.5, 22026.0], [18586.5, 22023.0], [18588.0, 22021.5], [18588.0, 22020.0], [18585.0, 22017.0], [18585.0, 22015.5], [18558.0, 22015.5], [18556.5, 22014.0], [18556.5, 22012.5], [18558.0, 22011.0], [18559.5, 22011.0], [18564.0, 22006.5], [18564.0, 22005.0], [18565.5, 22003.5], [18565.5, 21994.5], [18564.0, 21993.0], [18564.0, 21982.5], [18565.5, 21981.0], [18565.5, 21972.0], [18564.0, 21972.0], [18562.5, 21970.5], [18561.0, 21970.5], [18555.0, 21964.5]]]}}, {"type": "Feature", "properties": {"class_id": 5, "classification": "Edge & Air Bubble", "area": 20.25}, "geometry": {"type": "Polygon", "coordinates": [[[18943.5, 21949.5], [18943.5, 21958.5], [18945.0, 21960.0], [18948.0, 21960.0], [18946.5, 21958.5], [18946.5, 21957.0], [18945.0, 21955.5], [18945.0, 21951.0], [18943.5, 21949.5]]]}}, {"type": "Feature", "properties": {"class_id": 5, "classification": "Edge & Air Bubble", "area": 6991.875}, "geometry": {"type": "Polygon", "coordinates": [[[19075.5, 21937.5], [19074.0, 21939.0], [19072.5, 21939.0], [19071.0, 21940.5], [19065.0, 21940.5], [19063.5, 21942.0], [19062.0, 21942.0], [19060.5, 21943.5], [19057.5, 21943.5], [19056.0, 21942.0], [19054.5, 21942.0], [19053.0, 21943.5], [19051.5, 21943.5], [19051.5, 21945.0], [19050.0, 21946.5], [19050.0, 21949.5], [19053.0, 21952.5], [19053.0, 21957.0], [19054.5, 21958.5], [19054.5, 21972.0], [19056.0, 21973.5], [19056.0, 21975.0], [19057.5, 21975.0], [19059.0, 21976.5], [19059.0, 21981.0], [19060.5, 21982.5], [19060.5, 21985.5], [19062.0, 21987.0], [19060.5, 21988.5], [19060.5, 21991.5], [19059.0, 21993.0], [19059.0, 22000.5], [19060.5, 22002.0], [19060.5, 22005.0], [19062.0, 22006.5], [19062.0, 22014.0], [19065.0, 22014.0], [19068.0, 22017.0], [19068.0, 22023.0], [19069.5, 22024.5], [19069.5, 22027.5], [19071.0, 22029.0], [19075.5, 22029.0], [19080.0, 22033.5], [19080.0, 22035.0], [19081.5, 22035.0], [19083.0, 22036.5], [19083.0, 22038.0], [19086.0, 22041.0], [19090.5, 22041.0], [19095.0, 22045.5], [19095.0, 22047.0], [19098.0, 22050.0], [19105.5, 22050.0], [19107.0, 22051.5], [19114.5, 22051.5], [19116.0, 22050.0], [19119.0, 22050.0], [19120.5, 22048.5], [19122.0, 22048.5], [19125.0, 22045.5], [19129.5, 22045.5], [19131.0, 22044.0], [19132.5, 22044.0], [19135.5, 22041.0], [19135.5, 22035.0], [19138.5, 22032.0], [19138.5, 22030.5], [19140.0, 22029.0], [19140.0, 22027.5], [19141.5, 22026.0], [19141.5, 22021.5], [19138.5, 22018.5], [19138.5, 22015.5], [19132.5, 22015.5], [19129.5, 22012.5], [19129.5, 22009.5], [19128.0, 22008.0], [19128.0, 22006.5], [19126.5, 22005.0], [19126.5, 22000.5], [19128.0, 21999.0], [19128.0, 21988.5], [19126.5, 21987.0], [19126.5, 21982.5], [19128.0, 21981.0], [19128.0, 21978.0], [19129.5, 21976.5], [19129.5, 21967.5], [19132.5, 21964.5], [19132.5, 21961.5], [19131.0, 21960.0], [19131.0, 21958.5], [19129.5, 21958.5], [19126.5, 21955.5], [19125.0, 21955.5], [19122.0, 21952.5], [19116.0, 21952.5], [19114.5, 21954.0], [19113.0, 21954.0], [19111.5, 21952.5], [19110.0, 21952.5], [19108.5, 21951.0], [19108.5, 21949.5], [19107.0, 21948.0], [19107.0, 21946.5], [19105.5, 21945.0], [19105.5, 21943.5], [19102.5, 21943.5], [19101.0, 21942.0], [19089.0, 21942.0], [19087.5, 21940.5], [19080.0, 21940.5], [19078.5, 21939.0], [19077.0, 21939.0], [19075.5, 21937.5]]]}}, {"type": "Feature", "properties": {"class_id": 5, "classification": "Edge & Air Bubble", "area": 243.0}, "geometry": {"type": "Polygon", "coordinates": [[[18481.5, 21912.0], [18477.0, 21916.5], [18477.0, 21921.0], [18475.5, 21922.5], [18475.5, 21930.0], [18478.5, 21933.0], [18481.5, 21933.0], [18483.0, 21934.5], [18487.5, 21934.5], [18489.0, 21933.0], [18490.5, 21933.0], [18490.5, 21931.5], [18492.0, 21930.0], [18492.0, 21928.5], [18490.5, 21927.0], [18490.5, 21925.5], [18489.0, 21924.0], [18489.0, 21922.5], [18487.5, 21921.0], [18487.5, 21919.5], [18486.0, 21919.5], [18484.5, 21918.0], [18484.5, 21913.5], [18483.0, 21912.0], [18481.5, 21912.0]]]}}, {"type": "Feature", "properties": {"class_id": 5, "classification": "Edge & Air Bubble", "area": 417.375}, "geometry": {"type": "Polygon", "coordinates": [[[19011.0, 21837.0], [19011.0, 21841.5], [19008.0, 21844.5], [19008.0, 21846.0], [19005.0, 21849.0], [19005.0, 21852.0], [19003.5, 21853.5], [19002.0, 21853.5], [18999.0, 21856.5], [18999.0, 21859.5], [19002.0, 21862.5], [19002.0, 21864.0], [19003.5, 21864.0], [19005.0, 21865.5], [19005.0, 21867.0], [19006.5, 21867.0], [19009.5, 21870.0], [19011.0, 21870.0], [19014.0, 21873.0], [19014.0, 21876.0], [19018.5, 21876.0], [19021.5, 21873.0], [19021.5, 21868.5], [19023.0, 21867.0], [19023.0, 21865.5], [19021.5, 21865.5], [19018.5, 21862.5], [19018.5, 21859.5], [19017.0, 21858.0], [19017.0, 21856.5], [19015.5, 21855.0], [19015.5, 21847.5], [19012.5, 21844.5], [19012.5, 21837.0], [19011.0, 21837.0]]]}}, {"type": "Feature", "properties": {"class_id": 5, "classification": "Edge & Air Bubble", "area": 74.25}, "geometry": {"type": "Polygon", "coordinates": [[[18574.5, 21831.0], [18573.0, 21832.5], [18573.0, 21834.0], [18571.5, 21835.5], [18571.5, 21838.5], [18570.0, 21840.0], [18570.0, 21843.0], [18571.5, 21844.5], [18573.0, 21843.0], [18574.5, 21843.0], [18579.0, 21838.5], [18579.0, 21835.5], [18577.5, 21834.0], [18577.5, 21832.5], [18576.0, 21831.0], [18574.5, 21831.0]]]}}, {"type": "Feature", "properties": {"class_id": 5, "classification": "Edge & Air Bubble", "area": 55.125}, "geometry": {"type": "Polygon", "coordinates": [[[19228.5, 21795.0], [19227.0, 21796.5], [19230.0, 21799.5], [19231.5, 21799.5], [19233.0, 21801.0], [19240.5, 21801.0], [19240.5, 21799.5], [19237.5, 21796.5], [19236.0, 21796.5], [19234.5, 21795.0], [19228.5, 21795.0]]]}}, {"type": "Feature", "properties": {"class_id": 5, "classification": "Edge & Air Bubble", "area": 145.125}, "geometry": {"type": "Polygon", "coordinates": [[[19170.0, 21792.0], [19170.0, 21793.5], [19168.5, 21795.0], [19167.0, 21795.0], [19161.0, 21801.0], [19161.0, 21804.0], [19164.0, 21807.0], [19168.5, 21807.0], [19170.0, 21808.5], [19171.5, 21807.0], [19173.0, 21807.0], [19174.5, 21805.5], [19174.5, 21799.5], [19173.0, 21798.0], [19173.0, 21793.5], [19171.5, 21792.0], [19171.5, 21790.5], [19170.0, 21792.0]]]}}, {"type": "Feature", "properties": {"class_id": 5, "classification": "Edge & Air Bubble", "area": 75.375}, "geometry": {"type": "Polygon", "coordinates": [[[19020.0, 21789.0], [19018.5, 21790.5], [19018.5, 21795.0], [19017.0, 21796.5], [19017.0, 21798.0], [19018.5, 21799.5], [19018.5, 21801.0], [19021.5, 21801.0], [19023.0, 21799.5], [19024.5, 21799.5], [19024.5, 21796.5], [19026.0, 21795.0], [19026.0, 21793.5], [19024.5, 21792.0], [19024.5, 21790.5], [19023.0, 21789.0], [19020.0, 21789.0]]]}}, {"type": "Feature", "properties": {"class_id": 5, "classification": "Edge & Air Bubble", "area": 99.0}, "geometry": {"type": "Polygon", "coordinates": [[[18675.0, 21774.0], [18673.5, 21775.5], [18673.5, 21783.0], [18675.0, 21784.5], [18675.0, 21786.0], [18679.5, 21786.0], [18681.0, 21784.5], [18682.5, 21784.5], [18684.0, 21783.0], [18685.5, 21783.0], [18685.5, 21780.0], [18684.0, 21778.5], [18682.5, 21778.5], [18679.5, 21775.5], [18676.5, 21775.5], [18675.0, 21774.0]]]}}, {"type": "Feature", "properties": {"class_id": 5, "classification": "Edge & Air Bubble", "area": 244.125}, "geometry": {"type": "Polygon", "coordinates": [[[18510.0, 21757.5], [18504.0, 21763.5], [18502.5, 21763.5], [18502.5, 21765.0], [18504.0, 21766.5], [18504.0, 21769.5], [18505.5, 21771.0], [18505.5, 21777.0], [18507.0, 21778.5], [18507.0, 21781.5], [18511.5, 21786.0], [18514.5, 21786.0], [18517.5, 21783.0], [18517.5, 21778.5], [18516.0, 21777.0], [18516.0, 21775.5], [18514.5, 21774.0], [18514.5, 21772.5], [18513.0, 21771.0], [18513.0, 21763.5], [18514.5, 21762.0], [18513.0, 21760.5], [18513.0, 21757.5], [18510.0, 21757.5]]]}}, {"type": "Feature", "properties": {"class_id": 5, "classification": "Edge & Air Bubble", "area": 19.125}, "geometry": {"type": "Polygon", "coordinates": [[[19317.0, 21754.5], [19321.5, 21759.0], [19324.5, 21759.0], [19324.5, 21757.5], [19321.5, 21754.5], [19317.0, 21754.5]]]}}, {"type": "Feature", "properties": {"class_id": 5, "classification": "Edge & Air Bubble", "area": 131.625}, "geometry": {"type": "Polygon", "coordinates": [[[19155.0, 21736.5], [19153.5, 21738.0], [19153.5, 21741.0], [19155.0, 21742.5], [19155.0, 21744.0], [19156.5, 21744.0], [19158.0, 21745.5], [19159.5, 21745.5], [19161.0, 21747.0], [19162.5, 21747.0], [19164.0, 21748.5], [19164.0, 21750.0], [19167.0, 21753.0], [19168.5, 21753.0], [19171.5, 21750.0], [19171.5, 21745.5], [19170.0, 21745.5], [19167.0, 21742.5], [19164.0, 21742.5], [19159.5, 21738.0], [19158.0, 21738.0], [19156.5, 21736.5], [19155.0, 21736.5]]]}}, {"type": "Feature", "properties": {"class_id": 5, "classification": "Edge & Air Bubble", "area": 2109.375}, "geometry": {"type": "Polygon", "coordinates": [[[19521.0, 21723.0], [19519.5, 21724.5], [19506.0, 21724.5], [19504.5, 21726.0], [19503.0, 21726.0], [19501.5, 21727.5], [19500.0, 21727.5], [19500.0, 21729.0], [19498.5, 21730.5], [19498.5, 21738.0], [19497.0, 21739.5], [19492.5, 21739.5], [19491.0, 21738.0], [19489.5, 21739.5], [19488.0, 21739.5], [19488.0, 21741.0], [19485.0, 21744.0], [19485.0, 21745.5], [19483.5, 21747.0], [19483.5, 21750.0], [19485.0, 21751.5], [19485.0, 21756.0], [19486.5, 21757.5], [19486.5, 21759.0], [19489.5, 21762.0], [19492.5, 21762.0], [19494.0, 21763.5], [19500.0, 21763.5], [19501.5, 21765.0], [19507.5, 21765.0], [19515.0, 21772.5], [19516.5, 21772.5], [19518.0, 21774.0], [19522.5, 21774.0], [19525.5, 21771.0], [19525.5, 21768.0], [19527.0, 21766.5], [19528.5, 21766.5], [19530.0, 21768.0], [19537.5, 21768.0], [19539.0, 21766.5], [19540.5, 21766.5], [19540.5, 21765.0], [19543.5, 21762.0], [19543.5, 21754.5], [19542.0, 21754.5], [19540.5, 21753.0], [19540.5, 21751.5], [19539.0, 21750.0], [19539.0, 21748.5], [19537.5, 21747.0], [19537.5, 21738.0], [19539.0, 21736.5], [19537.5, 21735.0], [19537.5, 21733.5], [19539.0, 21732.0], [19540.5, 21732.0], [19540.5, 21726.0], [19539.0, 21726.0], [19537.5, 21724.5], [19522.5, 21724.5], [19521.0, 21723.0]]]}}, {"type": "Feature", "properties": {"class_id": 5, "classification": "Edge & Air Bubble", "area": 447.75}, "geometry": {"type": "Polygon", "coordinates": [[[18724.5, 21721.5], [18723.0, 21723.0], [18721.5, 21723.0], [18717.0, 21727.5], [18715.5, 21727.5], [18712.5, 21730.5], [18708.0, 21730.5], [18708.0, 21732.0], [18706.5, 21733.5], [18705.0, 21733.5], [18705.0, 21735.0], [18703.5, 21736.5], [18703.5, 21738.0], [18702.0, 21739.5], [18702.0, 21744.0], [18705.0, 21747.0], [18705.0, 21748.5], [18706.5, 21750.0], [18709.5, 21750.0], [18711.0, 21748.5], [18712.5, 21748.5], [18714.0, 21747.0], [18717.0, 21747.0], [18718.5, 21745.5], [18720.0, 21745.5], [18721.5, 21744.0], [18721.5, 21741.0], [18723.0, 21739.5], [18724.5, 21739.5], [18724.5, 21736.5], [18726.0, 21735.0], [18727.5, 21735.0], [18727.5, 21733.5], [18729.0, 21732.0], [18729.0, 21730.5], [18730.5, 21729.0], [18730.5, 21724.5], [18729.0, 21724.5], [18726.0, 21721.5], [18724.5, 21721.5]]]}}, {"type": "Feature", "properties": {"class_id": 5, "classification": "Edge & Air Bubble", "area": 379.125}, "geometry": {"type": "Polygon", "coordinates": [[[18790.5, 21720.0], [18789.0, 21721.5], [18783.0, 21721.5], [18780.0, 21724.5], [18778.5, 21724.5], [18778.5, 21727.5], [18774.0, 21732.0], [18775.5, 21733.5], [18775.5, 21735.0], [18774.0, 21736.5], [18777.0, 21739.5], [18777.0, 21741.0], [18778.5, 21742.5], [18781.5, 21742.5], [18783.0, 21741.0], [18784.5, 21741.0], [18784.5, 21739.5], [18786.0, 21738.0], [18787.5, 21739.5], [18789.0, 21739.5], [18793.5, 21735.0], [18795.0, 21735.0], [18795.0, 21733.5], [18799.5, 21729.0], [18799.5, 21721.5], [18798.0, 21720.0], [18790.5, 21720.0]]]}}, {"type": "Feature", "properties": {"class_id": 5, "classification": "Edge & Air Bubble", "area": 222.75}, "geometry": {"type": "Polygon", "coordinates": [[[19570.5, 21696.0], [19567.5, 21699.0], [19566.0, 21699.0], [19566.0, 21700.5], [19563.0, 21703.5], [19569.0, 21709.5], [19569.0, 21711.0], [19570.5, 21711.0], [19572.0, 21712.5], [19572.0, 21717.0], [19576.5, 21717.0], [19578.0, 21715.5], [19579.5, 21715.5], [19579.5, 21712.5], [19581.0, 21711.0], [19581.0, 21709.5], [19582.5, 21708.0], [19582.5, 21706.5], [19581.0, 21705.0], [19581.0, 21703.5], [19578.0, 21700.5], [19575.0, 21700.5], [19570.5, 21696.0]]]}}, {"type": "Feature", "properties": {"class_id": 5, "classification": "Edge & Air Bubble", "area": 276.75}, "geometry": {"type": "Polygon", "coordinates": [[[19264.5, 21712.5], [19263.0, 21712.5], [19263.0, 21714.0], [19261.5, 21715.5], [19260.0, 21715.5], [19260.0, 21724.5], [19258.5, 21726.0], [19258.5, 21729.0], [19260.0, 21730.5], [19261.5, 21730.5], [19263.0, 21732.0], [19264.5, 21732.0], [19266.0, 21730.5], [19266.0, 21729.0], [19267.5, 21727.5], [19267.5, 21721.5], [19269.0, 21720.0], [19269.0, 21718.5], [19270.5, 21717.0], [19272.0, 21717.0], [19279.5, 21709.5], [19279.5, 21706.5], [19270.5, 21706.5], [19264.5, 21712.5]]]}}, {"type": "Feature", "properties": {"class_id": 5, "classification": "Edge & Air Bubble", "area": 15.75}, "geometry": {"type": "Polygon", "coordinates": [[[19096.5, 21694.5], [19095.0, 21696.0], [19095.0, 21697.5], [19096.5, 21699.0], [19098.0, 21699.0], [19099.5, 21697.5], [19099.5, 21696.0], [19098.0, 21694.5], [19096.5, 21694.5]]]}}, {"type": "Feature", "properties": {"class_id": 5, "classification": "Edge & Air Bubble", "area": 230.625}, "geometry": {"type": "Polygon", "coordinates": [[[19644.0, 21691.5], [19639.5, 21696.0], [19638.0, 21696.0], [19636.5, 21697.5], [19635.0, 21697.5], [19632.0, 21700.5], [19632.0, 21702.0], [19633.5, 21702.0], [19636.5, 21705.0], [19639.5, 21705.0], [19641.0, 21706.5], [19642.5, 21706.5], [19644.0, 21708.0], [19648.5, 21708.0], [19651.5, 21705.0], [19654.5, 21705.0], [19654.5, 21700.5], [19651.5, 21697.5], [19651.5, 21696.0], [19647.0, 21691.5], [19644.0, 21691.5]]]}}, {"type": "Feature", "properties": {"class_id": 5, "classification": "Edge & Air Bubble", "area": 18.0}, "geometry": {"type": "Polygon", "coordinates": [[[19374.0, 21688.5], [19374.0, 21690.0], [19372.5, 21691.5], [19372.5, 21694.5], [19374.0, 21696.0], [19374.0, 21694.5], [19375.5, 21693.0], [19375.5, 21691.5], [19377.0, 21690.0], [19377.0, 21688.5], [19374.0, 21688.5]]]}}, {"type": "Feature", "properties": {"class_id": 5, "classification": "Edge & Air Bubble", "area": 525.375}, "geometry": {"type": "Polygon", "coordinates": [[[18796.5, 21657.0], [18795.0, 21658.5], [18792.0, 21658.5], [18792.0, 21660.0], [18790.5, 21661.5], [18792.0, 21663.0], [18792.0, 21664.5], [18795.0, 21667.5], [18795.0, 21670.5], [18798.0, 21673.5], [18798.0, 21675.0], [18799.5, 21675.0], [18801.0, 21676.5], [18802.5, 21676.5], [18804.0, 21678.0], [18804.0, 21681.0], [18802.5, 21682.5], [18798.0, 21682.5], [18798.0, 21684.0], [18799.5, 21685.5], [18796.5, 21688.5], [18795.0, 21688.5], [18795.0, 21690.0], [18796.5, 21691.5], [18796.5, 21696.0], [18798.0, 21697.5], [18798.0, 21699.0], [18799.5, 21699.0], [18801.0, 21700.5], [18802.5, 21700.5], [18804.0, 21702.0], [18813.0, 21702.0], [18817.5, 21697.5], [18816.0, 21696.0], [18816.0, 21693.0], [18814.5, 21691.5], [18814.5, 21688.5], [18813.0, 21688.5], [18811.5, 21687.0], [18810.0, 21687.0], [18808.5, 21685.5], [18808.5, 21681.0], [18805.5, 21678.0], [18805.5, 21661.5], [18802.5, 21658.5], [18799.5, 21658.5], [18798.0, 21657.0], [18796.5, 21657.0]]]}}, {"type": "Feature", "properties": {"class_id": 5, "classification": "Edge & Air Bubble", "area": 190.125}, "geometry": {"type": "Polygon", "coordinates": [[[19380.0, 21655.5], [19378.5, 21657.0], [19378.5, 21658.5], [19377.0, 21660.0], [19377.0, 21661.5], [19378.5, 21663.0], [19378.5, 21664.5], [19380.0, 21666.0], [19380.0, 21667.5], [19383.0, 21670.5], [19383.0, 21672.0], [19386.0, 21675.0], [19387.5, 21675.0], [19390.5, 21672.0], [19390.5, 21661.5], [19392.0, 21660.0], [19392.0, 21658.5], [19389.0, 21655.5], [19386.0, 21658.5], [19383.0, 21655.5], [19380.0, 21655.5]]]}}, {"type": "Feature", "properties": {"class_id": 5, "classification": "Edge & Air Bubble", "area": 1461.375}, "geometry": {"type": "Polygon", "coordinates": [[[19623.0, 21627.0], [19617.0, 21633.0], [19617.0, 21636.0], [19612.5, 21640.5], [19611.0, 21640.5], [19609.5, 21642.0], [19609.5, 21643.5], [19606.5, 21646.5], [19608.0, 21648.0], [19606.5, 21649.5], [19602.0, 21649.5], [19600.5, 21648.0], [19599.0, 21648.0], [19597.5, 21646.5], [19588.5, 21646.5], [19587.0, 21645.0], [19581.0, 21645.0], [19579.5, 21643.5], [19581.0, 21642.0], [19581.0, 21640.5], [19579.5, 21639.0], [19579.5, 21637.5], [19578.0, 21637.5], [19575.0, 21634.5], [19573.5, 21634.5], [19572.0, 21633.0], [19570.5, 21634.5], [19567.5, 21634.5], [19561.5, 21640.5], [19560.0, 21640.5], [19558.5, 21642.0], [19557.0, 21642.0], [19555.5, 21643.5], [19551.0, 21643.5], [19549.5, 21645.0], [19546.5, 21645.0], [19546.5, 21646.5], [19545.0, 21648.0], [19548.0, 21651.0], [19548.0, 21657.0], [19551.0, 21660.0], [19552.5, 21660.0], [19555.5, 21663.0], [19557.0, 21663.0], [19558.5, 21664.5], [19558.5, 21666.0], [19560.0, 21667.5], [19560.0, 21669.0], [19561.5, 21669.0], [19564.5, 21672.0], [19564.5, 21664.5], [19569.0, 21660.0], [19576.5, 21660.0], [19578.0, 21661.5], [19582.5, 21661.5], [19584.0, 21660.0], [19587.0, 21660.0], [19588.5, 21658.5], [19590.0, 21658.5], [19591.5, 21657.0], [19594.5, 21657.0], [19596.0, 21655.5], [19600.5, 21655.5], [19602.0, 21654.0], [19608.0, 21654.0], [19609.5, 21655.5], [19612.5, 21655.5], [19614.0, 21654.0], [19615.5, 21654.0], [19617.0, 21652.5], [19620.0, 21652.5], [19621.5, 21651.0], [19624.5, 21651.0], [19624.5, 21646.5], [19626.0, 21645.0], [19632.0, 21645.0], [19632.0, 21643.5], [19633.5, 21642.0], [19633.5, 21636.0], [19632.0, 21636.0], [19630.5, 21634.5], [19630.5, 21631.5], [19626.0, 21631.5], [19624.5, 21630.0], [19624.5, 21627.0], [19623.0, 21627.0]]]}}, {"type": "Feature", "properties": {"class_id": 5, "classification": "Edge & Air Bubble", "area": 3012.75}, "geometry": {"type": "Polygon", "coordinates": [[[19320.0, 21624.0], [19317.0, 21627.0], [19315.5, 21625.5], [19312.5, 21625.5], [19312.5, 21627.0], [19314.0, 21628.5], [19314.0, 21630.0], [19312.5, 21631.5], [19311.0, 21631.5], [19308.0, 21634.5], [19308.0, 21639.0], [19305.0, 21642.0], [19305.0, 21645.0], [19306.5, 21646.5], [19306.5, 21648.0], [19305.0, 21649.5], [19305.0, 21654.0], [19303.5, 21655.5], [19303.5, 21657.0], [19302.0, 21658.5], [19302.0, 21663.0], [19300.5, 21664.5], [19300.5, 21669.0], [19299.0, 21670.5], [19299.0, 21681.0], [19300.5, 21681.0], [19302.0, 21682.5], [19302.0, 21699.0], [19305.0, 21702.0], [19305.0, 21703.5], [19306.5, 21703.5], [19311.0, 21708.0], [19312.5, 21708.0], [19315.5, 21711.0], [19321.5, 21711.0], [19324.5, 21708.0], [19326.0, 21708.0], [19329.0, 21705.0], [19330.5, 21705.0], [19332.0, 21703.5], [19333.5, 21703.5], [19335.0, 21702.0], [19336.5, 21702.0], [19338.0, 21700.5], [19339.5, 21700.5], [19342.5, 21697.5], [19342.5, 21694.5], [19344.0, 21693.0], [19345.5, 21693.0], [19345.5, 21687.0], [19344.0, 21685.5], [19344.0, 21682.5], [19348.5, 21678.0], [19351.5, 21678.0], [19353.0, 21676.5], [19354.5, 21676.5], [19356.0, 21675.0], [19365.0, 21675.0], [19366.5, 21676.5], [19366.5, 21672.0], [19363.5, 21672.0], [19362.0, 21670.5], [19360.5, 21670.5], [19357.5, 21667.5], [19356.0, 21667.5], [19356.0, 21669.0], [19354.5, 21670.5], [19351.5, 21670.5], [19350.0, 21672.0], [19344.0, 21672.0], [19342.5, 21670.5], [19341.0, 21670.5], [19339.5, 21669.0], [19339.5, 21666.0], [19336.5, 21663.0], [19336.5, 21654.0], [19338.0, 21652.5], [19338.0, 21648.0], [19336.5, 21646.5], [19336.5, 21645.0], [19335.0, 21643.5], [19333.5, 21643.5], [19332.0, 21642.0], [19335.0, 21639.0], [19335.0, 21637.5], [19333.5, 21636.0], [19336.5, 21633.0], [19336.5, 21631.5], [19335.0, 21631.5], [19333.5, 21630.0], [19333.5, 21625.5], [19332.0, 21625.5], [19330.5, 21624.0], [19326.0, 21624.0], [19324.5, 21625.5], [19321.5, 21625.5], [19320.0, 21624.0]]]}}, {"type": "Feature", "properties": {"class_id": 5, "classification": "Edge & Air Bubble", "area": 2036.25}, "geometry": {"type": "Polygon", "coordinates": [[[18930.0, 21622.5], [18927.0, 21625.5], [18919.5, 21625.5], [18918.0, 21627.0], [18915.0, 21627.0], [18915.0, 21628.5], [18912.0, 21631.5], [18912.0, 21636.0], [18909.0, 21639.0], [18909.0, 21645.0], [18907.5, 21646.5], [18907.5, 21648.0], [18909.0, 21649.5], [18909.0, 21657.0], [18910.5, 21658.5], [18910.5, 21660.0], [18912.0, 21661.5], [18912.0, 21666.0], [18913.5, 21667.5], [18913.5, 21669.0], [18915.0, 21670.5], [18915.0, 21673.5], [18918.0, 21676.5], [18918.0, 21679.5], [18921.0, 21682.5], [18922.5, 21682.5], [18924.0, 21684.0], [18931.5, 21684.0], [18933.0, 21685.5], [18934.5, 21685.5], [18936.0, 21687.0], [18937.5, 21687.0], [18939.0, 21685.5], [18942.0, 21685.5], [18943.5, 21687.0], [18943.5, 21688.5], [18946.5, 21688.5], [18948.0, 21687.0], [18949.5, 21688.5], [18951.0, 21687.0], [18952.5, 21687.0], [18955.5, 21684.0], [18957.0, 21684.0], [18957.0, 21682.5], [18958.5, 21681.0], [18958.5, 21678.0], [18954.0, 21673.5], [18951.0, 21673.5], [18948.0, 21670.5], [18948.0, 21666.0], [18945.0, 21663.0], [18945.0, 21661.5], [18943.5, 21660.0], [18943.5, 21657.0], [18942.0, 21655.5], [18942.0, 21628.5], [18940.5, 21628.5], [18939.0, 21627.0], [18939.0, 21625.5], [18936.0, 21622.5], [18930.0, 21622.5]]]}}, {"type": "Feature", "properties": {"class_id": 5, "classification": "Edge & Air Bubble", "area": 1145.25}, "geometry": {"type": "Polygon", "coordinates": [[[18855.0, 21616.5], [18849.0, 21622.5], [18846.0, 21622.5], [18846.0, 21625.5], [18843.0, 21628.5], [18843.0, 21630.0], [18844.5, 21631.5], [18844.5, 21633.0], [18843.0, 21634.5], [18843.0, 21639.0], [18841.5, 21640.5], [18841.5, 21642.0], [18840.0, 21643.5], [18840.0, 21649.5], [18838.5, 21651.0], [18840.0, 21652.5], [18840.0, 21655.5], [18843.0, 21658.5], [18843.0, 21661.5], [18844.5, 21663.0], [18846.0, 21663.0], [18847.5, 21664.5], [18849.0, 21664.5], [18850.5, 21666.0], [18856.5, 21666.0], [18859.5, 21663.0], [18861.0, 21663.0], [18861.0, 21661.5], [18862.5, 21660.0], [18862.5, 21658.5], [18865.5, 21655.5], [18865.5, 21652.5], [18868.5, 21649.5], [18868.5, 21646.5], [18870.0, 21645.0], [18870.0, 21643.5], [18871.5, 21642.0], [18873.0, 21642.0], [18873.0, 21639.0], [18871.5, 21637.5], [18871.5, 21633.0], [18870.0, 21633.0], [18868.5, 21631.5], [18868.5, 21622.5], [18867.0, 21621.0], [18867.0, 21619.5], [18864.0, 21616.5], [18862.5, 21618.0], [18862.5, 21619.5], [18861.0, 21621.0], [18856.5, 21616.5], [18855.0, 21616.5]]]}}, {"type": "Feature", "properties": {"class_id": 5, "classification": "Edge & Air Bubble", "area": 429.75}, "geometry": {"type": "Polygon", "coordinates": [[[18747.0, 21610.5], [18747.0, 21615.0], [18745.5, 21616.5], [18745.5, 21618.0], [18744.0, 21619.5], [18744.0, 21621.0], [18742.5, 21622.5], [18742.5, 21624.0], [18741.0, 21625.5], [18739.5, 21625.5], [18738.0, 21627.0], [18738.0, 21636.0], [18739.5, 21637.5], [18739.5, 21642.0], [18742.5, 21642.0], [18745.5, 21645.0], [18748.5, 21645.0], [18748.5, 21642.0], [18750.0, 21640.5], [18751.5, 21640.5], [18751.5, 21637.5], [18757.5, 21631.5], [18757.5, 21628.5], [18759.0, 21627.0], [18759.0, 21625.5], [18760.5, 21624.0], [18759.0, 21622.5], [18756.0, 21622.5], [18754.5, 21621.0], [18754.5, 21615.0], [18756.0, 21613.5], [18756.0, 21612.0], [18754.5, 21612.0], [18753.0, 21613.5], [18750.0, 21613.5], [18748.5, 21612.0], [18748.5, 21610.5], [18747.0, 21610.5]]]}}, {"type": "Feature", "properties": {"class_id": 5, "classification": "Edge & Air Bubble", "area": 30639.375}, "geometry": {"type": "Polygon", "coordinates": [[[18441.0, 21600.0], [18439.5, 21601.5], [18438.0, 21601.5], [18436.5, 21603.0], [18435.0, 21601.5], [18432.0, 21601.5], [18432.0, 21624.0], [18430.5, 21625.5], [18423.0, 21625.5], [18421.5, 21624.0], [18417.0, 21624.0], [18415.5, 21625.5], [18412.5, 21625.5], [18411.0, 21627.0], [18411.0, 21645.0], [18409.5, 21646.5], [18408.0, 21646.5], [18408.0, 21648.0], [18406.5, 21649.5], [18406.5, 21651.0], [18405.0, 21652.5], [18402.0, 21652.5], [18402.0, 21655.5], [18400.5, 21657.0], [18400.5, 21658.5], [18399.0, 21660.0], [18399.0, 21663.0], [18397.5, 21664.5], [18397.5, 21666.0], [18393.0, 21670.5], [18391.5, 21670.5], [18388.5, 21673.5], [18387.0, 21673.5], [18387.0, 21675.0], [18385.5, 21676.5], [18381.0, 21676.5], [18378.0, 21679.5], [18376.5, 21679.5], [18375.0, 21681.0], [18375.0, 21684.0], [18373.5, 21685.5], [18373.5, 21697.5], [18372.0, 21699.0], [18372.0, 21700.5], [18370.5, 21702.0], [18370.5, 21706.5], [18369.0, 21708.0], [18369.0, 21714.0], [18370.5, 21715.5], [18370.5, 21717.0], [18372.0, 21718.5], [18372.0, 21721.5], [18373.5, 21723.0], [18373.5, 21726.0], [18375.0, 21727.5], [18375.0, 21732.0], [18373.5, 21733.5], [18373.5, 21735.0], [18370.5, 21738.0], [18370.5, 21742.5], [18369.0, 21744.0], [18369.0, 21753.0], [18367.5, 21754.5], [18367.5, 21765.0], [18369.0, 21766.5], [18369.0, 21768.0], [18370.5, 21769.5], [18370.5, 21772.5], [18372.0, 21774.0], [18372.0, 21790.5], [18370.5, 21792.0], [18370.5, 21795.0], [18369.0, 21796.5], [18369.0, 21798.0], [18366.0, 21801.0], [18366.0, 21802.5], [18364.5, 21804.0], [18364.5, 21805.5], [18363.0, 21807.0], [18363.0, 21808.5], [18361.5, 21810.0], [18361.5, 21816.0], [18360.0, 21817.5], [18360.0, 21820.5], [18358.5, 21822.0], [18358.5, 21831.0], [18357.0, 21832.5], [18357.0, 21837.0], [18355.5, 21838.5], [18355.5, 21843.0], [18354.0, 21844.5], [18354.0, 21847.5], [18352.5, 21849.0], [18354.0, 21850.5], [18354.0, 21862.5], [18355.5, 21864.0], [18355.5, 21867.0], [18357.0, 21868.5], [18357.0, 21870.0], [18358.5, 21871.5], [18358.5, 21874.5], [18360.0, 21876.0], [18360.0, 21886.5], [18361.5, 21888.0], [18361.5, 21898.5], [18363.0, 21900.0], [18363.0, 21901.5], [18364.5, 21903.0], [18364.5, 21906.0], [18366.0, 21907.5], [18366.0, 21909.0], [18367.5, 21910.5], [18367.5, 21912.0], [18369.0, 21913.5], [18369.0, 21915.0], [18370.5, 21916.5], [18370.5, 21919.5], [18372.0, 21921.0], [18372.0, 21927.0], [18373.5, 21928.5], [18373.5, 21931.5], [18376.5, 21934.5], [18376.5, 21936.0], [18378.0, 21937.5], [18378.0, 21939.0], [18379.5, 21940.5], [18379.5, 21943.5], [18381.0, 21945.0], [18381.0, 21949.5], [18382.5, 21951.0], [18382.5, 21952.5], [18384.0, 21954.0], [18384.0, 21957.0], [18385.5, 21958.5], [18385.5, 21961.5], [18387.0, 21963.0], [18387.0, 21964.5], [18388.5, 21966.0], [18388.5, 21967.5], [18390.0, 21969.0], [18390.0, 21970.5], [18391.5, 21972.0], [18391.5, 21973.5], [18393.0, 21975.0], [18393.0, 21976.5], [18396.0, 21979.5], [18396.0, 21981.0], [18400.5, 21985.5], [18400.5, 21987.0], [18403.5, 21990.0], [18403.5, 21991.5], [18406.5, 21994.5], [18406.5, 21996.0], [18408.0, 21997.5], [18408.0, 21999.0], [18411.0, 22002.0], [18418.5, 22002.0], [18420.0, 22003.5], [18421.5, 22003.5], [18423.0, 22005.0], [18427.5, 22005.0], [18429.0, 22006.5], [18430.5, 22006.5], [18430.5, 21817.5], [18432.0, 21816.0], [18433.5, 21816.0], [18433.5, 21810.0], [18435.0, 21808.5], [18436.5, 21808.5], [18433.5, 21805.5], [18433.5, 21799.5], [18435.0, 21798.0], [18433.5, 21796.5], [18433.5, 21790.5], [18441.0, 21783.0], [18442.5, 21783.0], [18444.0, 21781.5], [18445.5, 21781.5], [18447.0, 21780.0], [18448.5, 21780.0], [18448.5, 21778.5], [18450.0, 21777.0], [18451.5, 21777.0], [18454.5, 21774.0], [18454.5, 21772.5], [18456.0, 21771.0], [18457.5, 21771.0], [18460.5, 21768.0], [18460.5, 21766.5], [18462.0, 21765.0], [18463.5, 21765.0], [18463.5, 21763.5], [18466.5, 21760.5], [18471.0, 21760.5], [18472.5, 21759.0], [18474.0, 21759.0], [18475.5, 21760.5], [18477.0, 21760.5], [18478.5, 21759.0], [18484.5, 21759.0], [18484.5, 21757.5], [18486.0, 21756.0], [18490.5, 21756.0], [18493.5, 21753.0], [18493.5, 21750.0], [18492.0, 21750.0], [18490.5, 21748.5], [18489.0, 21748.5], [18484.5, 21744.0], [18484.5, 21739.5], [18489.0, 21735.0], [18490.5, 21735.0], [18490.5, 21733.5], [18493.5, 21730.5], [18493.5, 21727.5], [18495.0, 21726.0], [18496.5, 21726.0], [18496.5, 21718.5], [18498.0, 21717.0], [18505.5, 21717.0], [18505.5, 21712.5], [18507.0, 21711.0], [18508.5, 21711.0], [18508.5, 21709.5], [18513.0, 21705.0], [18514.5, 21705.0], [18514.5, 21700.5], [18513.0, 21700.5], [18511.5, 21699.0], [18511.5, 21697.5], [18508.5, 21694.5], [18507.0, 21694.5], [18505.5, 21693.0], [18505.5, 21690.0], [18504.0, 21688.5], [18504.0, 21685.5], [18502.5, 21684.0], [18502.5, 21679.5], [18504.0, 21678.0], [18504.0, 21676.5], [18505.5, 21675.0], [18505.5, 21673.5], [18502.5, 21670.5], [18499.5, 21670.5], [18493.5, 21664.5], [18493.5, 21663.0], [18489.0, 21658.5], [18487.5, 21658.5], [18484.5, 21655.5], [18484.5, 21640.5], [18483.0, 21639.0], [18483.0, 21628.5], [18480.0, 21628.5], [18478.5, 21627.0], [18478.5, 21625.5], [18472.5, 21625.5], [18469.5, 21622.5], [18468.0, 21622.5], [18466.5, 21621.0], [18465.0, 21621.0], [18463.5, 21619.5], [18462.0, 21619.5], [18460.5, 21618.0], [18460.5, 21616.5], [18457.5, 21613.5], [18456.0, 21613.5], [18454.5, 21612.0], [18453.0, 21613.5], [18448.5, 21609.0], [18448.5, 21607.5], [18447.0, 21607.5], [18445.5, 21606.0], [18445.5, 21601.5], [18444.0, 21600.0], [18441.0, 21600.0]]]}}, {"type": "Feature", "properties": {"class_id": 5, "classification": "Edge & Air Bubble", "area": 47.25}, "geometry": {"type": "Polygon", "coordinates": [[[18786.0, 21589.5], [18784.5, 21591.0], [18783.0, 21591.0], [18781.5, 21592.5], [18780.0, 21592.5], [18780.0, 21597.0], [18781.5, 21598.5], [18784.5, 21598.5], [18786.0, 21597.0], [18786.0, 21595.5], [18787.5, 21594.0], [18787.5, 21591.0], [18786.0, 21589.5]]]}}, {"type": "Feature", "properties": {"class_id": 5, "classification": "Edge & Air Bubble", "area": 59.625}, "geometry": {"type": "Polygon", "coordinates": [[[18756.0, 21568.5], [18756.0, 21570.0], [18754.5, 21571.5], [18751.5, 21571.5], [18750.0, 21573.0], [18750.0, 21574.5], [18748.5, 21576.0], [18748.5, 21579.0], [18750.0, 21580.5], [18754.5, 21580.5], [18754.5, 21574.5], [18759.0, 21570.0], [18759.0, 21568.5], [18756.0, 21568.5]]]}}, {"type": "Feature", "properties": {"class_id": 5, "classification": "Edge & Air Bubble", "area": 20.25}, "geometry": {"type": "Polygon", "coordinates": [[[18879.0, 21567.0], [18877.5, 21568.5], [18877.5, 21570.0], [18880.5, 21573.0], [18883.5, 21573.0], [18883.5, 21571.5], [18879.0, 21567.0]]]}}, {"type": "Feature", "properties": {"class_id": 5, "classification": "Edge & Air Bubble", "area": 13.5}, "geometry": {"type": "Polygon", "coordinates": [[[19263.0, 21565.5], [19263.0, 21570.0], [19264.5, 21570.0], [19266.0, 21571.5], [19266.0, 21567.0], [19264.5, 21565.5], [19263.0, 21565.5]]]}}, {"type": "Feature", "properties": {"class_id": 5, "classification": "Edge & Air Bubble", "area": 99.0}, "geometry": {"type": "Polygon", "coordinates": [[[18889.5, 21559.5], [18889.5, 21561.0], [18888.0, 21562.5], [18888.0, 21570.0], [18889.5, 21571.5], [18891.0, 21571.5], [18892.5, 21570.0], [18895.5, 21570.0], [18897.0, 21568.5], [18898.5, 21568.5], [18898.5, 21564.0], [18895.5, 21561.0], [18895.5, 21559.5], [18889.5, 21559.5]]]}}, {"type": "Feature", "properties": {"class_id": 5, "classification": "Edge & Air Bubble", "area": 4.5}, "geometry": {"type": "Polygon", "coordinates": [[[19609.5, 21549.0], [19611.0, 21550.5], [19611.0, 21552.0], [19612.5, 21552.0], [19612.5, 21550.5], [19611.0, 21549.0], [19609.5, 21549.0]]]}}, {"type": "Feature", "properties": {"class_id": 5, "classification": "Edge & Air Bubble", "area": 1.125}, "geometry": {"type": "Polygon", "coordinates": [[[19513.5, 21549.0], [19515.0, 21549.0], [19515.0, 21547.5], [19513.5, 21549.0]]]}}, {"type": "Feature", "properties": {"class_id": 5, "classification": "Edge & Air Bubble", "area": 3.375}, "geometry": {"type": "Polygon", "coordinates": [[[19611.0, 21543.0], [19611.0, 21544.5], [19612.5, 21546.0], [19612.5, 21543.0], [19611.0, 21543.0]]]}}, {"type": "Feature", "properties": {"class_id": 5, "classification": "Edge & Air Bubble", "area": 2.25}, "geometry": {"type": "Polygon", "coordinates": [[[19296.0, 21523.5], [19296.0, 21525.0], [19297.5, 21525.0], [19297.5, 21523.5], [19296.0, 21523.5]]]}}, {"type": "Feature", "properties": {"class_id": 5, "classification": "Edge & Air Bubble", "area": 138.375}, "geometry": {"type": "Polygon", "coordinates": [[[18438.0, 21514.5], [18438.0, 21517.5], [18439.5, 21519.0], [18441.0, 21519.0], [18442.5, 21520.5], [18442.5, 21522.0], [18444.0, 21523.5], [18444.0, 21526.5], [18447.0, 21529.5], [18448.5, 21529.5], [18450.0, 21528.0], [18451.5, 21528.0], [18451.5, 21526.5], [18453.0, 21525.0], [18454.5, 21525.0], [18454.5, 21523.5], [18451.5, 21520.5], [18451.5, 21519.0], [18448.5, 21516.0], [18448.5, 21514.5], [18438.0, 21514.5]]]}}, {"type": "Feature", "properties": {"class_id": 5, "classification": "Edge & Air Bubble", "area": 18.0}, "geometry": {"type": "Polygon", "coordinates": [[[19563.0, 21504.0], [19563.0, 21505.5], [19564.5, 21507.0], [19566.0, 21507.0], [19567.5, 21508.5], [19570.5, 21508.5], [19567.5, 21505.5], [19567.5, 21504.0], [19563.0, 21504.0]]]}}, {"type": "Feature", "properties": {"class_id": 5, "classification": "Edge & Air Bubble", "area": 4227.75}, "geometry": {"type": "Polygon", "coordinates": [[[19527.0, 21502.5], [19525.5, 21504.0], [19524.0, 21504.0], [19524.0, 21505.5], [19527.0, 21508.5], [19527.0, 21511.5], [19525.5, 21513.0], [19525.5, 21519.0], [19527.0, 21520.5], [19527.0, 21528.0], [19525.5, 21529.5], [19525.5, 21534.0], [19524.0, 21535.5], [19524.0, 21537.0], [19522.5, 21538.5], [19522.5, 21546.0], [19521.0, 21547.5], [19521.0, 21549.0], [19516.5, 21553.5], [19515.0, 21553.5], [19513.5, 21555.0], [19512.0, 21555.0], [19510.5, 21553.5], [19509.0, 21553.5], [19509.0, 21558.0], [19507.5, 21559.5], [19507.5, 21561.0], [19509.0, 21562.5], [19509.0, 21564.0], [19507.5, 21565.5], [19506.0, 21565.5], [19506.0, 21568.5], [19507.5, 21570.0], [19516.5, 21570.0], [19518.0, 21568.5], [19521.0, 21568.5], [19522.5, 21570.0], [19524.0, 21570.0], [19525.5, 21568.5], [19530.0, 21568.5], [19533.0, 21571.5], [19533.0, 21573.0], [19531.5, 21574.5], [19530.0, 21574.5], [19530.0, 21576.0], [19528.5, 21577.5], [19527.0, 21577.5], [19528.5, 21579.0], [19540.5, 21579.0], [19542.0, 21580.5], [19554.0, 21580.5], [19557.0, 21583.5], [19557.0, 21585.0], [19558.5, 21585.0], [19560.0, 21586.5], [19560.0, 21588.0], [19564.5, 21588.0], [19566.0, 21586.5], [19567.5, 21586.5], [19567.5, 21583.5], [19570.5, 21580.5], [19570.5, 21579.0], [19572.0, 21577.5], [19573.5, 21577.5], [19575.0, 21576.0], [19587.0, 21576.0], [19588.5, 21574.5], [19590.0, 21574.5], [19594.5, 21570.0], [19596.0, 21570.0], [19597.5, 21568.5], [19600.5, 21568.5], [19602.0, 21567.0], [19603.5, 21567.0], [19603.5, 21565.5], [19605.0, 21564.0], [19606.5, 21564.0], [19606.5, 21562.5], [19608.0, 21561.0], [19608.0, 21559.5], [19603.5, 21555.0], [19602.0, 21555.0], [19600.5, 21553.5], [19602.0, 21552.0], [19603.5, 21552.0], [19603.5, 21544.5], [19605.0, 21543.0], [19605.0, 21541.5], [19606.5, 21540.0], [19606.5, 21534.0], [19605.0, 21532.5], [19599.0, 21532.5], [19597.5, 21531.0], [19596.0, 21531.0], [19594.5, 21532.5], [19593.0, 21531.0], [19593.0, 21529.5], [19591.5, 21528.0], [19591.5, 21526.5], [19590.0, 21526.5], [19588.5, 21525.0], [19587.0, 21525.0], [19585.5, 21526.5], [19578.0, 21526.5], [19575.0, 21523.5], [19570.5, 21523.5], [19569.0, 21525.0], [19566.0, 21525.0], [19564.5, 21526.5], [19561.5, 21526.5], [19558.5, 21529.5], [19557.0, 21529.5], [19554.0, 21532.5], [19551.0, 21532.5], [19549.5, 21534.0], [19546.5, 21534.0], [19543.5, 21537.0], [19540.5, 21537.0], [19539.0, 21538.5], [19537.5, 21537.0], [19537.5, 21534.0], [19536.0, 21532.5], [19534.5, 21532.5], [19533.0, 21531.0], [19533.0, 21529.5], [19531.5, 21528.0], [19531.5, 21526.5], [19530.0, 21525.0], [19530.0, 21523.5], [19528.5, 21522.0], [19528.5, 21514.5], [19530.0, 21513.0], [19530.0, 21510.0], [19531.5, 21508.5], [19528.5, 21505.5], [19528.5, 21504.0], [19527.0, 21502.5]]]}}, {"type": "Feature", "properties": {"class_id": 5, "classification": "Edge & Air Bubble", "area": 3.375}, "geometry": {"type": "Polygon", "coordinates": [[[19347.0, 21502.5], [19350.0, 21502.5], [19348.5, 21501.0], [19347.0, 21501.0], [19347.0, 21502.5]]]}}, {"type": "Feature", "properties": {"class_id": 5, "classification": "Edge & Air Bubble", "area": 3.375}, "geometry": {"type": "Polygon", "coordinates": [[[19212.0, 21502.5], [19215.0, 21502.5], [19213.5, 21501.0], [19212.0, 21501.0], [19212.0, 21502.5]]]}}, {"type": "Feature", "properties": {"class_id": 5, "classification": "Edge & Air Bubble", "area": 19.125}, "geometry": {"type": "Polygon", "coordinates": [[[19333.5, 21499.5], [19332.0, 21501.0], [19332.0, 21502.5], [19339.5, 21502.5], [19339.5, 21499.5], [19338.0, 21501.0], [19336.5, 21499.5], [19333.5, 21499.5]]]}}, {"type": "Feature", "properties": {"class_id": 5, "classification": "Edge & Air Bubble", "area": 249.75}, "geometry": {"type": "Polygon", "coordinates": [[[19201.5, 21498.0], [19200.0, 21499.5], [19197.0, 21499.5], [19197.0, 21501.0], [19195.5, 21502.5], [19194.0, 21502.5], [19192.5, 21501.0], [19188.0, 21501.0], [19186.5, 21499.5], [19180.5, 21499.5], [19179.0, 21501.0], [19177.5, 21499.5], [19176.0, 21499.5], [19176.0, 21502.5], [19179.0, 21502.5], [19182.0, 21505.5], [19182.0, 21507.0], [19183.5, 21507.0], [19185.0, 21508.5], [19185.0, 21513.0], [19192.5, 21513.0], [19194.0, 21511.5], [19195.5, 21511.5], [19197.0, 21510.0], [19198.5, 21510.0], [19198.5, 21508.5], [19200.0, 21507.0], [19203.0, 21507.0], [19204.5, 21505.5], [19204.5, 21504.0], [19206.0, 21502.5], [19206.0, 21501.0], [19203.0, 21498.0], [19201.5, 21498.0]]]}}, {"type": "Feature", "properties": {"class_id": 5, "classification": "Edge & Air Bubble", "area": 7.875}, "geometry": {"type": "Polygon", "coordinates": [[[18826.5, 21498.0], [18825.0, 21499.5], [18825.0, 21502.5], [18828.0, 21502.5], [18826.5, 21501.0], [18826.5, 21499.5], [18828.0, 21498.0], [18826.5, 21498.0]]]}}, {"type": "Feature", "properties": {"class_id": 5, "classification": "Edge & Air Bubble", "area": 9.0}, "geometry": {"type": "Polygon", "coordinates": [[[18760.5, 21495.0], [18762.0, 21496.5], [18762.0, 21498.0], [18765.0, 21498.0], [18765.0, 21496.5], [18763.5, 21495.0], [18760.5, 21495.0]]]}}, {"type": "Feature", "properties": {"class_id": 5, "classification": "Edge & Air Bubble", "area": 990.0}, "geometry": {"type": "Polygon", "coordinates": [[[19366.5, 21480.0], [19363.5, 21483.0], [19362.0, 21483.0], [19362.0, 21489.0], [19363.5, 21490.5], [19363.5, 21492.0], [19365.0, 21493.5], [19365.0, 21498.0], [19366.5, 21499.5], [19366.5, 21501.0], [19371.0, 21505.5], [19371.0, 21507.0], [19369.5, 21508.5], [19369.5, 21510.0], [19371.0, 21511.5], [19371.0, 21514.5], [19368.0, 21517.5], [19368.0, 21519.0], [19369.5, 21519.0], [19371.0, 21520.5], [19372.5, 21520.5], [19374.0, 21522.0], [19377.0, 21522.0], [19378.5, 21523.5], [19380.0, 21523.5], [19383.0, 21526.5], [19383.0, 21529.5], [19386.0, 21532.5], [19386.0, 21534.0], [19389.0, 21534.0], [19390.5, 21532.5], [19392.0, 21534.0], [19393.5, 21534.0], [19393.5, 21532.5], [19395.0, 21531.0], [19395.0, 21528.0], [19396.5, 21526.5], [19396.5, 21522.0], [19398.0, 21520.5], [19396.5, 21520.5], [19395.0, 21519.0], [19395.0, 21517.5], [19396.5, 21516.0], [19398.0, 21516.0], [19398.0, 21514.5], [19396.5, 21513.0], [19396.5, 21511.5], [19395.0, 21511.5], [19393.5, 21510.0], [19393.5, 21504.0], [19389.0, 21504.0], [19387.5, 21502.5], [19387.5, 21493.5], [19384.5, 21490.5], [19384.5, 21487.5], [19380.0, 21487.5], [19380.0, 21489.0], [19378.5, 21490.5], [19374.0, 21490.5], [19372.5, 21489.0], [19372.5, 21487.5], [19371.0, 21486.0], [19371.0, 21484.5], [19369.5, 21483.0], [19369.5, 21481.5], [19368.0, 21480.0], [19366.5, 21480.0]]]}}, {"type": "Feature", "properties": {"class_id": 5, "classification": "Edge & Air Bubble", "area": 12561.75}, "geometry": {"type": "Polygon", "coordinates": [[[19458.0, 21478.5], [19459.5, 21477.0], [19464.0, 21477.0], [19465.5, 21475.5], [19467.0, 21475.5], [19468.5, 21477.0], [19467.0, 21478.5], [19467.0, 21480.0], [19470.0, 21483.0], [19471.5, 21483.0], [19473.0, 21484.5], [19473.0, 21489.0], [19471.5, 21490.5], [19471.5, 21492.0], [19470.0, 21493.5], [19470.0, 21495.0], [19467.0, 21498.0], [19467.0, 21499.5], [19465.5, 21501.0], [19465.5, 21502.5], [19464.0, 21504.0], [19455.0, 21504.0], [19455.0, 21523.5], [19453.5, 21525.0], [19452.0, 21525.0], [19450.5, 21523.5], [19450.5, 21522.0], [19447.5, 21519.0], [19447.5, 21517.5], [19444.5, 21517.5], [19443.0, 21519.0], [19443.0, 21522.0], [19441.5, 21523.5], [19441.5, 21526.5], [19443.0, 21528.0], [19441.5, 21529.5], [19440.0, 21529.5], [19440.0, 21531.0], [19438.5, 21532.5], [19437.0, 21532.5], [19437.0, 21534.0], [19435.5, 21535.5], [19434.0, 21535.5], [19432.5, 21537.0], [19431.0, 21537.0], [19429.5, 21538.5], [19428.0, 21538.5], [19428.0, 21540.0], [19426.5, 21541.5], [19423.5, 21541.5], [19416.0, 21549.0], [19416.0, 21552.0], [19413.0, 21555.0], [19413.0, 21558.0], [19411.5, 21559.5], [19411.5, 21561.0], [19410.0, 21562.5], [19410.0, 21567.0], [19407.0, 21570.0], [19407.0, 21573.0], [19405.5, 21574.5], [19401.0, 21574.5], [19401.0, 21577.5], [19404.0, 21580.5], [19404.0, 21582.0], [19401.0, 21585.0], [19401.0, 21588.0], [19402.5, 21589.5], [19402.5, 21591.0], [19401.0, 21592.5], [19401.0, 21594.0], [19404.0, 21597.0], [19404.0, 21606.0], [19405.5, 21607.5], [19405.5, 21615.0], [19407.0, 21616.5], [19407.0, 21618.0], [19410.0, 21621.0], [19417.5, 21621.0], [19419.0, 21619.5], [19423.5, 21619.5], [19425.0, 21618.0], [19429.5, 21618.0], [19429.5, 21616.5], [19431.0, 21615.0], [19434.0, 21615.0], [19435.5, 21616.5], [19437.0, 21616.5], [19438.5, 21615.0], [19440.0, 21616.5], [19441.5, 21616.5], [19443.0, 21618.0], [19446.0, 21618.0], [19447.5, 21619.5], [19450.5, 21619.5], [19452.0, 21621.0], [19453.5, 21621.0], [19455.0, 21622.5], [19455.0, 21675.0], [19456.5, 21675.0], [19456.5, 21673.5], [19458.0, 21672.0], [19461.0, 21672.0], [19464.0, 21675.0], [19464.0, 21678.0], [19465.5, 21678.0], [19467.0, 21679.5], [19468.5, 21679.5], [19470.0, 21678.0], [19474.5, 21678.0], [19474.5, 21676.5], [19476.0, 21675.0], [19486.5, 21675.0], [19488.0, 21673.5], [19494.0, 21673.5], [19495.5, 21672.0], [19498.5, 21672.0], [19501.5, 21669.0], [19501.5, 21666.0], [19500.0, 21664.5], [19500.0, 21663.0], [19498.5, 21661.5], [19498.5, 21660.0], [19497.0, 21658.5], [19497.0, 21655.5], [19494.0, 21655.5], [19492.5, 21654.0], [19492.5, 21648.0], [19494.0, 21646.5], [19494.0, 21640.5], [19492.5, 21639.0], [19492.5, 21628.5], [19494.0, 21627.0], [19495.5, 21627.0], [19498.5, 21624.0], [19498.5, 21622.5], [19500.0, 21621.0], [19500.0, 21609.0], [19501.5, 21607.5], [19501.5, 21594.0], [19498.5, 21591.0], [19498.5, 21589.5], [19497.0, 21589.5], [19495.5, 21588.0], [19495.5, 21586.5], [19500.0, 21582.0], [19500.0, 21577.5], [19501.5, 21576.0], [19503.0, 21576.0], [19506.0, 21573.0], [19504.5, 21573.0], [19501.5, 21570.0], [19500.0, 21570.0], [19498.5, 21571.5], [19497.0, 21570.0], [19497.0, 21568.5], [19495.5, 21568.5], [19492.5, 21565.5], [19491.0, 21565.5], [19489.5, 21564.0], [19489.5, 21562.5], [19483.5, 21556.5], [19483.5, 21550.5], [19482.0, 21549.0], [19482.0, 21547.5], [19480.5, 21546.0], [19480.5, 21526.5], [19482.0, 21525.0], [19485.0, 21525.0], [19486.5, 21523.5], [19486.5, 21516.0], [19488.0, 21514.5], [19488.0, 21508.5], [19489.5, 21507.0], [19489.5, 21504.0], [19491.0, 21502.5], [19492.5, 21502.5], [19491.0, 21501.0], [19491.0, 21499.5], [19492.5, 21498.0], [19494.0, 21498.0], [19494.0, 21496.5], [19498.5, 21492.0], [19498.5, 21490.5], [19500.0, 21489.0], [19501.5, 21489.0], [19503.0, 21487.5], [19504.5, 21487.5], [19506.0, 21489.0], [19506.0, 21492.0], [19509.0, 21492.0], [19510.5, 21493.5], [19512.0, 21493.5], [19513.5, 21492.0], [19516.5, 21492.0], [19518.0, 21490.5], [19518.0, 21484.5], [19516.5, 21483.0], [19516.5, 21478.5], [19515.0, 21478.5], [19513.5, 21477.0], [19513.5, 21474.0], [19510.5, 21471.0], [19510.5, 21465.0], [19512.0, 21463.5], [19515.0, 21463.5], [19516.5, 21465.0], [19519.5, 21465.0], [19524.0, 21460.5], [19525.5, 21460.5], [19530.0, 21456.0], [19530.0, 21454.5], [19527.0, 21457.5], [19524.0, 21457.5], [19524.0, 21459.0], [19522.5, 21460.5], [19516.5, 21460.5], [19513.5, 21457.5], [19510.5, 21457.5], [19507.5, 21454.5], [19504.5, 21454.5], [19501.5, 21451.5], [19500.0, 21451.5], [19498.5, 21453.0], [19497.0, 21453.0], [19495.5, 21454.5], [19494.0, 21454.5], [19492.5, 21453.0], [19489.5, 21453.0], [19488.0, 21454.5], [19486.5, 21454.5], [19483.5, 21457.5], [19480.5, 21457.5], [19477.5, 21460.5], [19476.0, 21460.5], [19476.0, 21465.0], [19474.5, 21466.5], [19474.5, 21468.0], [19473.0, 21469.5], [19467.0, 21469.5], [19465.5, 21468.0], [19461.0, 21468.0], [19458.0, 21465.0], [19456.5, 21465.0], [19455.0, 21463.5], [19455.0, 21478.5], [19458.0, 21478.5]]]}}, {"type": "Feature", "properties": {"class_id": 5, "classification": "Edge & Air Bubble", "area": 54.0}, "geometry": {"type": "Polygon", "coordinates": [[[19629.0, 21444.0], [19627.5, 21445.5], [19626.0, 21445.5], [19623.0, 21448.5], [19623.0, 21450.0], [19624.5, 21450.0], [19626.0, 21451.5], [19627.5, 21451.5], [19629.0, 21453.0], [19632.0, 21453.0], [19632.0, 21447.0], [19630.5, 21445.5], [19630.5, 21444.0], [19629.0, 21444.0]]]}}, {"type": "Feature", "properties": {"class_id": 5, "classification": "Edge & Air Bubble", "area": 24187.5}, "geometry": {"type": "Polygon", "coordinates": [[[18984.0, 21504.0], [18985.5, 21505.5], [18987.0, 21505.5], [18988.5, 21507.0], [18991.5, 21507.0], [18993.0, 21505.5], [18996.0, 21505.5], [18999.0, 21508.5], [18999.0, 21516.0], [19002.0, 21519.0], [19002.0, 21528.0], [19000.5, 21529.5], [19000.5, 21532.5], [18999.0, 21534.0], [18999.0, 21543.0], [18994.5, 21547.5], [18994.5, 21549.0], [18990.0, 21553.5], [18987.0, 21553.5], [18984.0, 21556.5], [18981.0, 21556.5], [18981.0, 21558.0], [18979.5, 21559.5], [18978.0, 21559.5], [18976.5, 21558.0], [18976.5, 21556.5], [18973.5, 21556.5], [18972.0, 21558.0], [18970.5, 21558.0], [18969.0, 21559.5], [18966.0, 21559.5], [18964.5, 21561.0], [18963.0, 21561.0], [18961.5, 21562.5], [18960.0, 21562.5], [18955.5, 21567.0], [18954.0, 21567.0], [18952.5, 21568.5], [18951.0, 21568.5], [18954.0, 21571.5], [18954.0, 21573.0], [18955.5, 21574.5], [18955.5, 21576.0], [18958.5, 21579.0], [18960.0, 21579.0], [18963.0, 21582.0], [18963.0, 21601.5], [18960.0, 21604.5], [18957.0, 21604.5], [18949.5, 21612.0], [18948.0, 21612.0], [18945.0, 21615.0], [18943.5, 21613.5], [18943.5, 21618.0], [18946.5, 21618.0], [18949.5, 21615.0], [18951.0, 21615.0], [18954.0, 21618.0], [18957.0, 21618.0], [18960.0, 21621.0], [18960.0, 21622.5], [18969.0, 21631.5], [18970.5, 21631.5], [18972.0, 21633.0], [18973.5, 21633.0], [18975.0, 21634.5], [18975.0, 21636.0], [18976.5, 21637.5], [18976.5, 21639.0], [18978.0, 21640.5], [18978.0, 21651.0], [18988.5, 21651.0], [18988.5, 21649.5], [18991.5, 21646.5], [18993.0, 21648.0], [18994.5, 21648.0], [18996.0, 21646.5], [18997.5, 21646.5], [19002.0, 21642.0], [19003.5, 21642.0], [19006.5, 21639.0], [19009.5, 21639.0], [19011.0, 21637.5], [19012.5, 21637.5], [19012.5, 21636.0], [19021.5, 21627.0], [19021.5, 21625.5], [19023.0, 21624.0], [19024.5, 21624.0], [19027.5, 21621.0], [19029.0, 21621.0], [19030.5, 21622.5], [19038.0, 21622.5], [19039.5, 21621.0], [19045.5, 21621.0], [19047.0, 21622.5], [19048.5, 21622.5], [19050.0, 21624.0], [19051.5, 21624.0], [19053.0, 21625.5], [19053.0, 21627.0], [19056.0, 21630.0], [19056.0, 21633.0], [19057.5, 21633.0], [19059.0, 21634.5], [19059.0, 21636.0], [19060.5, 21636.0], [19062.0, 21637.5], [19063.5, 21637.5], [19065.0, 21636.0], [19065.0, 21634.5], [19066.5, 21633.0], [19066.5, 21631.5], [19068.0, 21630.0], [19075.5, 21630.0], [19075.5, 21628.5], [19077.0, 21627.0], [19077.0, 21625.5], [19078.5, 21624.0], [19078.5, 21622.5], [19080.0, 21621.0], [19081.5, 21621.0], [19084.5, 21618.0], [19087.5, 21618.0], [19089.0, 21616.5], [19090.5, 21616.5], [19092.0, 21615.0], [19099.5, 21615.0], [19101.0, 21613.5], [19102.5, 21613.5], [19104.0, 21612.0], [19110.0, 21612.0], [19110.0, 21610.5], [19111.5, 21609.0], [19113.0, 21609.0], [19114.5, 21607.5], [19114.5, 21600.0], [19117.5, 21597.0], [19120.5, 21597.0], [19122.0, 21598.5], [19123.5, 21597.0], [19129.5, 21597.0], [19132.5, 21594.0], [19134.0, 21594.0], [19135.5, 21592.5], [19138.5, 21592.5], [19141.5, 21595.5], [19143.0, 21595.5], [19144.5, 21597.0], [19147.5, 21597.0], [19149.0, 21598.5], [19149.0, 21600.0], [19150.5, 21601.5], [19150.5, 21603.0], [19152.0, 21604.5], [19152.0, 21607.5], [19153.5, 21607.5], [19155.0, 21609.0], [19164.0, 21609.0], [19167.0, 21612.0], [19168.5, 21612.0], [19168.5, 21598.5], [19164.0, 21594.0], [19162.5, 21594.0], [19161.0, 21595.5], [19153.5, 21588.0], [19153.5, 21586.5], [19150.5, 21583.5], [19149.0, 21583.5], [19147.5, 21582.0], [19147.5, 21574.5], [19146.0, 21573.0], [19146.0, 21571.5], [19147.5, 21570.0], [19149.0, 21570.0], [19150.5, 21568.5], [19150.5, 21567.0], [19152.0, 21565.5], [19152.0, 21564.0], [19150.5, 21562.5], [19150.5, 21555.0], [19149.0, 21553.5], [19149.0, 21547.5], [19147.5, 21546.0], [19147.5, 21538.5], [19146.0, 21537.0], [19146.0, 21535.5], [19144.5, 21534.0], [19144.5, 21529.5], [19143.0, 21529.5], [19141.5, 21528.0], [19141.5, 21526.5], [19137.0, 21526.5], [19135.5, 21525.0], [19135.5, 21523.5], [19132.5, 21523.5], [19131.0, 21522.0], [19131.0, 21520.5], [19132.5, 21519.0], [19132.5, 21514.5], [19134.0, 21513.0], [19134.0, 21510.0], [19135.5, 21508.5], [19138.5, 21508.5], [19140.0, 21510.0], [19144.5, 21510.0], [19146.0, 21508.5], [19147.5, 21508.5], [19149.0, 21507.0], [19150.5, 21507.0], [19153.5, 21504.0], [19132.5, 21504.0], [19131.0, 21502.5], [19131.0, 21499.5], [19132.5, 21498.0], [19134.0, 21498.0], [19135.5, 21496.5], [19137.0, 21496.5], [19138.5, 21495.0], [19140.0, 21495.0], [19143.0, 21492.0], [19144.5, 21492.0], [19144.5, 21487.5], [19146.0, 21486.0], [19147.5, 21486.0], [19147.5, 21484.5], [19146.0, 21484.5], [19144.5, 21483.0], [19144.5, 21481.5], [19143.0, 21481.5], [19141.5, 21480.0], [19141.5, 21478.5], [19140.0, 21477.0], [19141.5, 21475.5], [19141.5, 21471.0], [19144.5, 21468.0], [19147.5, 21468.0], [19147.5, 21466.5], [19149.0, 21465.0], [19152.0, 21465.0], [19153.5, 21463.5], [19153.5, 21460.5], [19155.0, 21459.0], [19155.0, 21457.5], [19156.5, 21456.0], [19156.5, 21454.5], [19155.0, 21453.0], [19155.0, 21451.5], [19153.5, 21450.0], [19153.5, 21448.5], [19152.0, 21448.5], [19150.5, 21447.0], [19149.0, 21447.0], [19147.5, 21445.5], [19147.5, 21442.5], [19146.0, 21444.0], [19146.0, 21450.0], [19143.0, 21453.0], [19143.0, 21456.0], [19141.5, 21457.5], [19140.0, 21457.5], [19140.0, 21459.0], [19138.5, 21460.5], [19131.0, 21460.5], [19128.0, 21457.5], [19119.0, 21457.5], [19117.5, 21456.0], [19117.5, 21453.0], [19114.5, 21453.0], [19113.0, 21451.5], [19114.5, 21450.0], [19114.5, 21448.5], [19110.0, 21444.0], [19110.0, 21439.5], [19108.5, 21438.0], [19108.5, 21435.0], [19107.0, 21433.5], [19104.0, 21433.5], [19102.5, 21435.0], [19101.0, 21435.0], [19099.5, 21433.5], [19093.5, 21433.5], [19092.0, 21435.0], [19092.0, 21436.5], [19090.5, 21438.0], [19090.5, 21441.0], [19092.0, 21442.5], [19092.0, 21444.0], [19090.5, 21445.5], [19090.5, 21447.0], [19089.0, 21448.5], [19089.0, 21451.5], [19087.5, 21453.0], [19087.5, 21468.0], [19086.0, 21469.5], [19086.0, 21471.0], [19087.5, 21472.5], [19086.0, 21474.0], [19086.0, 21478.5], [19083.0, 21481.5], [19083.0, 21483.0], [19081.5, 21484.5], [19080.0, 21484.5], [19080.0, 21486.0], [19078.5, 21487.5], [19078.5, 21489.0], [19077.0, 21490.5], [19075.5, 21490.5], [19072.5, 21487.5], [19072.5, 21486.0], [19071.0, 21484.5], [19068.0, 21484.5], [19066.5, 21486.0], [19066.5, 21492.0], [19065.0, 21493.5], [19065.0, 21496.5], [19068.0, 21499.5], [19066.5, 21501.0], [19066.5, 21502.5], [19065.0, 21504.0], [19057.5, 21504.0], [19056.0, 21505.5], [19056.0, 21507.0], [19060.5, 21507.0], [19062.0, 21508.5], [19062.0, 21510.0], [19060.5, 21511.5], [19051.5, 21511.5], [19050.0, 21510.0], [19051.5, 21508.5], [19050.0, 21508.5], [19048.5, 21507.0], [19045.5, 21507.0], [19042.5, 21504.0], [19027.5, 21504.0], [19024.5, 21501.0], [19024.5, 21499.5], [19020.0, 21499.5], [19018.5, 21498.0], [19017.0, 21498.0], [19015.5, 21499.5], [19011.0, 21499.5], [19011.0, 21502.5], [19009.5, 21504.0], [18984.0, 21504.0]]]}}, {"type": "Feature", "properties": {"class_id": 5, "classification": "Edge & Air Bubble", "area": 3520.125}, "geometry": {"type": "Polygon", "coordinates": [[[19705.5, 21424.5], [19705.5, 21427.5], [19704.0, 21429.0], [19704.0, 21435.0], [19702.5, 21436.5], [19702.5, 21441.0], [19698.0, 21445.5], [19698.0, 21448.5], [19696.5, 21450.0], [19696.5, 21462.0], [19695.0, 21463.5], [19695.0, 21471.0], [19696.5, 21472.5], [19696.5, 21477.0], [19701.0, 21481.5], [19701.0, 21483.0], [19702.5, 21483.0], [19704.0, 21484.5], [19701.0, 21487.5], [19701.0, 21498.0], [19699.5, 21499.5], [19698.0, 21499.5], [19698.0, 21501.0], [19696.5, 21502.5], [19699.5, 21502.5], [19701.0, 21504.0], [19701.0, 21513.0], [19702.5, 21513.0], [19702.5, 21505.5], [19704.0, 21504.0], [19705.5, 21505.5], [19705.5, 21507.0], [19707.0, 21508.5], [19710.0, 21508.5], [19711.5, 21507.0], [19719.0, 21507.0], [19720.5, 21505.5], [19720.5, 21504.0], [19722.0, 21502.5], [19753.5, 21502.5], [19750.5, 21499.5], [19752.0, 21498.0], [19753.5, 21498.0], [19753.5, 21493.5], [19756.5, 21490.5], [19756.5, 21489.0], [19759.5, 21486.0], [19759.5, 21484.5], [19761.0, 21483.0], [19762.5, 21483.0], [19764.0, 21481.5], [19765.5, 21481.5], [19767.0, 21480.0], [19779.0, 21480.0], [19779.0, 21478.5], [19780.5, 21477.0], [19777.5, 21474.0], [19776.0, 21474.0], [19774.5, 21472.5], [19765.5, 21472.5], [19762.5, 21469.5], [19758.0, 21469.5], [19756.5, 21468.0], [19755.0, 21468.0], [19753.5, 21466.5], [19749.0, 21466.5], [19747.5, 21465.0], [19747.5, 21463.5], [19744.5, 21460.5], [19743.0, 21460.5], [19741.5, 21459.0], [19737.0, 21459.0], [19735.5, 21457.5], [19735.5, 21454.5], [19732.5, 21451.5], [19732.5, 21450.0], [19731.0, 21448.5], [19728.0, 21448.5], [19726.5, 21447.0], [19726.5, 21442.5], [19725.0, 21442.5], [19720.5, 21438.0], [19720.5, 21436.5], [19717.5, 21433.5], [19716.0, 21433.5], [19714.5, 21432.0], [19714.5, 21430.5], [19713.0, 21429.0], [19713.0, 21427.5], [19710.0, 21427.5], [19708.5, 21426.0], [19707.0, 21426.0], [19705.5, 21424.5]]]}}, {"type": "Feature", "properties": {"class_id": 5, "classification": "Edge & Air Bubble", "area": 106.875}, "geometry": {"type": "Polygon", "coordinates": [[[19627.5, 21418.5], [19626.0, 21418.5], [19629.0, 21421.5], [19629.0, 21430.5], [19630.5, 21432.0], [19630.5, 21435.0], [19632.0, 21436.5], [19636.5, 21432.0], [19636.5, 21429.0], [19635.0, 21427.5], [19635.0, 21426.0], [19632.0, 21423.0], [19633.5, 21421.5], [19633.5, 21415.5], [19630.5, 21415.5], [19627.5, 21418.5]]]}}, {"type": "Feature", "properties": {"class_id": 5, "classification": "Edge & Air Bubble", "area": 2.25}, "geometry": {"type": "Polygon", "coordinates": [[[19461.0, 21409.5], [19459.5, 21411.0], [19461.0, 21411.0], [19462.5, 21409.5], [19461.0, 21409.5]]]}}, {"type": "Feature", "properties": {"class_id": 5, "classification": "Edge & Air Bubble", "area": 28.125}, "geometry": {"type": "Polygon", "coordinates": [[[19479.0, 21403.5], [19477.5, 21405.0], [19476.0, 21405.0], [19479.0, 21408.0], [19480.5, 21408.0], [19482.0, 21409.5], [19483.5, 21409.5], [19485.0, 21411.0], [19486.5, 21409.5], [19483.5, 21406.5], [19482.0, 21406.5], [19480.5, 21405.0], [19480.5, 21403.5], [19479.0, 21403.5]]]}}, {"type": "Feature", "properties": {"class_id": 5, "classification": "Edge & Air Bubble", "area": 36.0}, "geometry": {"type": "Polygon", "coordinates": [[[19576.5, 21400.5], [19576.5, 21405.0], [19575.0, 21406.5], [19575.0, 21414.0], [19579.5, 21414.0], [19579.5, 21409.5], [19578.0, 21409.5], [19576.5, 21408.0], [19576.5, 21406.5], [19578.0, 21405.0], [19578.0, 21399.0], [19576.5, 21400.5]]]}}, {"type": "Feature", "properties": {"class_id": 5, "classification": "Edge & Air Bubble", "area": 40.5}, "geometry": {"type": "Polygon", "coordinates": [[[19596.0, 21391.5], [19596.0, 21393.0], [19594.5, 21394.5], [19594.5, 21402.0], [19599.0, 21402.0], [19599.0, 21394.5], [19597.5, 21393.0], [19597.5, 21391.5], [19596.0, 21391.5]]]}}, {"type": "Feature", "properties": {"class_id": 5, "classification": "Edge & Air Bubble", "area": 1608.75}, "geometry": {"type": "Polygon", "coordinates": [[[19078.5, 21391.5], [19075.5, 21394.5], [19071.0, 21394.5], [19071.0, 21396.0], [19068.0, 21399.0], [19068.0, 21403.5], [19066.5, 21405.0], [19066.5, 21406.5], [19065.0, 21408.0], [19065.0, 21409.5], [19059.0, 21415.5], [19057.5, 21415.5], [19054.5, 21418.5], [19047.0, 21418.5], [19047.0, 21423.0], [19045.5, 21424.5], [19044.0, 21424.5], [19044.0, 21426.0], [19042.5, 21427.5], [19041.0, 21427.5], [19039.5, 21429.0], [19039.5, 21430.5], [19038.0, 21432.0], [19036.5, 21432.0], [19033.5, 21429.0], [19029.0, 21429.0], [19027.5, 21430.5], [19027.5, 21435.0], [19026.0, 21436.5], [19026.0, 21438.0], [19024.5, 21439.5], [19024.5, 21441.0], [19026.0, 21442.5], [19026.0, 21444.0], [19027.5, 21444.0], [19029.0, 21442.5], [19036.5, 21442.5], [19038.0, 21441.0], [19042.5, 21441.0], [19044.0, 21439.5], [19045.5, 21439.5], [19047.0, 21438.0], [19053.0, 21438.0], [19056.0, 21441.0], [19057.5, 21441.0], [19059.0, 21442.5], [19059.0, 21444.0], [19060.5, 21444.0], [19062.0, 21445.5], [19062.0, 21447.0], [19063.5, 21448.5], [19063.5, 21450.0], [19065.0, 21451.5], [19065.0, 21465.0], [19066.5, 21466.5], [19066.5, 21468.0], [19068.0, 21468.0], [19068.0, 21462.0], [19069.5, 21460.5], [19069.5, 21454.5], [19072.5, 21451.5], [19072.5, 21441.0], [19075.5, 21438.0], [19077.0, 21438.0], [19080.0, 21435.0], [19084.5, 21435.0], [19086.0, 21433.5], [19084.5, 21433.5], [19080.0, 21429.0], [19080.0, 21421.5], [19078.5, 21420.0], [19078.5, 21412.5], [19080.0, 21411.0], [19080.0, 21408.0], [19081.5, 21406.5], [19081.5, 21405.0], [19084.5, 21402.0], [19084.5, 21399.0], [19087.5, 21396.0], [19089.0, 21396.0], [19089.0, 21394.5], [19090.5, 21393.0], [19090.5, 21391.5], [19078.5, 21391.5]]]}}, {"type": "Feature", "properties": {"class_id": 5, "classification": "Edge & Air Bubble", "area": 36.0}, "geometry": {"type": "Polygon", "coordinates": [[[19474.5, 21390.0], [19473.0, 21391.5], [19473.0, 21394.5], [19471.5, 21396.0], [19473.0, 21397.5], [19473.0, 21399.0], [19476.0, 21399.0], [19477.5, 21400.5], [19479.0, 21400.5], [19477.5, 21399.0], [19477.5, 21396.0], [19476.0, 21394.5], [19476.0, 21390.0], [19474.5, 21390.0]]]}}, {"type": "Feature", "properties": {"class_id": 5, "classification": "Edge & Air Bubble", "area": 21.375}, "geometry": {"type": "Polygon", "coordinates": [[[19717.5, 21382.5], [19717.5, 21384.0], [19719.0, 21385.5], [19719.0, 21388.5], [19720.5, 21390.0], [19723.5, 21387.0], [19723.5, 21384.0], [19722.0, 21384.0], [19720.5, 21385.5], [19717.5, 21382.5]]]}}, {"type": "Feature", "properties": {"class_id": 5, "classification": "Edge & Air Bubble", "area": 2.25}, "geometry": {"type": "Polygon", "coordinates": [[[19573.5, 21381.0], [19573.5, 21382.5], [19575.0, 21384.0], [19575.0, 21382.5], [19573.5, 21381.0]]]}}, {"type": "Feature", "properties": {"class_id": 5, "classification": "Edge & Air Bubble", "area": 4.5}, "geometry": {"type": "Polygon", "coordinates": [[[19380.0, 21367.5], [19380.0, 21369.0], [19383.0, 21369.0], [19383.0, 21367.5], [19380.0, 21367.5]]]}}, {"type": "Feature", "properties": {"class_id": 5, "classification": "Edge & Air Bubble", "area": 43.875}, "geometry": {"type": "Polygon", "coordinates": [[[18906.0, 21363.0], [18906.0, 21366.0], [18904.5, 21367.5], [18903.0, 21367.5], [18903.0, 21372.0], [18904.5, 21372.0], [18906.0, 21370.5], [18909.0, 21370.5], [18909.0, 21369.0], [18910.5, 21367.5], [18910.5, 21363.0], [18906.0, 21363.0]]]}}, {"type": "Feature", "properties": {"class_id": 5, "classification": "Edge & Air Bubble", "area": 30.375}, "geometry": {"type": "Polygon", "coordinates": [[[19492.5, 21358.5], [19489.5, 21361.5], [19488.0, 21360.0], [19488.0, 21369.0], [19492.5, 21364.5], [19492.5, 21360.0], [19494.0, 21358.5], [19492.5, 21358.5]]]}}, {"type": "Feature", "properties": {"class_id": 5, "classification": "Edge & Air Bubble", "area": 203.625}, "geometry": {"type": "Polygon", "coordinates": [[[19320.0, 21357.0], [19317.0, 21360.0], [19315.5, 21358.5], [19312.5, 21361.5], [19311.0, 21361.5], [19311.0, 21366.0], [19309.5, 21367.5], [19309.5, 21369.0], [19308.0, 21370.5], [19308.0, 21378.0], [19309.5, 21379.5], [19309.5, 21382.5], [19311.0, 21384.0], [19311.0, 21382.5], [19312.5, 21381.0], [19312.5, 21379.5], [19314.0, 21378.0], [19315.5, 21378.0], [19315.5, 21376.5], [19317.0, 21375.0], [19317.0, 21373.5], [19318.5, 21372.0], [19318.5, 21369.0], [19321.5, 21366.0], [19321.5, 21361.5], [19323.0, 21360.0], [19323.0, 21358.5], [19321.5, 21357.0], [19320.0, 21357.0]]]}}, {"type": "Feature", "properties": {"class_id": 5, "classification": "Edge & Air Bubble", "area": 1697.625}, "geometry": {"type": "Polygon", "coordinates": [[[19407.0, 21355.5], [19405.5, 21357.0], [19405.5, 21358.5], [19404.0, 21360.0], [19404.0, 21363.0], [19402.5, 21364.5], [19399.5, 21364.5], [19398.0, 21366.0], [19399.5, 21367.5], [19399.5, 21372.0], [19401.0, 21373.5], [19401.0, 21378.0], [19393.5, 21385.5], [19393.5, 21387.0], [19392.0, 21388.5], [19389.0, 21388.5], [19387.5, 21387.0], [19387.5, 21385.5], [19381.5, 21385.5], [19381.5, 21393.0], [19380.0, 21394.5], [19380.0, 21414.0], [19381.5, 21415.5], [19381.5, 21417.0], [19383.0, 21418.5], [19383.0, 21420.0], [19384.5, 21421.5], [19384.5, 21427.5], [19386.0, 21426.0], [19389.0, 21429.0], [19390.5, 21429.0], [19392.0, 21430.5], [19396.5, 21430.5], [19398.0, 21432.0], [19399.5, 21432.0], [19401.0, 21433.5], [19401.0, 21435.0], [19405.5, 21435.0], [19407.0, 21433.5], [19408.5, 21433.5], [19410.0, 21432.0], [19411.5, 21432.0], [19413.0, 21433.5], [19416.0, 21433.5], [19414.5, 21432.0], [19414.5, 21430.5], [19416.0, 21429.0], [19416.0, 21418.5], [19414.5, 21417.0], [19414.5, 21415.5], [19413.0, 21414.0], [19416.0, 21411.0], [19416.0, 21408.0], [19414.5, 21406.5], [19414.5, 21403.5], [19416.0, 21402.0], [19417.5, 21402.0], [19416.0, 21400.5], [19414.5, 21400.5], [19407.0, 21393.0], [19407.0, 21391.5], [19405.5, 21390.0], [19405.5, 21387.0], [19407.0, 21385.5], [19407.0, 21382.5], [19408.5, 21381.0], [19408.5, 21373.5], [19410.0, 21372.0], [19410.0, 21367.5], [19408.5, 21366.0], [19408.5, 21364.5], [19410.0, 21363.0], [19411.5, 21363.0], [19411.5, 21360.0], [19413.0, 21358.5], [19411.5, 21357.0], [19410.0, 21357.0], [19408.5, 21355.5], [19407.0, 21355.5]]]}}, {"type": "Feature", "properties": {"class_id": 5, "classification": "Edge & Air Bubble", "area": 46.125}, "geometry": {"type": "Polygon", "coordinates": [[[18891.0, 21354.0], [18891.0, 21360.0], [18892.5, 21361.5], [18891.0, 21363.0], [18891.0, 21366.0], [18894.0, 21369.0], [18897.0, 21366.0], [18898.5, 21366.0], [18898.5, 21363.0], [18895.5, 21363.0], [18892.5, 21360.0], [18892.5, 21355.5], [18891.0, 21354.0]]]}}, {"type": "Feature", "properties": {"class_id": 5, "classification": "Edge & Air Bubble", "area": 106.875}, "geometry": {"type": "Polygon", "coordinates": [[[19149.0, 21355.5], [19152.0, 21358.5], [19153.5, 21358.5], [19155.0, 21360.0], [19156.5, 21360.0], [19158.0, 21361.5], [19158.0, 21360.0], [19159.5, 21358.5], [19159.5, 21354.0], [19162.5, 21351.0], [19153.5, 21351.0], [19152.0, 21349.5], [19150.5, 21349.5], [19152.0, 21351.0], [19149.0, 21354.0], [19149.0, 21355.5]]]}}, {"type": "Feature", "properties": {"class_id": 5, "classification": "Edge & Air Bubble", "area": 3.375}, "geometry": {"type": "Polygon", "coordinates": [[[19104.0, 21351.0], [19105.5, 21351.0], [19105.5, 21349.5], [19102.5, 21349.5], [19104.0, 21351.0]]]}}, {"type": "Feature", "properties": {"class_id": 5, "classification": "Edge & Air Bubble", "area": 300.375}, "geometry": {"type": "Polygon", "coordinates": [[[19641.0, 21346.5], [19639.5, 21348.0], [19638.0, 21348.0], [19636.5, 21349.5], [19636.5, 21351.0], [19639.5, 21351.0], [19641.0, 21352.5], [19641.0, 21360.0], [19642.5, 21360.0], [19644.0, 21361.5], [19644.0, 21363.0], [19648.5, 21363.0], [19650.0, 21364.5], [19650.0, 21366.0], [19651.5, 21366.0], [19653.0, 21367.5], [19653.0, 21369.0], [19654.5, 21369.0], [19656.0, 21370.5], [19656.0, 21367.5], [19657.5, 21366.0], [19657.5, 21360.0], [19660.5, 21357.0], [19660.5, 21355.5], [19662.0, 21354.0], [19663.5, 21354.0], [19663.5, 21352.5], [19656.0, 21352.5], [19653.0, 21349.5], [19650.0, 21349.5], [19648.5, 21348.0], [19647.0, 21348.0], [19645.5, 21346.5], [19641.0, 21346.5]]]}}, {"type": "Feature", "properties": {"class_id": 5, "classification": "Edge & Air Bubble", "area": 46.125}, "geometry": {"type": "Polygon", "coordinates": [[[19503.0, 21345.0], [19503.0, 21346.5], [19500.0, 21349.5], [19500.0, 21354.0], [19501.5, 21354.0], [19501.5, 21352.5], [19503.0, 21351.0], [19507.5, 21351.0], [19507.5, 21349.5], [19509.0, 21348.0], [19509.0, 21346.5], [19507.5, 21345.0], [19503.0, 21345.0]]]}}, {"type": "Feature", "properties": {"class_id": 5, "classification": "Edge & Air Bubble", "area": 597.375}, "geometry": {"type": "Polygon", "coordinates": [[[18978.0, 21340.5], [18975.0, 21343.5], [18975.0, 21346.5], [18973.5, 21348.0], [18972.0, 21348.0], [18967.5, 21352.5], [18966.0, 21352.5], [18966.0, 21354.0], [18964.5, 21355.5], [18963.0, 21355.5], [18963.0, 21357.0], [18961.5, 21358.5], [18960.0, 21358.5], [18957.0, 21361.5], [18957.0, 21369.0], [18958.5, 21370.5], [18958.5, 21372.0], [18960.0, 21373.5], [18960.0, 21379.5], [18963.0, 21382.5], [18970.5, 21382.5], [18972.0, 21381.0], [18976.5, 21381.0], [18976.5, 21373.5], [18979.5, 21370.5], [18979.5, 21358.5], [18978.0, 21357.0], [18978.0, 21355.5], [18976.5, 21354.0], [18976.5, 21351.0], [18978.0, 21349.5], [18978.0, 21345.0], [18979.5, 21343.5], [18979.5, 21340.5], [18978.0, 21340.5]]]}}, {"type": "Feature", "properties": {"class_id": 5, "classification": "Edge & Air Bubble", "area": 65.25}, "geometry": {"type": "Polygon", "coordinates": [[[19425.0, 21339.0], [19423.5, 21340.5], [19417.5, 21340.5], [19417.5, 21342.0], [19419.0, 21343.5], [19419.0, 21345.0], [19420.5, 21345.0], [19422.0, 21346.5], [19426.5, 21346.5], [19429.5, 21343.5], [19429.5, 21340.5], [19431.0, 21339.0], [19429.5, 21339.0], [19428.0, 21340.5], [19426.5, 21339.0], [19425.0, 21339.0]]]}}, {"type": "Feature", "properties": {"class_id": 5, "classification": "Edge & Air Bubble", "area": 600.75}, "geometry": {"type": "Polygon", "coordinates": [[[19683.0, 21336.0], [19681.5, 21337.5], [19674.0, 21337.5], [19672.5, 21339.0], [19672.5, 21342.0], [19671.0, 21343.5], [19674.0, 21346.5], [19674.0, 21348.0], [19675.5, 21349.5], [19675.5, 21351.0], [19677.0, 21352.5], [19677.0, 21357.0], [19678.5, 21357.0], [19681.5, 21360.0], [19684.5, 21360.0], [19686.0, 21361.5], [19687.5, 21361.5], [19689.0, 21363.0], [19692.0, 21363.0], [19695.0, 21366.0], [19699.5, 21366.0], [19699.5, 21360.0], [19702.5, 21357.0], [19702.5, 21355.5], [19704.0, 21354.0], [19705.5, 21354.0], [19705.5, 21352.5], [19707.0, 21351.0], [19707.0, 21349.5], [19704.0, 21346.5], [19693.5, 21346.5], [19690.5, 21343.5], [19690.5, 21337.5], [19689.0, 21336.0], [19687.5, 21337.5], [19686.0, 21336.0], [19683.0, 21336.0]]]}}, {"type": "Feature", "properties": {"class_id": 5, "classification": "Edge & Air Bubble", "area": 74.25}, "geometry": {"type": "Polygon", "coordinates": [[[19533.0, 21334.5], [19531.5, 21336.0], [19530.0, 21336.0], [19528.5, 21337.5], [19527.0, 21337.5], [19525.5, 21339.0], [19525.5, 21340.5], [19527.0, 21342.0], [19533.0, 21342.0], [19534.5, 21340.5], [19539.0, 21340.5], [19540.5, 21339.0], [19537.5, 21336.0], [19537.5, 21334.5], [19533.0, 21334.5]]]}}, {"type": "Feature", "properties": {"class_id": 5, "classification": "Edge & Air Bubble", "area": 258.75}, "geometry": {"type": "Polygon", "coordinates": [[[19347.0, 21331.5], [19345.5, 21333.0], [19344.0, 21333.0], [19342.5, 21334.5], [19339.5, 21334.5], [19338.0, 21336.0], [19338.0, 21337.5], [19336.5, 21339.0], [19336.5, 21342.0], [19335.0, 21343.5], [19332.0, 21343.5], [19329.0, 21346.5], [19327.5, 21346.5], [19327.5, 21348.0], [19330.5, 21351.0], [19336.5, 21351.0], [19339.5, 21348.0], [19342.5, 21348.0], [19344.0, 21349.5], [19345.5, 21348.0], [19348.5, 21351.0], [19348.5, 21348.0], [19350.0, 21346.5], [19350.0, 21345.0], [19351.5, 21343.5], [19351.5, 21337.5], [19350.0, 21337.5], [19348.5, 21336.0], [19348.5, 21331.5], [19347.0, 21331.5]]]}}, {"type": "Feature", "properties": {"class_id": 5, "classification": "Edge & Air Bubble", "area": 4.5}, "geometry": {"type": "Polygon", "coordinates": [[[19468.5, 21325.5], [19468.5, 21327.0], [19471.5, 21327.0], [19471.5, 21325.5], [19468.5, 21325.5]]]}}, {"type": "Feature", "properties": {"class_id": 5, "classification": "Edge & Air Bubble", "area": 34.875}, "geometry": {"type": "Polygon", "coordinates": [[[19024.5, 21319.5], [19023.0, 21321.0], [19021.5, 21321.0], [19020.0, 21322.5], [19020.0, 21327.0], [19024.5, 21327.0], [19024.5, 21325.5], [19026.0, 21324.0], [19026.0, 21319.5], [19024.5, 21319.5]]]}}, {"type": "Feature", "properties": {"class_id": 5, "classification": "Edge & Air Bubble", "area": 202.5}, "geometry": {"type": "Polygon", "coordinates": [[[19311.0, 21313.5], [19306.5, 21318.0], [19305.0, 21318.0], [19305.0, 21321.0], [19312.5, 21328.5], [19318.5, 21328.5], [19320.0, 21327.0], [19321.5, 21327.0], [19321.5, 21325.5], [19326.0, 21321.0], [19326.0, 21319.5], [19324.5, 21318.0], [19323.0, 21318.0], [19321.5, 21316.5], [19318.5, 21316.5], [19317.0, 21315.0], [19312.5, 21315.0], [19311.0, 21313.5]]]}}, {"type": "Feature", "properties": {"class_id": 5, "classification": "Edge & Air Bubble", "area": 6.75}, "geometry": {"type": "Polygon", "coordinates": [[[18943.5, 21301.5], [18943.5, 21306.0], [18945.0, 21306.0], [18945.0, 21301.5], [18943.5, 21301.5]]]}}, {"type": "Feature", "properties": {"class_id": 5, "classification": "Edge & Air Bubble", "area": 25.875}, "geometry": {"type": "Polygon", "coordinates": [[[19303.5, 21294.0], [19300.5, 21297.0], [19300.5, 21298.5], [19302.0, 21300.0], [19303.5, 21300.0], [19306.5, 21297.0], [19306.5, 21294.0], [19303.5, 21294.0]]]}}, {"type": "Feature", "properties": {"class_id": 5, "classification": "Edge & Air Bubble", "area": 750.375}, "geometry": {"type": "Polygon", "coordinates": [[[19122.0, 21271.5], [19119.0, 21274.5], [19119.0, 21276.0], [19108.5, 21286.5], [19107.0, 21286.5], [19107.0, 21288.0], [19108.5, 21288.0], [19110.0, 21289.5], [19110.0, 21291.0], [19113.0, 21294.0], [19114.5, 21294.0], [19116.0, 21295.5], [19116.0, 21309.0], [19114.5, 21310.5], [19114.5, 21315.0], [19116.0, 21316.5], [19116.0, 21321.0], [19117.5, 21322.5], [19117.5, 21324.0], [19119.0, 21325.5], [19117.5, 21327.0], [19119.0, 21328.5], [19119.0, 21336.0], [19117.5, 21337.5], [19116.0, 21337.5], [19116.0, 21340.5], [19110.0, 21346.5], [19111.5, 21348.0], [19120.5, 21348.0], [19122.0, 21346.5], [19125.0, 21346.5], [19126.5, 21345.0], [19126.5, 21340.5], [19128.0, 21339.0], [19125.0, 21336.0], [19125.0, 21333.0], [19123.5, 21331.5], [19123.5, 21324.0], [19122.0, 21322.5], [19123.5, 21321.0], [19126.5, 21321.0], [19126.5, 21319.5], [19128.0, 21318.0], [19128.0, 21316.5], [19126.5, 21315.0], [19126.5, 21313.5], [19125.0, 21312.0], [19125.0, 21307.5], [19123.5, 21306.0], [19123.5, 21303.0], [19122.0, 21304.5], [19120.5, 21303.0], [19120.5, 21301.5], [19119.0, 21300.0], [19120.5, 21298.5], [19120.5, 21292.5], [19119.0, 21291.0], [19119.0, 21289.5], [19120.5, 21288.0], [19123.5, 21288.0], [19125.0, 21286.5], [19126.5, 21286.5], [19128.0, 21285.0], [19129.5, 21285.0], [19129.5, 21283.5], [19131.0, 21282.0], [19134.0, 21282.0], [19137.0, 21279.0], [19138.5, 21279.0], [19138.5, 21277.5], [19131.0, 21277.5], [19129.5, 21276.0], [19129.5, 21274.5], [19128.0, 21273.0], [19125.0, 21273.0], [19123.5, 21271.5], [19122.0, 21271.5]]]}}, {"type": "Feature", "properties": {"class_id": 5, "classification": "Edge & Air Bubble", "area": 46.125}, "geometry": {"type": "Polygon", "coordinates": [[[19038.0, 21262.5], [19038.0, 21264.0], [19036.5, 21265.5], [19036.5, 21267.0], [19038.0, 21267.0], [19042.5, 21271.5], [19045.5, 21268.5], [19045.5, 21267.0], [19041.0, 21262.5], [19038.0, 21262.5]]]}}, {"type": "Feature", "properties": {"class_id": 5, "classification": "Edge & Air Bubble", "area": 1162.125}, "geometry": {"type": "Polygon", "coordinates": [[[19413.0, 21259.5], [19410.0, 21262.5], [19408.5, 21262.5], [19405.5, 21265.5], [19404.0, 21265.5], [19402.5, 21267.0], [19401.0, 21267.0], [19399.5, 21268.5], [19398.0, 21268.5], [19395.0, 21271.5], [19393.5, 21271.5], [19393.5, 21273.0], [19392.0, 21274.5], [19392.0, 21289.5], [19387.5, 21294.0], [19386.0, 21294.0], [19384.5, 21292.5], [19354.5, 21292.5], [19354.5, 21294.0], [19353.0, 21295.5], [19353.0, 21298.5], [19354.5, 21300.0], [19354.5, 21304.5], [19359.0, 21304.5], [19360.5, 21306.0], [19360.5, 21307.5], [19359.0, 21309.0], [19360.5, 21310.5], [19362.0, 21309.0], [19366.5, 21309.0], [19369.5, 21306.0], [19369.5, 21304.5], [19371.0, 21303.0], [19381.5, 21303.0], [19383.0, 21301.5], [19387.5, 21301.5], [19389.0, 21303.0], [19390.5, 21301.5], [19393.5, 21301.5], [19395.0, 21303.0], [19396.5, 21303.0], [19396.5, 21301.5], [19398.0, 21300.0], [19399.5, 21300.0], [19401.0, 21298.5], [19401.0, 21295.5], [19399.5, 21294.0], [19399.5, 21292.5], [19402.5, 21289.5], [19402.5, 21288.0], [19404.0, 21286.5], [19405.5, 21286.5], [19407.0, 21285.0], [19408.5, 21285.0], [19408.5, 21283.5], [19410.0, 21282.0], [19411.5, 21282.0], [19411.5, 21280.5], [19413.0, 21279.0], [19417.5, 21279.0], [19419.0, 21280.5], [19420.5, 21279.0], [19422.0, 21279.0], [19426.5, 21274.5], [19426.5, 21270.0], [19423.5, 21267.0], [19423.5, 21265.5], [19419.0, 21265.5], [19414.5, 21261.0], [19414.5, 21259.5], [19413.0, 21259.5]]]}}, {"type": "Feature", "properties": {"class_id": 5, "classification": "Edge & Air Bubble", "area": 317.25}, "geometry": {"type": "Polygon", "coordinates": [[[19617.0, 21237.0], [19614.0, 21240.0], [19614.0, 21249.0], [19615.5, 21250.5], [19615.5, 21253.5], [19617.0, 21255.0], [19617.0, 21259.5], [19620.0, 21262.5], [19620.0, 21265.5], [19621.5, 21267.0], [19621.5, 21270.0], [19623.0, 21271.5], [19623.0, 21274.5], [19624.5, 21276.0], [19626.0, 21276.0], [19627.5, 21277.5], [19629.0, 21276.0], [19630.5, 21276.0], [19630.5, 21274.5], [19633.5, 21271.5], [19633.5, 21265.5], [19632.0, 21265.5], [19627.5, 21261.0], [19627.5, 21259.5], [19626.0, 21259.5], [19624.5, 21258.0], [19624.5, 21253.5], [19623.0, 21252.0], [19623.0, 21250.5], [19621.5, 21249.0], [19621.5, 21246.0], [19620.0, 21244.5], [19620.0, 21243.0], [19618.5, 21241.5], [19618.5, 21238.5], [19617.0, 21237.0]]]}}, {"type": "Feature", "properties": {"class_id": 5, "classification": "Edge & Air Bubble", "area": 216.0}, "geometry": {"type": "Polygon", "coordinates": [[[18990.0, 21219.0], [18988.5, 21220.5], [18987.0, 21220.5], [18985.5, 21222.0], [18984.0, 21222.0], [18982.5, 21223.5], [18981.0, 21223.5], [18978.0, 21226.5], [18976.5, 21226.5], [18975.0, 21225.0], [18972.0, 21225.0], [18970.5, 21226.5], [18969.0, 21226.5], [18969.0, 21232.5], [18970.5, 21234.0], [18975.0, 21234.0], [18976.5, 21235.5], [18978.0, 21235.5], [18979.5, 21234.0], [18982.5, 21234.0], [18982.5, 21232.5], [18985.5, 21229.5], [18990.0, 21229.5], [18991.5, 21228.0], [18991.5, 21226.5], [18994.5, 21223.5], [18994.5, 21220.5], [18993.0, 21220.5], [18991.5, 21219.0], [18990.0, 21219.0]]]}}, {"type": "Feature", "properties": {"class_id": 5, "classification": "Edge & Air Bubble", "area": 1065.375}, "geometry": {"type": "Polygon", "coordinates": [[[19347.0, 21217.5], [19347.0, 21219.0], [19344.0, 21222.0], [19344.0, 21223.5], [19341.0, 21226.5], [19341.0, 21228.0], [19335.0, 21234.0], [19335.0, 21240.0], [19333.5, 21241.5], [19332.0, 21241.5], [19332.0, 21243.0], [19330.5, 21244.5], [19330.5, 21246.0], [19332.0, 21247.5], [19332.0, 21249.0], [19335.0, 21249.0], [19338.0, 21252.0], [19338.0, 21259.5], [19335.0, 21262.5], [19335.0, 21267.0], [19347.0, 21267.0], [19350.0, 21264.0], [19354.5, 21264.0], [19354.5, 21258.0], [19356.0, 21256.5], [19356.0, 21252.0], [19354.5, 21250.5], [19354.5, 21237.0], [19356.0, 21235.5], [19357.5, 21235.5], [19359.0, 21234.0], [19357.5, 21232.5], [19359.0, 21231.0], [19369.5, 21231.0], [19369.5, 21229.5], [19371.0, 21228.0], [19372.5, 21228.0], [19374.0, 21226.5], [19375.5, 21226.5], [19377.0, 21225.0], [19377.0, 21223.5], [19378.5, 21222.0], [19378.5, 21217.5], [19377.0, 21217.5], [19374.0, 21220.5], [19371.0, 21220.5], [19369.5, 21222.0], [19368.0, 21222.0], [19366.5, 21220.5], [19357.5, 21220.5], [19356.0, 21219.0], [19354.5, 21220.5], [19353.0, 21220.5], [19351.5, 21219.0], [19350.0, 21219.0], [19348.5, 21217.5], [19347.0, 21217.5]]]}}, {"type": "Feature", "properties": {"class_id": 5, "classification": "Edge & Air Bubble", "area": 27.0}, "geometry": {"type": "Polygon", "coordinates": [[[19006.5, 21211.5], [19005.0, 21213.0], [19005.0, 21214.5], [19006.5, 21216.0], [19009.5, 21216.0], [19012.5, 21213.0], [19012.5, 21211.5], [19006.5, 21211.5]]]}}, {"type": "Feature", "properties": {"class_id": 5, "classification": "Edge & Air Bubble", "area": 6.75}, "geometry": {"type": "Polygon", "coordinates": [[[19227.0, 21193.5], [19227.0, 21196.5], [19228.5, 21196.5], [19230.0, 21195.0], [19228.5, 21193.5], [19227.0, 21193.5]]]}}, {"type": "Feature", "properties": {"class_id": 5, "classification": "Edge & Air Bubble", "area": 1179.0}, "geometry": {"type": "Polygon", "coordinates": [[[19072.5, 21190.5], [19068.0, 21195.0], [19065.0, 21195.0], [19063.5, 21196.5], [19062.0, 21196.5], [19062.0, 21198.0], [19060.5, 21199.5], [19059.0, 21199.5], [19059.0, 21201.0], [19057.5, 21202.5], [19056.0, 21202.5], [19056.0, 21210.0], [19057.5, 21210.0], [19059.0, 21211.5], [19059.0, 21214.5], [19062.0, 21217.5], [19062.0, 21219.0], [19063.5, 21219.0], [19065.0, 21220.5], [19065.0, 21222.0], [19068.0, 21222.0], [19069.5, 21223.5], [19071.0, 21223.5], [19072.5, 21225.0], [19078.5, 21225.0], [19078.5, 21220.5], [19080.0, 21219.0], [19081.5, 21219.0], [19081.5, 21217.5], [19083.0, 21216.0], [19084.5, 21216.0], [19087.5, 21213.0], [19089.0, 21214.5], [19090.5, 21214.5], [19092.0, 21213.0], [19093.5, 21213.0], [19095.0, 21211.5], [19096.5, 21211.5], [19098.0, 21213.0], [19099.5, 21213.0], [19101.0, 21214.5], [19102.5, 21214.5], [19102.5, 21211.5], [19107.0, 21207.0], [19108.5, 21207.0], [19110.0, 21205.5], [19110.0, 21202.5], [19108.5, 21201.0], [19108.5, 21199.5], [19107.0, 21198.0], [19107.0, 21196.5], [19102.5, 21192.0], [19101.0, 21192.0], [19099.5, 21190.5], [19095.0, 21190.5], [19095.0, 21192.0], [19093.5, 21193.5], [19086.0, 21193.5], [19084.5, 21195.0], [19083.0, 21195.0], [19081.5, 21193.5], [19080.0, 21193.5], [19077.0, 21190.5], [19072.5, 21190.5]]]}}, {"type": "Feature", "properties": {"class_id": 5, "classification": "Edge & Air Bubble", "area": 343.125}, "geometry": {"type": "Polygon", "coordinates": [[[19435.5, 21195.0], [19437.0, 21196.5], [19437.0, 21198.0], [19440.0, 21201.0], [19440.0, 21204.0], [19441.5, 21204.0], [19443.0, 21205.5], [19443.0, 21207.0], [19444.5, 21207.0], [19446.0, 21208.5], [19446.0, 21213.0], [19449.0, 21216.0], [19450.5, 21216.0], [19452.0, 21217.5], [19452.0, 21219.0], [19453.5, 21219.0], [19453.5, 21214.5], [19452.0, 21214.5], [19450.5, 21213.0], [19450.5, 21211.5], [19449.0, 21210.0], [19449.0, 21205.5], [19447.5, 21204.0], [19447.5, 21202.5], [19446.0, 21201.0], [19446.0, 21199.5], [19447.5, 21198.0], [19447.5, 21196.5], [19449.0, 21195.0], [19449.0, 21193.5], [19450.5, 21192.0], [19450.5, 21187.5], [19452.0, 21186.0], [19453.5, 21186.0], [19453.5, 21183.0], [19446.0, 21183.0], [19444.5, 21184.5], [19443.0, 21184.5], [19443.0, 21187.5], [19440.0, 21190.5], [19438.5, 21190.5], [19438.5, 21193.5], [19437.0, 21195.0], [19435.5, 21195.0]]]}}, {"type": "Feature", "properties": {"class_id": 5, "classification": "Edge & Air Bubble", "area": 23.625}, "geometry": {"type": "Polygon", "coordinates": [[[19182.0, 21151.5], [19182.0, 21157.5], [19185.0, 21157.5], [19186.5, 21156.0], [19188.0, 21156.0], [19185.0, 21153.0], [19185.0, 21151.5], [19182.0, 21151.5]]]}}, {"type": "Feature", "properties": {"class_id": 5, "classification": "Edge & Air Bubble", "area": 199.125}, "geometry": {"type": "Polygon", "coordinates": [[[19515.0, 21150.0], [19513.5, 21151.5], [19512.0, 21151.5], [19507.5, 21156.0], [19506.0, 21156.0], [19504.5, 21157.5], [19503.0, 21157.5], [19501.5, 21156.0], [19500.0, 21157.5], [19501.5, 21159.0], [19507.5, 21159.0], [19513.5, 21165.0], [19516.5, 21165.0], [19518.0, 21166.5], [19518.0, 21168.0], [19521.0, 21168.0], [19524.0, 21171.0], [19525.5, 21169.5], [19525.5, 21166.5], [19527.0, 21165.0], [19525.5, 21163.5], [19524.0, 21163.5], [19519.5, 21159.0], [19519.5, 21157.5], [19518.0, 21156.0], [19518.0, 21151.5], [19516.5, 21150.0], [19515.0, 21150.0]]]}}, {"type": "Feature", "properties": {"class_id": 5, "classification": "Edge & Air Bubble", "area": 333.0}, "geometry": {"type": "Polygon", "coordinates": [[[19114.5, 21142.5], [19114.5, 21144.0], [19117.5, 21147.0], [19119.0, 21147.0], [19120.5, 21148.5], [19120.5, 21150.0], [19122.0, 21151.5], [19122.0, 21154.5], [19120.5, 21156.0], [19120.5, 21159.0], [19119.0, 21160.5], [19119.0, 21162.0], [19116.0, 21165.0], [19114.5, 21165.0], [19113.0, 21166.5], [19110.0, 21166.5], [19110.0, 21168.0], [19108.5, 21169.5], [19108.5, 21171.0], [19110.0, 21172.5], [19110.0, 21177.0], [19114.5, 21172.5], [19117.5, 21172.5], [19119.0, 21171.0], [19120.5, 21171.0], [19123.5, 21168.0], [19126.5, 21168.0], [19126.5, 21166.5], [19128.0, 21165.0], [19129.5, 21165.0], [19132.5, 21162.0], [19134.0, 21162.0], [19137.0, 21159.0], [19135.5, 21157.5], [19135.5, 21156.0], [19131.0, 21151.5], [19129.5, 21151.5], [19128.0, 21150.0], [19126.5, 21150.0], [19123.5, 21147.0], [19120.5, 21147.0], [19116.0, 21142.5], [19114.5, 21142.5]]]}}, {"type": "Feature", "properties": {"class_id": 5, "classification": "Edge & Air Bubble", "area": 150.75}, "geometry": {"type": "Polygon", "coordinates": [[[19092.0, 21121.5], [19090.5, 21123.0], [19089.0, 21123.0], [19087.5, 21124.5], [19086.0, 21124.5], [19084.5, 21126.0], [19084.5, 21130.5], [19086.0, 21132.0], [19090.5, 21132.0], [19092.0, 21133.5], [19096.5, 21133.5], [19098.0, 21132.0], [19099.5, 21132.0], [19101.0, 21130.5], [19101.0, 21127.5], [19099.5, 21126.0], [19099.5, 21124.5], [19096.5, 21121.5], [19092.0, 21121.5]]]}}, {"type": "Feature", "properties": {"class_id": 5, "classification": "Edge & Air Bubble", "area": 93.375}, "geometry": {"type": "Polygon", "coordinates": [[[19170.0, 21106.5], [19170.0, 21108.0], [19168.5, 21109.5], [19168.5, 21111.0], [19170.0, 21112.5], [19170.0, 21118.5], [19173.0, 21121.5], [19173.0, 21123.0], [19174.5, 21124.5], [19174.5, 21126.0], [19176.0, 21127.5], [19177.5, 21126.0], [19177.5, 21124.5], [19176.0, 21123.0], [19176.0, 21112.5], [19174.5, 21111.0], [19174.5, 21109.5], [19171.5, 21106.5], [19170.0, 21106.5]]]}}, {"type": "Feature", "properties": {"class_id": 5, "classification": "Edge & Air Bubble", "area": 2.25}, "geometry": {"type": "Polygon", "coordinates": [[[19267.5, 21096.0], [19269.0, 21097.5], [19269.0, 21096.0], [19267.5, 21094.5], [19267.5, 21096.0]]]}}, {"type": "Feature", "properties": {"class_id": 5, "classification": "Edge & Air Bubble", "area": 13.5}, "geometry": {"type": "Polygon", "coordinates": [[[19009.5, 21091.5], [19008.0, 21093.0], [19009.5, 21093.0], [19012.5, 21096.0], [19014.0, 21096.0], [19014.0, 21094.5], [19012.5, 21093.0], [19012.5, 21091.5], [19009.5, 21091.5]]]}}, {"type": "Feature", "properties": {"class_id": 5, "classification": "Edge & Air Bubble", "area": 18.0}, "geometry": {"type": "Polygon", "coordinates": [[[19315.5, 21067.5], [19318.5, 21070.5], [19320.0, 21070.5], [19321.5, 21072.0], [19323.0, 21072.0], [19323.0, 21069.0], [19321.5, 21067.5], [19320.0, 21067.5], [19318.5, 21069.0], [19317.0, 21067.5], [19315.5, 21067.5]]]}}, {"type": "Feature", "properties": {"class_id": 5, "classification": "Edge & Air Bubble", "area": 61324.875}, "geometry": {"type": "Polygon", "coordinates": [[[18877.5, 21069.0], [18850.5, 21069.0], [18849.0, 21070.5], [18837.0, 21070.5], [18835.5, 21072.0], [18832.5, 21072.0], [18831.0, 21073.5], [18828.0, 21073.5], [18826.5, 21075.0], [18823.5, 21075.0], [18822.0, 21076.5], [18820.5, 21076.5], [18819.0, 21078.0], [18817.5, 21078.0], [18814.5, 21081.0], [18813.0, 21081.0], [18811.5, 21082.5], [18810.0, 21082.5], [18807.0, 21085.5], [18805.5, 21085.5], [18804.0, 21087.0], [18802.5, 21087.0], [18801.0, 21088.5], [18799.5, 21088.5], [18798.0, 21090.0], [18796.5, 21090.0], [18792.0, 21094.5], [18790.5, 21094.5], [18781.5, 21103.5], [18781.5, 21108.0], [18778.5, 21111.0], [18777.0, 21111.0], [18774.0, 21114.0], [18774.0, 21115.5], [18771.0, 21118.5], [18771.0, 21120.0], [18769.5, 21121.5], [18769.5, 21123.0], [18768.0, 21124.5], [18768.0, 21126.0], [18766.5, 21127.5], [18766.5, 21130.5], [18765.0, 21132.0], [18765.0, 21133.5], [18763.5, 21135.0], [18763.5, 21138.0], [18762.0, 21139.5], [18762.0, 21142.5], [18760.5, 21144.0], [18760.5, 21148.5], [18759.0, 21150.0], [18759.0, 21154.5], [18757.5, 21156.0], [18757.5, 21162.0], [18756.0, 21163.5], [18756.0, 21171.0], [18754.5, 21172.5], [18754.5, 21178.5], [18756.0, 21180.0], [18756.0, 21193.5], [18754.5, 21195.0], [18754.5, 21216.0], [18753.0, 21217.5], [18753.0, 21222.0], [18751.5, 21223.5], [18751.5, 21229.5], [18750.0, 21231.0], [18750.0, 21232.5], [18751.5, 21234.0], [18751.5, 21238.5], [18753.0, 21240.0], [18753.0, 21241.5], [18754.5, 21243.0], [18754.5, 21244.5], [18756.0, 21246.0], [18756.0, 21247.5], [18757.5, 21249.0], [18757.5, 21252.0], [18759.0, 21253.5], [18759.0, 21258.0], [18760.5, 21259.5], [18760.5, 21264.0], [18762.0, 21265.5], [18762.0, 21270.0], [18763.5, 21271.5], [18763.5, 21297.0], [18762.0, 21298.5], [18762.0, 21310.5], [18760.5, 21312.0], [18760.5, 21316.5], [18759.0, 21318.0], [18759.0, 21321.0], [18757.5, 21322.5], [18757.5, 21325.5], [18759.0, 21327.0], [18760.5, 21327.0], [18762.0, 21328.5], [18762.0, 21330.0], [18763.5, 21331.5], [18763.5, 21339.0], [18762.0, 21340.5], [18762.0, 21346.5], [18760.5, 21348.0], [18760.5, 21349.5], [18759.0, 21351.0], [18759.0, 21355.5], [18757.5, 21357.0], [18757.5, 21358.5], [18756.0, 21360.0], [18756.0, 21363.0], [18754.5, 21364.5], [18754.5, 21366.0], [18753.0, 21367.5], [18753.0, 21369.0], [18751.5, 21370.5], [18751.5, 21372.0], [18750.0, 21373.5], [18750.0, 21375.0], [18748.5, 21376.5], [18748.5, 21378.0], [18747.0, 21379.5], [18747.0, 21381.0], [18744.0, 21384.0], [18744.0, 21388.5], [18742.5, 21390.0], [18742.5, 21397.5], [18741.0, 21399.0], [18741.0, 21402.0], [18739.5, 21403.5], [18739.5, 21406.5], [18738.0, 21408.0], [18738.0, 21409.5], [18736.5, 21411.0], [18736.5, 21412.5], [18735.0, 21414.0], [18735.0, 21415.5], [18733.5, 21417.0], [18733.5, 21420.0], [18732.0, 21421.5], [18732.0, 21423.0], [18730.5, 21424.5], [18730.5, 21426.0], [18729.0, 21427.5], [18729.0, 21429.0], [18727.5, 21430.5], [18727.5, 21433.5], [18726.0, 21435.0], [18726.0, 21436.5], [18724.5, 21438.0], [18724.5, 21439.5], [18723.0, 21441.0], [18723.0, 21442.5], [18721.5, 21444.0], [18721.5, 21445.5], [18720.0, 21447.0], [18720.0, 21448.5], [18718.5, 21450.0], [18718.5, 21451.5], [18715.5, 21454.5], [18715.5, 21456.0], [18706.5, 21465.0], [18705.0, 21465.0], [18703.5, 21466.5], [18702.0, 21466.5], [18700.5, 21468.0], [18697.5, 21468.0], [18696.0, 21469.5], [18693.0, 21469.5], [18691.5, 21471.0], [18688.5, 21471.0], [18687.0, 21472.5], [18685.5, 21472.5], [18684.0, 21474.0], [18682.5, 21474.0], [18681.0, 21475.5], [18679.5, 21475.5], [18676.5, 21478.5], [18675.0, 21478.5], [18664.5, 21489.0], [18664.5, 21492.0], [18663.0, 21493.5], [18663.0, 21495.0], [18661.5, 21496.5], [18661.5, 21501.0], [18660.0, 21502.5], [18720.0, 21502.5], [18717.0, 21499.5], [18718.5, 21498.0], [18718.5, 21496.5], [18720.0, 21495.0], [18730.5, 21495.0], [18732.0, 21493.5], [18735.0, 21493.5], [18736.5, 21492.0], [18739.5, 21492.0], [18744.0, 21496.5], [18744.0, 21498.0], [18753.0, 21498.0], [18753.0, 21496.5], [18751.5, 21495.0], [18751.5, 21493.5], [18753.0, 21492.0], [18754.5, 21492.0], [18754.5, 21489.0], [18751.5, 21486.0], [18751.5, 21483.0], [18750.0, 21481.5], [18750.0, 21475.5], [18748.5, 21474.0], [18748.5, 21469.5], [18756.0, 21462.0], [18757.5, 21462.0], [18757.5, 21460.5], [18759.0, 21459.0], [18760.5, 21459.0], [18760.5, 21451.5], [18762.0, 21450.0], [18762.0, 21447.0], [18765.0, 21444.0], [18766.5, 21444.0], [18768.0, 21442.5], [18769.5, 21442.5], [18771.0, 21441.0], [18772.5, 21441.0], [18772.5, 21439.5], [18774.0, 21438.0], [18775.5, 21438.0], [18778.5, 21435.0], [18780.0, 21435.0], [18781.5, 21436.5], [18783.0, 21435.0], [18784.5, 21435.0], [18784.5, 21433.5], [18786.0, 21432.0], [18787.5, 21432.0], [18787.5, 21430.5], [18784.5, 21427.5], [18786.0, 21426.0], [18787.5, 21426.0], [18787.5, 21423.0], [18790.5, 21420.0], [18790.5, 21414.0], [18793.5, 21411.0], [18795.0, 21411.0], [18796.5, 21409.5], [18802.5, 21409.5], [18804.0, 21411.0], [18807.0, 21411.0], [18808.5, 21412.5], [18808.5, 21414.0], [18810.0, 21415.5], [18810.0, 21421.5], [18811.5, 21423.0], [18811.5, 21429.0], [18810.0, 21430.5], [18801.0, 21430.5], [18801.0, 21432.0], [18805.5, 21432.0], [18807.0, 21433.5], [18807.0, 21435.0], [18810.0, 21435.0], [18813.0, 21438.0], [18814.5, 21438.0], [18816.0, 21439.5], [18817.5, 21439.5], [18819.0, 21441.0], [18820.5, 21441.0], [18822.0, 21442.5], [18822.0, 21444.0], [18825.0, 21447.0], [18825.0, 21450.0], [18823.5, 21451.5], [18823.5, 21454.5], [18822.0, 21456.0], [18822.0, 21465.0], [18823.5, 21466.5], [18823.5, 21468.0], [18825.0, 21469.5], [18825.0, 21474.0], [18826.5, 21475.5], [18826.5, 21477.0], [18828.0, 21478.5], [18828.0, 21486.0], [18829.5, 21486.0], [18831.0, 21487.5], [18831.0, 21489.0], [18832.5, 21489.0], [18834.0, 21490.5], [18835.5, 21490.5], [18837.0, 21492.0], [18847.5, 21492.0], [18852.0, 21487.5], [18853.5, 21489.0], [18855.0, 21489.0], [18858.0, 21492.0], [18859.5, 21492.0], [18862.5, 21495.0], [18865.5, 21495.0], [18867.0, 21493.5], [18868.5, 21495.0], [18873.0, 21495.0], [18874.5, 21496.5], [18876.0, 21496.5], [18877.5, 21498.0], [18889.5, 21498.0], [18891.0, 21499.5], [18891.0, 21502.5], [18918.0, 21502.5], [18916.5, 21501.0], [18915.0, 21501.0], [18913.5, 21499.5], [18915.0, 21498.0], [18916.5, 21498.0], [18919.5, 21495.0], [18922.5, 21495.0], [18924.0, 21496.5], [18931.5, 21496.5], [18933.0, 21498.0], [18937.5, 21498.0], [18939.0, 21496.5], [18942.0, 21496.5], [18942.0, 21484.5], [18943.5, 21483.0], [18943.5, 21475.5], [18945.0, 21474.0], [18945.0, 21472.5], [18946.5, 21471.0], [18946.5, 21469.5], [18949.5, 21466.5], [18949.5, 21463.5], [18948.0, 21462.0], [18946.5, 21462.0], [18945.0, 21463.5], [18942.0, 21460.5], [18942.0, 21421.5], [18931.5, 21421.5], [18930.0, 21420.0], [18930.0, 21418.5], [18928.5, 21418.5], [18928.5, 21420.0], [18927.0, 21421.5], [18925.5, 21420.0], [18925.5, 21412.5], [18927.0, 21411.0], [18928.5, 21411.0], [18928.5, 21409.5], [18930.0, 21408.0], [18931.5, 21408.0], [18931.5, 21406.5], [18933.0, 21405.0], [18934.5, 21405.0], [18936.0, 21403.5], [18937.5, 21403.5], [18940.5, 21400.5], [18942.0, 21400.5], [18942.0, 21390.0], [18940.5, 21391.5], [18939.0, 21391.5], [18937.5, 21390.0], [18933.0, 21394.5], [18928.5, 21394.5], [18922.5, 21388.5], [18918.0, 21388.5], [18916.5, 21387.0], [18906.0, 21387.0], [18904.5, 21385.5], [18903.0, 21385.5], [18901.5, 21384.0], [18900.0, 21384.0], [18895.5, 21379.5], [18892.5, 21379.5], [18889.5, 21382.5], [18888.0, 21382.5], [18888.0, 21384.0], [18885.0, 21387.0], [18885.0, 21388.5], [18880.5, 21393.0], [18879.0, 21393.0], [18877.5, 21394.5], [18876.0, 21394.5], [18874.5, 21396.0], [18873.0, 21396.0], [18871.5, 21397.5], [18838.5, 21397.5], [18835.5, 21394.5], [18829.5, 21394.5], [18826.5, 21397.5], [18825.0, 21397.5], [18825.0, 21399.0], [18817.5, 21406.5], [18814.5, 21406.5], [18813.0, 21408.0], [18810.0, 21408.0], [18808.5, 21406.5], [18807.0, 21406.5], [18802.5, 21402.0], [18802.5, 21400.5], [18801.0, 21400.5], [18799.5, 21399.0], [18799.5, 21397.5], [18798.0, 21397.5], [18796.5, 21396.0], [18796.5, 21385.5], [18795.0, 21384.0], [18795.0, 21382.5], [18793.5, 21381.0], [18793.5, 21379.5], [18792.0, 21378.0], [18792.0, 21375.0], [18790.5, 21373.5], [18790.5, 21372.0], [18787.5, 21369.0], [18787.5, 21367.5], [18786.0, 21366.0], [18786.0, 21358.5], [18787.5, 21357.0], [18787.5, 21351.0], [18786.0, 21349.5], [18790.5, 21345.0], [18790.5, 21343.5], [18789.0, 21342.0], [18789.0, 21337.5], [18786.0, 21334.5], [18786.0, 21330.0], [18789.0, 21327.0], [18793.5, 21327.0], [18793.5, 21325.5], [18792.0, 21324.0], [18792.0, 21322.5], [18793.5, 21321.0], [18793.5, 21319.5], [18795.0, 21318.0], [18796.5, 21318.0], [18799.5, 21315.0], [18799.5, 21312.0], [18804.0, 21307.5], [18807.0, 21307.5], [18808.5, 21309.0], [18810.0, 21309.0], [18811.5, 21310.5], [18817.5, 21310.5], [18819.0, 21312.0], [18823.5, 21312.0], [18825.0, 21310.5], [18826.5, 21312.0], [18832.5, 21312.0], [18834.0, 21313.5], [18838.5, 21313.5], [18840.0, 21312.0], [18850.5, 21312.0], [18852.0, 21310.5], [18852.0, 21309.0], [18855.0, 21306.0], [18862.5, 21306.0], [18864.0, 21304.5], [18868.5, 21304.5], [18870.0, 21306.0], [18871.5, 21306.0], [18873.0, 21307.5], [18877.5, 21307.5], [18879.0, 21309.0], [18880.5, 21309.0], [18882.0, 21307.5], [18888.0, 21307.5], [18889.5, 21309.0], [18891.0, 21309.0], [18894.0, 21306.0], [18895.5, 21306.0], [18898.5, 21303.0], [18898.5, 21301.5], [18892.5, 21295.5], [18892.5, 21294.0], [18891.0, 21292.5], [18891.0, 21291.0], [18889.5, 21289.5], [18889.5, 21286.5], [18888.0, 21285.0], [18891.0, 21282.0], [18894.0, 21282.0], [18897.0, 21279.0], [18901.5, 21279.0], [18903.0, 21277.5], [18904.5, 21277.5], [18906.0, 21276.0], [18909.0, 21276.0], [18910.5, 21274.5], [18913.5, 21274.5], [18915.0, 21273.0], [18918.0, 21273.0], [18921.0, 21270.0], [18924.0, 21270.0], [18927.0, 21267.0], [18928.5, 21267.0], [18930.0, 21265.5], [18931.5, 21265.5], [18933.0, 21264.0], [18937.5, 21264.0], [18937.5, 21262.5], [18940.5, 21259.5], [18937.5, 21256.5], [18937.5, 21252.0], [18936.0, 21250.5], [18937.5, 21249.0], [18936.0, 21247.5], [18934.5, 21247.5], [18931.5, 21244.5], [18931.5, 21238.5], [18927.0, 21238.5], [18925.5, 21240.0], [18924.0, 21240.0], [18921.0, 21237.0], [18921.0, 21235.5], [18922.5, 21234.0], [18921.0, 21232.5], [18922.5, 21231.0], [18924.0, 21231.0], [18925.5, 21229.5], [18927.0, 21229.5], [18930.0, 21232.5], [18930.0, 21234.0], [18933.0, 21234.0], [18939.0, 21228.0], [18937.5, 21226.5], [18937.5, 21225.0], [18939.0, 21223.5], [18942.0, 21223.5], [18942.0, 21214.5], [18939.0, 21214.5], [18937.5, 21213.0], [18937.5, 21208.5], [18939.0, 21207.0], [18942.0, 21207.0], [18942.0, 21202.5], [18937.5, 21198.0], [18937.5, 21192.0], [18934.5, 21189.0], [18934.5, 21187.5], [18936.0, 21186.0], [18936.0, 21184.5], [18937.5, 21183.0], [18937.5, 21178.5], [18939.0, 21177.0], [18942.0, 21177.0], [18943.5, 21178.5], [18943.5, 21180.0], [18945.0, 21180.0], [18945.0, 21178.5], [18943.5, 21177.0], [18943.5, 21175.5], [18942.0, 21174.0], [18942.0, 21172.5], [18943.5, 21171.0], [18943.5, 21166.5], [18942.0, 21165.0], [18942.0, 21103.5], [18943.5, 21102.0], [18946.5, 21102.0], [18948.0, 21100.5], [18949.5, 21100.5], [18951.0, 21099.0], [18952.5, 21099.0], [18952.5, 21094.5], [18951.0, 21094.5], [18949.5, 21093.0], [18949.5, 21091.5], [18946.5, 21091.5], [18942.0, 21087.0], [18942.0, 21085.5], [18934.5, 21085.5], [18933.0, 21084.0], [18925.5, 21084.0], [18924.0, 21082.5], [18919.5, 21082.5], [18918.0, 21081.0], [18916.5, 21081.0], [18915.0, 21079.5], [18910.5, 21079.5], [18909.0, 21078.0], [18904.5, 21078.0], [18903.0, 21076.5], [18900.0, 21076.5], [18898.5, 21075.0], [18897.0, 21075.0], [18895.5, 21073.5], [18894.0, 21073.5], [18891.0, 21070.5], [18889.5, 21070.5], [18888.0, 21069.0], [18885.0, 21069.0], [18883.5, 21067.5], [18879.0, 21067.5], [18877.5, 21069.0]]]}}, {"type": "Feature", "properties": {"class_id": 5, "classification": "Edge & Air Bubble", "area": 23.625}, "geometry": {"type": "Polygon", "coordinates": [[[19302.0, 21063.0], [19303.5, 21063.0], [19305.0, 21064.5], [19312.5, 21064.5], [19309.5, 21061.5], [19302.0, 21061.5], [19302.0, 21063.0]]]}}, {"type": "Feature", "properties": {"class_id": 5, "classification": "Edge & Air Bubble", "area": 438.75}, "geometry": {"type": "Polygon", "coordinates": [[[20640.0, 20778.0], [20635.5, 20782.5], [20634.0, 20782.5], [20632.5, 20784.0], [20631.0, 20784.0], [20629.5, 20785.5], [20628.0, 20785.5], [20625.0, 20788.5], [20625.0, 20793.0], [20626.5, 20794.5], [20628.0, 20793.0], [20629.5, 20793.0], [20631.0, 20791.5], [20632.5, 20791.5], [20634.0, 20790.0], [20635.5, 20790.0], [20637.0, 20788.5], [20643.0, 20788.5], [20646.0, 20791.5], [20647.5, 20791.5], [20652.0, 20796.0], [20653.5, 20796.0], [20656.5, 20799.0], [20658.0, 20799.0], [20665.5, 20806.5], [20674.5, 20806.5], [20676.0, 20805.0], [20677.5, 20805.0], [20679.0, 20803.5], [20683.5, 20803.5], [20683.5, 20802.0], [20680.5, 20799.0], [20677.5, 20799.0], [20676.0, 20797.5], [20673.0, 20797.5], [20671.5, 20799.0], [20670.0, 20799.0], [20668.5, 20800.5], [20665.5, 20800.5], [20664.0, 20799.0], [20662.5, 20799.0], [20661.0, 20797.5], [20658.0, 20797.5], [20655.0, 20794.5], [20655.0, 20790.0], [20653.5, 20788.5], [20653.5, 20784.0], [20652.0, 20782.5], [20650.5, 20782.5], [20646.0, 20778.0], [20640.0, 20778.0]]]}}, {"type": "Feature", "properties": {"class_id": 5, "classification": "Edge & Air Bubble", "area": 695.25}, "geometry": {"type": "Polygon", "coordinates": [[[9975.0, 20778.0], [9973.5, 20779.5], [9967.5, 20779.5], [9966.0, 20781.0], [9963.0, 20781.0], [9961.5, 20782.5], [9955.5, 20782.5], [9952.5, 20785.5], [9952.5, 20787.0], [9951.0, 20788.5], [9951.0, 20797.5], [9952.5, 20799.0], [9952.5, 20800.5], [9955.5, 20803.5], [9964.5, 20803.5], [9966.0, 20805.0], [9970.5, 20805.0], [9972.0, 20803.5], [9975.0, 20803.5], [9976.5, 20802.0], [9982.5, 20802.0], [9982.5, 20781.0], [9981.0, 20779.5], [9979.5, 20779.5], [9978.0, 20778.0], [9975.0, 20778.0]]]}}, {"type": "Feature", "properties": {"class_id": 5, "classification": "Edge & Air Bubble", "area": 286.875}, "geometry": {"type": "Polygon", "coordinates": [[[10104.0, 20767.5], [10102.5, 20769.0], [10102.5, 20775.0], [10104.0, 20776.5], [10105.5, 20776.5], [10107.0, 20778.0], [10108.5, 20778.0], [10111.5, 20781.0], [10111.5, 20782.5], [10113.0, 20784.0], [10113.0, 20785.5], [10111.5, 20787.0], [10111.5, 20790.0], [10113.0, 20791.5], [10117.5, 20791.5], [10119.0, 20790.0], [10122.0, 20790.0], [10125.0, 20787.0], [10125.0, 20782.5], [10123.5, 20781.0], [10123.5, 20779.5], [10122.0, 20778.0], [10122.0, 20776.5], [10120.5, 20776.5], [10119.0, 20775.0], [10117.5, 20775.0], [10113.0, 20770.5], [10111.5, 20770.5], [10108.5, 20767.5], [10104.0, 20767.5]]]}}, {"type": "Feature", "properties": {"class_id": 5, "classification": "Edge & Air Bubble", "area": 4.5}, "geometry": {"type": "Polygon", "coordinates": [[[20734.5, 20763.0], [20733.0, 20764.5], [20733.0, 20766.0], [20734.5, 20767.5], [20734.5, 20763.0]]]}}, {"type": "Feature", "properties": {"class_id": 5, "classification": "Edge & Air Bubble", "area": 488395.125}, "geometry": {"type": "Polygon", "coordinates": [[[19198.5, 20775.0], [19192.5, 20775.0], [19191.0, 20776.5], [19185.0, 20776.5], [19183.5, 20778.0], [19182.0, 20778.0], [19180.5, 20779.5], [19179.0, 20779.5], [19177.5, 20781.0], [19176.0, 20781.0], [19174.5, 20782.5], [19173.0, 20782.5], [19171.5, 20784.0], [19168.5, 20784.0], [19167.0, 20785.5], [19165.5, 20785.5], [19150.5, 20800.5], [19150.5, 20802.0], [19141.5, 20811.0], [19141.5, 20812.5], [19140.0, 20814.0], [19140.0, 20815.5], [19137.0, 20818.5], [19137.0, 20820.0], [19135.5, 20821.5], [19135.5, 20823.0], [19125.0, 20833.5], [19125.0, 20835.0], [19113.0, 20847.0], [19111.5, 20847.0], [19108.5, 20850.0], [19107.0, 20850.0], [19102.5, 20854.5], [19101.0, 20854.5], [19098.0, 20857.5], [19096.5, 20857.5], [19095.0, 20859.0], [19093.5, 20859.0], [19092.0, 20860.5], [19090.5, 20860.5], [19089.0, 20862.0], [19087.5, 20862.0], [19080.0, 20869.5], [19078.5, 20869.5], [19074.0, 20874.0], [19072.5, 20874.0], [19069.5, 20877.0], [19068.0, 20877.0], [19066.5, 20878.5], [19065.0, 20878.5], [19063.5, 20880.0], [19062.0, 20880.0], [19060.5, 20881.5], [19059.0, 20881.5], [19054.5, 20886.0], [19053.0, 20886.0], [19053.0, 20887.5], [19042.5, 20898.0], [19041.0, 20898.0], [19038.0, 20901.0], [19038.0, 20902.5], [19011.0, 20929.5], [19011.0, 20931.0], [19006.5, 20935.5], [19006.5, 20938.5], [19005.0, 20940.0], [19005.0, 20941.5], [19003.5, 20943.0], [19003.5, 20944.5], [19002.0, 20946.0], [19002.0, 20949.0], [19000.5, 20950.5], [19000.5, 20952.0], [18999.0, 20953.5], [18999.0, 20956.5], [18997.5, 20958.0], [18997.5, 20961.0], [18996.0, 20962.5], [18996.0, 20965.5], [18994.5, 20967.0], [18994.5, 20970.0], [18993.0, 20971.5], [18993.0, 20974.5], [18991.5, 20976.0], [18991.5, 20982.0], [18990.0, 20983.5], [18990.0, 20994.0], [18988.5, 20995.5], [18988.5, 21018.0], [18987.0, 21019.5], [18987.0, 21028.5], [18985.5, 21030.0], [18985.5, 21042.0], [18988.5, 21042.0], [18990.0, 21043.5], [18991.5, 21043.5], [18993.0, 21045.0], [19000.5, 21045.0], [19002.0, 21046.5], [19003.5, 21046.5], [19005.0, 21048.0], [19006.5, 21048.0], [19011.0, 21052.5], [19011.0, 21054.0], [19014.0, 21057.0], [19020.0, 21057.0], [19023.0, 21060.0], [19023.0, 21064.5], [19026.0, 21067.5], [19026.0, 21070.5], [19027.5, 21072.0], [19032.0, 21072.0], [19033.5, 21070.5], [19035.0, 21070.5], [19038.0, 21067.5], [19039.5, 21067.5], [19041.0, 21066.0], [19042.5, 21066.0], [19042.5, 21064.5], [19039.5, 21061.5], [19039.5, 21046.5], [19047.0, 21039.0], [19051.5, 21039.0], [19059.0, 21031.5], [19068.0, 21031.5], [19069.5, 21030.0], [19072.5, 21030.0], [19074.0, 21031.5], [19075.5, 21031.5], [19077.0, 21033.0], [19078.5, 21033.0], [19080.0, 21034.5], [19080.0, 21036.0], [19081.5, 21036.0], [19083.0, 21037.5], [19083.0, 21039.0], [19090.5, 21046.5], [19099.5, 21046.5], [19101.0, 21045.0], [19104.0, 21045.0], [19104.0, 21043.5], [19107.0, 21040.5], [19108.5, 21040.5], [19108.5, 21039.0], [19110.0, 21037.5], [19111.5, 21037.5], [19114.5, 21034.5], [19114.5, 21031.5], [19116.0, 21030.0], [19119.0, 21030.0], [19120.5, 21028.5], [19122.0, 21028.5], [19123.5, 21027.0], [19126.5, 21027.0], [19126.5, 21025.5], [19128.0, 21024.0], [19129.5, 21024.0], [19132.5, 21027.0], [19137.0, 21027.0], [19140.0, 21030.0], [19141.5, 21030.0], [19149.0, 21037.5], [19149.0, 21039.0], [19150.5, 21039.0], [19152.0, 21040.5], [19152.0, 21042.0], [19153.5, 21042.0], [19155.0, 21043.5], [19155.0, 21045.0], [19158.0, 21048.0], [19158.0, 21049.5], [19159.5, 21051.0], [19162.5, 21051.0], [19162.5, 21039.0], [19159.5, 21036.0], [19159.5, 21033.0], [19161.0, 21031.5], [19162.5, 21031.5], [19164.0, 21030.0], [19162.5, 21028.5], [19164.0, 21027.0], [19165.5, 21027.0], [19167.0, 21025.5], [19170.0, 21025.5], [19171.5, 21024.0], [19177.5, 21024.0], [19179.0, 21022.5], [19183.5, 21022.5], [19185.0, 21021.0], [19192.5, 21021.0], [19194.0, 21022.5], [19198.5, 21022.5], [19200.0, 21021.0], [19218.0, 21021.0], [19219.5, 21022.5], [19227.0, 21022.5], [19231.5, 21027.0], [19233.0, 21027.0], [19236.0, 21030.0], [19237.5, 21030.0], [19239.0, 21031.5], [19240.5, 21031.5], [19242.0, 21033.0], [19246.5, 21033.0], [19246.5, 21031.5], [19245.0, 21030.0], [19245.0, 21028.5], [19243.5, 21027.0], [19248.0, 21022.5], [19249.5, 21022.5], [19251.0, 21021.0], [19258.5, 21021.0], [19260.0, 21022.5], [19261.5, 21022.5], [19263.0, 21021.0], [19266.0, 21024.0], [19267.5, 21022.5], [19269.0, 21022.5], [19270.5, 21024.0], [19278.0, 21024.0], [19279.5, 21025.5], [19282.5, 21025.5], [19284.0, 21024.0], [19285.5, 21024.0], [19287.0, 21025.5], [19291.5, 21025.5], [19293.0, 21027.0], [19297.5, 21027.0], [19299.0, 21028.5], [19300.5, 21027.0], [19300.5, 21025.5], [19302.0, 21024.0], [19303.5, 21024.0], [19305.0, 21022.5], [19306.5, 21022.5], [19308.0, 21021.0], [19312.5, 21021.0], [19314.0, 21019.5], [19315.5, 21019.5], [19320.0, 21015.0], [19323.0, 21015.0], [19326.0, 21012.0], [19333.5, 21012.0], [19333.5, 21010.5], [19335.0, 21009.0], [19336.5, 21009.0], [19338.0, 21010.5], [19339.5, 21010.5], [19341.0, 21009.0], [19354.5, 21009.0], [19356.0, 21010.5], [19357.5, 21010.5], [19359.0, 21012.0], [19366.5, 21012.0], [19368.0, 21013.5], [19369.5, 21013.5], [19371.0, 21015.0], [19374.0, 21015.0], [19377.0, 21018.0], [19380.0, 21018.0], [19386.0, 21024.0], [19386.0, 21027.0], [19387.5, 21027.0], [19389.0, 21028.5], [19389.0, 21030.0], [19392.0, 21033.0], [19392.0, 21036.0], [19393.5, 21037.5], [19393.5, 21039.0], [19396.5, 21042.0], [19398.0, 21042.0], [19402.5, 21046.5], [19404.0, 21046.5], [19404.0, 21045.0], [19407.0, 21042.0], [19413.0, 21042.0], [19414.5, 21043.5], [19416.0, 21043.5], [19417.5, 21042.0], [19420.5, 21042.0], [19422.0, 21043.5], [19423.5, 21043.5], [19425.0, 21045.0], [19431.0, 21045.0], [19432.5, 21046.5], [19435.5, 21046.5], [19437.0, 21048.0], [19440.0, 21048.0], [19443.0, 21051.0], [19444.5, 21051.0], [19447.5, 21054.0], [19449.0, 21054.0], [19452.0, 21057.0], [19453.5, 21057.0], [19455.0, 21058.5], [19455.0, 21091.5], [19458.0, 21091.5], [19461.0, 21094.5], [19462.5, 21094.5], [19464.0, 21096.0], [19465.5, 21096.0], [19467.0, 21097.5], [19467.0, 21099.0], [19468.5, 21099.0], [19471.5, 21102.0], [19474.5, 21102.0], [19476.0, 21103.5], [19476.0, 21105.0], [19494.0, 21105.0], [19494.0, 21100.5], [19495.5, 21099.0], [19495.5, 21097.5], [19497.0, 21096.0], [19498.5, 21096.0], [19498.5, 21094.5], [19500.0, 21093.0], [19501.5, 21093.0], [19501.5, 21091.5], [19503.0, 21090.0], [19504.5, 21090.0], [19504.5, 21088.5], [19506.0, 21087.0], [19507.5, 21087.0], [19510.5, 21084.0], [19513.5, 21084.0], [19515.0, 21082.5], [19521.0, 21082.5], [19522.5, 21084.0], [19528.5, 21084.0], [19530.0, 21085.5], [19531.5, 21085.5], [19533.0, 21087.0], [19534.5, 21087.0], [19536.0, 21088.5], [19536.0, 21090.0], [19537.5, 21090.0], [19539.0, 21091.5], [19539.0, 21093.0], [19543.5, 21097.5], [19543.5, 21099.0], [19545.0, 21100.5], [19545.0, 21103.5], [19546.5, 21105.0], [19546.5, 21118.5], [19545.0, 21120.0], [19545.0, 21121.5], [19543.5, 21123.0], [19542.0, 21123.0], [19540.5, 21124.5], [19536.0, 21124.5], [19534.5, 21126.0], [19533.0, 21126.0], [19531.5, 21127.5], [19530.0, 21127.5], [19527.0, 21130.5], [19518.0, 21130.5], [19516.5, 21129.0], [19515.0, 21129.0], [19513.5, 21127.5], [19512.0, 21127.5], [19512.0, 21132.0], [19515.0, 21135.0], [19515.0, 21141.0], [19516.5, 21142.5], [19516.5, 21144.0], [19518.0, 21144.0], [19518.0, 21141.0], [19519.5, 21139.5], [19525.5, 21139.5], [19527.0, 21138.0], [19528.5, 21138.0], [19530.0, 21136.5], [19531.5, 21136.5], [19533.0, 21135.0], [19534.5, 21135.0], [19537.5, 21132.0], [19540.5, 21132.0], [19540.5, 21130.5], [19542.0, 21129.0], [19543.5, 21129.0], [19543.5, 21127.5], [19548.0, 21123.0], [19549.5, 21123.0], [19549.5, 21121.5], [19551.0, 21120.0], [19552.5, 21120.0], [19554.0, 21118.5], [19555.5, 21118.5], [19557.0, 21120.0], [19558.5, 21120.0], [19560.0, 21121.5], [19563.0, 21121.5], [19566.0, 21124.5], [19566.0, 21126.0], [19567.5, 21126.0], [19569.0, 21127.5], [19569.0, 21129.0], [19570.5, 21129.0], [19582.5, 21141.0], [19584.0, 21141.0], [19587.0, 21144.0], [19587.0, 21147.0], [19588.5, 21148.5], [19588.5, 21150.0], [19590.0, 21151.5], [19590.0, 21162.0], [19588.5, 21163.5], [19588.5, 21165.0], [19587.0, 21166.5], [19587.0, 21168.0], [19585.5, 21169.5], [19584.0, 21169.5], [19584.0, 21171.0], [19582.5, 21172.5], [19579.5, 21172.5], [19581.0, 21174.0], [19585.5, 21174.0], [19585.5, 21172.5], [19587.0, 21171.0], [19591.5, 21171.0], [19593.0, 21169.5], [19594.5, 21169.5], [19597.5, 21166.5], [19600.5, 21166.5], [19602.0, 21165.0], [19605.0, 21168.0], [19606.5, 21168.0], [19609.5, 21171.0], [19611.0, 21171.0], [19614.0, 21174.0], [19615.5, 21174.0], [19617.0, 21175.5], [19617.0, 21177.0], [19620.0, 21177.0], [19626.0, 21183.0], [19627.5, 21183.0], [19629.0, 21184.5], [19629.0, 21186.0], [19630.5, 21186.0], [19632.0, 21187.5], [19632.0, 21189.0], [19635.0, 21192.0], [19635.0, 21195.0], [19636.5, 21196.5], [19636.5, 21198.0], [19638.0, 21199.5], [19638.0, 21210.0], [19641.0, 21213.0], [19642.5, 21213.0], [19644.0, 21214.5], [19644.0, 21216.0], [19645.5, 21216.0], [19647.0, 21217.5], [19647.0, 21219.0], [19648.5, 21219.0], [19650.0, 21220.5], [19653.0, 21220.5], [19654.5, 21222.0], [19665.0, 21222.0], [19666.5, 21223.5], [19668.0, 21223.5], [19669.5, 21225.0], [19671.0, 21225.0], [19674.0, 21228.0], [19675.5, 21228.0], [19683.0, 21235.5], [19683.0, 21237.0], [19684.5, 21237.0], [19686.0, 21238.5], [19686.0, 21240.0], [19690.5, 21244.5], [19690.5, 21246.0], [19692.0, 21247.5], [19692.0, 21252.0], [19690.5, 21253.5], [19689.0, 21253.5], [19687.5, 21255.0], [19686.0, 21255.0], [19684.5, 21256.5], [19683.0, 21256.5], [19683.0, 21264.0], [19681.5, 21265.5], [19683.0, 21267.0], [19678.5, 21271.5], [19668.0, 21271.5], [19668.0, 21273.0], [19666.5, 21274.5], [19665.0, 21274.5], [19663.5, 21276.0], [19665.0, 21277.5], [19665.0, 21279.0], [19675.5, 21289.5], [19675.5, 21291.0], [19677.0, 21292.5], [19677.0, 21294.0], [19678.5, 21295.5], [19678.5, 21297.0], [19680.0, 21298.5], [19680.0, 21300.0], [19681.5, 21301.5], [19681.5, 21303.0], [19683.0, 21304.5], [19683.0, 21306.0], [19686.0, 21309.0], [19687.5, 21309.0], [19689.0, 21310.5], [19690.5, 21310.5], [19690.5, 21307.5], [19692.0, 21306.0], [19692.0, 21304.5], [19690.5, 21303.0], [19690.5, 21298.5], [19693.5, 21295.5], [19693.5, 21286.5], [19690.5, 21286.5], [19687.5, 21289.5], [19686.0, 21289.5], [19684.5, 21291.0], [19681.5, 21291.0], [19680.0, 21289.5], [19678.5, 21289.5], [19675.5, 21286.5], [19675.5, 21283.5], [19674.0, 21282.0], [19674.0, 21280.5], [19675.5, 21279.0], [19675.5, 21274.5], [19677.0, 21273.0], [19681.5, 21273.0], [19683.0, 21271.5], [19684.5, 21273.0], [19687.5, 21273.0], [19690.5, 21276.0], [19695.0, 21276.0], [19695.0, 21274.5], [19696.5, 21273.0], [19698.0, 21273.0], [19699.5, 21271.5], [19701.0, 21271.5], [19702.5, 21270.0], [19705.5, 21270.0], [19707.0, 21271.5], [19711.5, 21271.5], [19713.0, 21273.0], [19723.5, 21273.0], [19725.0, 21274.5], [19726.5, 21274.5], [19728.0, 21276.0], [19729.5, 21276.0], [19731.0, 21277.5], [19731.0, 21279.0], [19732.5, 21279.0], [19735.5, 21282.0], [19737.0, 21282.0], [19746.0, 21291.0], [19747.5, 21291.0], [19749.0, 21292.5], [19749.0, 21294.0], [19750.5, 21294.0], [19753.5, 21297.0], [19756.5, 21297.0], [19759.5, 21300.0], [19762.5, 21300.0], [19768.5, 21306.0], [19768.5, 21309.0], [19770.0, 21310.5], [19770.0, 21315.0], [19768.5, 21316.5], [19770.0, 21318.0], [19767.0, 21321.0], [19768.5, 21322.5], [19768.5, 21324.0], [19770.0, 21325.5], [19768.5, 21327.0], [19770.0, 21328.5], [19770.0, 21339.0], [19768.5, 21340.5], [19768.5, 21342.0], [19767.0, 21343.5], [19767.0, 21348.0], [19765.5, 21349.5], [19765.5, 21351.0], [19764.0, 21352.5], [19764.0, 21363.0], [19762.5, 21364.5], [19758.0, 21364.5], [19758.0, 21366.0], [19756.5, 21367.5], [19755.0, 21367.5], [19755.0, 21369.0], [19758.0, 21372.0], [19761.0, 21372.0], [19764.0, 21375.0], [19768.5, 21375.0], [19771.5, 21378.0], [19774.5, 21378.0], [19777.5, 21381.0], [19780.5, 21381.0], [19788.0, 21388.5], [19788.0, 21394.5], [19794.0, 21400.5], [19794.0, 21402.0], [19797.0, 21405.0], [19797.0, 21408.0], [19798.5, 21408.0], [19800.0, 21409.5], [19800.0, 21411.0], [19801.5, 21412.5], [19801.5, 21414.0], [19803.0, 21415.5], [19803.0, 21421.5], [19806.0, 21424.5], [19806.0, 21435.0], [19809.0, 21438.0], [19809.0, 21445.5], [19810.5, 21447.0], [19810.5, 21457.5], [19812.0, 21459.0], [19810.5, 21460.5], [19810.5, 21462.0], [19806.0, 21466.5], [19804.5, 21466.5], [19803.0, 21468.0], [19803.0, 21471.0], [19806.0, 21474.0], [19807.5, 21474.0], [19809.0, 21475.5], [19810.5, 21475.5], [19815.0, 21480.0], [19816.5, 21480.0], [19818.0, 21481.5], [19818.0, 21483.0], [19821.0, 21486.0], [19821.0, 21487.5], [19824.0, 21490.5], [19824.0, 21492.0], [19825.5, 21492.0], [19827.0, 21493.5], [19827.0, 21495.0], [19828.5, 21496.5], [19828.5, 21498.0], [19830.0, 21499.5], [19830.0, 21501.0], [19831.5, 21502.5], [19830.0, 21504.0], [19828.5, 21504.0], [19830.0, 21505.5], [19831.5, 21505.5], [19834.5, 21508.5], [19834.5, 21510.0], [19836.0, 21511.5], [19836.0, 21516.0], [19834.5, 21517.5], [19833.0, 21516.0], [19831.5, 21516.0], [19830.0, 21517.5], [19830.0, 21522.0], [19828.5, 21523.5], [19828.5, 21525.0], [19830.0, 21526.5], [19830.0, 21528.0], [19828.5, 21529.5], [19828.5, 21531.0], [19827.0, 21532.5], [19827.0, 21540.0], [19825.5, 21541.5], [19822.5, 21541.5], [19819.5, 21544.5], [19818.0, 21544.5], [19816.5, 21546.0], [19815.0, 21546.0], [19812.0, 21549.0], [19807.5, 21549.0], [19806.0, 21550.5], [19803.0, 21550.5], [19801.5, 21552.0], [19800.0, 21552.0], [19800.0, 21555.0], [19801.5, 21555.0], [19803.0, 21556.5], [19804.5, 21556.5], [19804.5, 21555.0], [19806.0, 21553.5], [19807.5, 21553.5], [19812.0, 21558.0], [19812.0, 21561.0], [19810.5, 21562.5], [19806.0, 21562.5], [19806.0, 21564.0], [19804.5, 21565.5], [19803.0, 21565.5], [19801.5, 21567.0], [19798.5, 21567.0], [19797.0, 21565.5], [19795.5, 21567.0], [19794.0, 21565.5], [19792.5, 21565.5], [19791.0, 21564.0], [19789.5, 21564.0], [19786.5, 21561.0], [19786.5, 21558.0], [19788.0, 21556.5], [19786.5, 21556.5], [19785.0, 21555.0], [19780.5, 21555.0], [19779.0, 21553.5], [19777.5, 21553.5], [19776.0, 21552.0], [19773.0, 21552.0], [19771.5, 21553.5], [19770.0, 21553.5], [19767.0, 21556.5], [19764.0, 21556.5], [19756.5, 21549.0], [19756.5, 21547.5], [19753.5, 21544.5], [19752.0, 21544.5], [19750.5, 21543.0], [19750.5, 21541.5], [19749.0, 21541.5], [19747.5, 21540.0], [19747.5, 21538.5], [19746.0, 21538.5], [19743.0, 21535.5], [19740.0, 21538.5], [19738.5, 21538.5], [19735.5, 21541.5], [19734.0, 21541.5], [19734.0, 21543.0], [19732.5, 21544.5], [19729.5, 21544.5], [19728.0, 21546.0], [19722.0, 21546.0], [19720.5, 21544.5], [19719.0, 21544.5], [19717.5, 21543.0], [19717.5, 21541.5], [19714.5, 21541.5], [19713.0, 21540.0], [19713.0, 21538.5], [19711.5, 21537.0], [19711.5, 21535.5], [19710.0, 21535.5], [19710.0, 21540.0], [19708.5, 21541.5], [19707.0, 21540.0], [19707.0, 21538.5], [19705.5, 21537.0], [19705.5, 21526.5], [19704.0, 21526.5], [19704.0, 21528.0], [19702.5, 21529.5], [19702.5, 21534.0], [19701.0, 21535.5], [19699.5, 21535.5], [19699.5, 21537.0], [19696.5, 21540.0], [19695.0, 21540.0], [19692.0, 21543.0], [19692.0, 21544.5], [19686.0, 21550.5], [19687.5, 21550.5], [19689.0, 21552.0], [19689.0, 21555.0], [19692.0, 21558.0], [19692.0, 21559.5], [19693.5, 21559.5], [19698.0, 21564.0], [19696.5, 21565.5], [19693.5, 21565.5], [19692.0, 21567.0], [19681.5, 21567.0], [19680.0, 21568.5], [19677.0, 21568.5], [19677.0, 21570.0], [19675.5, 21571.5], [19675.5, 21577.5], [19672.5, 21580.5], [19668.0, 21580.5], [19665.0, 21577.5], [19663.5, 21577.5], [19659.0, 21582.0], [19657.5, 21580.5], [19651.5, 21580.5], [19648.5, 21577.5], [19648.5, 21574.5], [19647.0, 21574.5], [19645.5, 21573.0], [19645.5, 21571.5], [19644.0, 21570.0], [19642.5, 21571.5], [19641.0, 21571.5], [19641.0, 21574.5], [19644.0, 21577.5], [19644.0, 21579.0], [19642.5, 21580.5], [19641.0, 21580.5], [19641.0, 21582.0], [19642.5, 21582.0], [19644.0, 21583.5], [19645.5, 21583.5], [19647.0, 21585.0], [19648.5, 21585.0], [19650.0, 21586.5], [19650.0, 21591.0], [19648.5, 21592.5], [19647.0, 21592.5], [19647.0, 21600.0], [19645.5, 21601.5], [19645.5, 21603.0], [19644.0, 21604.5], [19642.5, 21604.5], [19639.5, 21607.5], [19638.0, 21607.5], [19636.5, 21606.0], [19636.5, 21604.5], [19633.5, 21607.5], [19632.0, 21607.5], [19632.0, 21612.0], [19630.5, 21613.5], [19630.5, 21615.0], [19635.0, 21615.0], [19636.5, 21616.5], [19636.5, 21618.0], [19638.0, 21618.0], [19638.0, 21615.0], [19641.0, 21612.0], [19642.5, 21612.0], [19644.0, 21613.5], [19645.5, 21612.0], [19645.5, 21610.5], [19644.0, 21609.0], [19647.0, 21606.0], [19648.5, 21606.0], [19651.5, 21603.0], [19653.0, 21604.5], [19653.0, 21606.0], [19662.0, 21606.0], [19665.0, 21603.0], [19668.0, 21603.0], [19669.5, 21604.5], [19669.5, 21606.0], [19671.0, 21607.5], [19671.0, 21610.5], [19674.0, 21613.5], [19674.0, 21615.0], [19675.5, 21616.5], [19675.5, 21613.5], [19678.5, 21610.5], [19678.5, 21607.5], [19677.0, 21606.0], [19677.0, 21600.0], [19678.5, 21598.5], [19678.5, 21592.5], [19680.0, 21591.0], [19681.5, 21591.0], [19683.0, 21589.5], [19684.5, 21589.5], [19686.0, 21588.0], [19719.0, 21588.0], [19720.5, 21589.5], [19722.0, 21589.5], [19723.5, 21591.0], [19726.5, 21591.0], [19728.0, 21592.5], [19728.0, 21594.0], [19729.5, 21594.0], [19734.0, 21598.5], [19734.0, 21600.0], [19735.5, 21601.5], [19735.5, 21603.0], [19737.0, 21604.5], [19737.0, 21609.0], [19740.0, 21612.0], [19740.0, 21613.5], [19743.0, 21616.5], [19743.0, 21618.0], [19744.5, 21619.5], [19744.5, 21621.0], [19746.0, 21622.5], [19746.0, 21630.0], [19747.5, 21631.5], [19747.5, 21633.0], [19746.0, 21634.5], [19746.0, 21655.5], [19743.0, 21658.5], [19743.0, 21661.5], [19740.0, 21664.5], [19740.0, 21666.0], [19738.5, 21667.5], [19728.0, 21667.5], [19726.5, 21666.0], [19726.5, 21664.5], [19723.5, 21664.5], [19717.5, 21658.5], [19716.0, 21658.5], [19714.5, 21657.0], [19714.5, 21655.5], [19711.5, 21652.5], [19711.5, 21651.0], [19710.0, 21649.5], [19708.5, 21649.5], [19705.5, 21646.5], [19696.5, 21646.5], [19695.0, 21645.0], [19693.5, 21645.0], [19692.0, 21646.5], [19689.0, 21646.5], [19689.0, 21651.0], [19687.5, 21652.5], [19687.5, 21660.0], [19686.0, 21661.5], [19686.0, 21679.5], [19690.5, 21684.0], [19698.0, 21684.0], [19701.0, 21687.0], [19702.5, 21687.0], [19704.0, 21688.5], [19704.0, 21700.5], [19702.5, 21702.0], [19702.5, 21703.5], [19701.0, 21705.0], [19701.0, 21709.5], [19698.0, 21712.5], [19698.0, 21714.0], [19696.5, 21715.5], [19695.0, 21715.5], [19695.0, 21717.0], [19693.5, 21718.5], [19689.0, 21718.5], [19687.5, 21720.0], [19686.0, 21720.0], [19684.5, 21721.5], [19683.0, 21721.5], [19680.0, 21724.5], [19659.0, 21724.5], [19657.5, 21726.0], [19656.0, 21726.0], [19654.5, 21727.5], [19647.0, 21727.5], [19647.0, 21729.0], [19642.5, 21733.5], [19636.5, 21733.5], [19636.5, 21735.0], [19635.0, 21736.5], [19635.0, 21738.0], [19632.0, 21741.0], [19632.0, 21744.0], [19630.5, 21745.5], [19630.5, 21751.5], [19629.0, 21753.0], [19629.0, 21775.5], [19630.5, 21777.0], [19630.5, 21780.0], [19632.0, 21781.5], [19632.0, 21799.5], [19630.5, 21801.0], [19630.5, 21804.0], [19629.0, 21805.5], [19629.0, 21807.0], [19627.5, 21808.5], [19627.5, 21810.0], [19630.5, 21813.0], [19629.0, 21814.5], [19629.0, 21823.5], [19624.5, 21828.0], [19623.0, 21828.0], [19621.5, 21829.5], [19614.0, 21829.5], [19608.0, 21823.5], [19606.5, 21823.5], [19603.5, 21820.5], [19602.0, 21822.0], [19600.5, 21822.0], [19599.0, 21820.5], [19597.5, 21822.0], [19596.0, 21822.0], [19591.5, 21826.5], [19587.0, 21826.5], [19587.0, 21828.0], [19585.5, 21829.5], [19584.0, 21829.5], [19584.0, 21831.0], [19582.5, 21832.5], [19581.0, 21832.5], [19581.0, 21838.5], [19579.5, 21840.0], [19579.5, 21841.5], [19581.0, 21843.0], [19581.0, 21855.0], [19582.5, 21856.5], [19582.5, 21858.0], [19584.0, 21859.5], [19584.0, 21865.5], [19585.5, 21867.0], [19585.5, 21868.5], [19587.0, 21870.0], [19587.0, 21879.0], [19588.5, 21880.5], [19588.5, 21882.0], [19590.0, 21883.5], [19590.0, 21886.5], [19593.0, 21889.5], [19593.0, 21891.0], [19594.5, 21891.0], [19597.5, 21894.0], [19599.0, 21894.0], [19602.0, 21897.0], [19602.0, 21898.5], [19603.5, 21898.5], [19605.0, 21900.0], [19605.0, 21901.5], [19606.5, 21903.0], [19608.0, 21903.0], [19609.5, 21904.5], [19609.5, 21906.0], [19611.0, 21907.5], [19611.0, 21909.0], [19614.0, 21912.0], [19615.5, 21912.0], [19620.0, 21916.5], [19620.0, 21921.0], [19621.5, 21922.5], [19621.5, 21925.5], [19620.0, 21927.0], [19620.0, 21931.5], [19615.5, 21936.0], [19614.0, 21936.0], [19612.5, 21937.5], [19606.5, 21937.5], [19603.5, 21940.5], [19602.0, 21940.5], [19599.0, 21943.5], [19597.5, 21943.5], [19596.0, 21945.0], [19594.5, 21945.0], [19593.0, 21946.5], [19591.5, 21946.5], [19591.5, 21948.0], [19590.0, 21949.5], [19590.0, 21951.0], [19596.0, 21957.0], [19597.5, 21957.0], [19599.0, 21958.5], [19600.5, 21958.5], [19602.0, 21960.0], [19602.0, 21961.5], [19608.0, 21967.5], [19608.0, 21969.0], [19611.0, 21969.0], [19612.5, 21970.5], [19621.5, 21970.5], [19623.0, 21972.0], [19627.5, 21972.0], [19629.0, 21973.5], [19630.5, 21973.5], [19633.5, 21976.5], [19633.5, 21978.0], [19635.0, 21979.5], [19635.0, 21987.0], [19633.5, 21988.5], [19633.5, 21990.0], [19632.0, 21991.5], [19632.0, 21996.0], [19629.0, 21999.0], [19629.0, 22000.5], [19627.5, 22002.0], [19630.5, 22005.0], [19636.5, 22005.0], [19638.0, 22006.5], [19638.0, 22008.0], [19639.5, 22009.5], [19639.5, 22014.0], [19638.0, 22015.5], [19542.0, 22015.5], [19543.5, 22017.0], [19543.5, 22021.5], [19545.0, 22023.0], [19545.0, 22026.0], [19546.5, 22026.0], [19548.0, 22027.5], [19548.0, 22029.0], [19551.0, 22032.0], [19551.0, 22033.5], [19554.0, 22036.5], [19554.0, 22039.5], [19557.0, 22042.5], [19557.0, 22044.0], [19555.5, 22045.5], [19555.5, 22053.0], [19554.0, 22054.5], [19554.0, 22056.0], [19551.0, 22059.0], [19551.0, 22060.5], [19548.0, 22063.5], [19548.0, 22069.5], [19549.5, 22071.0], [19549.5, 22074.0], [19548.0, 22075.5], [19548.0, 22080.0], [19545.0, 22083.0], [19545.0, 22084.5], [19543.5, 22086.0], [19543.5, 22089.0], [19542.0, 22090.5], [19540.5, 22090.5], [19539.0, 22092.0], [19539.0, 22104.0], [19540.5, 22104.0], [19542.0, 22105.5], [19540.5, 22107.0], [19539.0, 22107.0], [19537.5, 22108.5], [19536.0, 22108.5], [19534.5, 22110.0], [19537.5, 22110.0], [19542.0, 22114.5], [19542.0, 22122.0], [19545.0, 22122.0], [19546.5, 22120.5], [19549.5, 22120.5], [19551.0, 22122.0], [19551.0, 22123.5], [19552.5, 22125.0], [19552.5, 22126.5], [19554.0, 22126.5], [19555.5, 22125.0], [19557.0, 22125.0], [19558.5, 22123.5], [19560.0, 22123.5], [19561.5, 22122.0], [19563.0, 22122.0], [19564.5, 22123.5], [19567.5, 22123.5], [19572.0, 22119.0], [19573.5, 22119.0], [19575.0, 22117.5], [19578.0, 22117.5], [19579.5, 22119.0], [19579.5, 22114.5], [19581.0, 22113.0], [19582.5, 22113.0], [19582.5, 22096.5], [19581.0, 22095.0], [19581.0, 22092.0], [19585.5, 22087.5], [19585.5, 22086.0], [19588.5, 22083.0], [19588.5, 22081.5], [19596.0, 22074.0], [19597.5, 22074.0], [19597.5, 22072.5], [19600.5, 22069.5], [19609.5, 22069.5], [19611.0, 22071.0], [19612.5, 22071.0], [19614.0, 22072.5], [19618.5, 22072.5], [19620.0, 22071.0], [19621.5, 22071.0], [19623.0, 22069.5], [19627.5, 22069.5], [19629.0, 22071.0], [19630.5, 22071.0], [19632.0, 22072.5], [19633.5, 22072.5], [19635.0, 22071.0], [19636.5, 22071.0], [19636.5, 22069.5], [19638.0, 22068.0], [19641.0, 22068.0], [19642.5, 22066.5], [19642.5, 22039.5], [19644.0, 22038.0], [19644.0, 22036.5], [19647.0, 22033.5], [19648.5, 22033.5], [19650.0, 22032.0], [19659.0, 22032.0], [19660.5, 22030.5], [19666.5, 22030.5], [19668.0, 22029.0], [19672.5, 22029.0], [19674.0, 22030.5], [19675.5, 22030.5], [19677.0, 22032.0], [19689.0, 22032.0], [19690.5, 22030.5], [19690.5, 22029.0], [19693.5, 22026.0], [19693.5, 22024.5], [19695.0, 22023.0], [19696.5, 22023.0], [19696.5, 22021.5], [19698.0, 22020.0], [19699.5, 22020.0], [19699.5, 22015.5], [19701.0, 22014.0], [19726.5, 22014.0], [19728.0, 22015.5], [19728.0, 22020.0], [19729.5, 22020.0], [19731.0, 22021.5], [19731.0, 22023.0], [19732.5, 22024.5], [19732.5, 22026.0], [19734.0, 22026.0], [19735.5, 22024.5], [19737.0, 22026.0], [19737.0, 22029.0], [19735.5, 22030.5], [19734.0, 22030.5], [19734.0, 22032.0], [19731.0, 22035.0], [19731.0, 22036.5], [19722.0, 22045.5], [19722.0, 22047.0], [19720.5, 22048.5], [19719.0, 22048.5], [19717.5, 22050.0], [19716.0, 22050.0], [19716.0, 22051.5], [19714.5, 22053.0], [19713.0, 22053.0], [19713.0, 22056.0], [19711.5, 22057.5], [19710.0, 22057.5], [19710.0, 22059.0], [19708.5, 22060.5], [19708.5, 22066.5], [19707.0, 22068.0], [19707.0, 22069.5], [19704.0, 22072.5], [19702.5, 22072.5], [19701.0, 22074.0], [19699.5, 22074.0], [19698.0, 22075.5], [19693.5, 22075.5], [19690.5, 22078.5], [19689.0, 22078.5], [19687.5, 22080.0], [19686.0, 22080.0], [19684.5, 22081.5], [19675.5, 22081.5], [19672.5, 22084.5], [19672.5, 22087.5], [19669.5, 22090.5], [19666.5, 22090.5], [19665.0, 22089.0], [19662.0, 22089.0], [19660.5, 22090.5], [19660.5, 22098.0], [19662.0, 22099.5], [19659.0, 22102.5], [19657.5, 22102.5], [19656.0, 22101.0], [19656.0, 22099.5], [19654.5, 22098.0], [19654.5, 22096.5], [19653.0, 22096.5], [19650.0, 22099.5], [19650.0, 22102.5], [19648.5, 22104.0], [19648.5, 22110.0], [19647.0, 22111.5], [19647.0, 22113.0], [19642.5, 22117.5], [19638.0, 22117.5], [19633.5, 22122.0], [19633.5, 22128.0], [19632.0, 22129.5], [19632.0, 22131.0], [19630.5, 22132.5], [19629.0, 22132.5], [19627.5, 22134.0], [19626.0, 22134.0], [19624.5, 22135.5], [19617.0, 22135.5], [19615.5, 22134.0], [19612.5, 22134.0], [19611.0, 22132.5], [19606.5, 22132.5], [19605.0, 22131.0], [19602.0, 22131.0], [19600.5, 22132.5], [19600.5, 22134.0], [19602.0, 22135.5], [19602.0, 22137.0], [19600.5, 22138.5], [19600.5, 22141.5], [19599.0, 22143.0], [19599.0, 22144.5], [19596.0, 22147.5], [19596.0, 22149.0], [19594.5, 22150.5], [19593.0, 22150.5], [19593.0, 22152.0], [19588.5, 22156.5], [19587.0, 22156.5], [19587.0, 22158.0], [19591.5, 22158.0], [19593.0, 22156.5], [19594.5, 22156.5], [19596.0, 22158.0], [19597.5, 22158.0], [19599.0, 22159.5], [19599.0, 22167.0], [19597.5, 22168.5], [19597.5, 22170.0], [19596.0, 22171.5], [19596.0, 22173.0], [19594.5, 22174.5], [19593.0, 22174.5], [19593.0, 22176.0], [19588.5, 22180.5], [19587.0, 22180.5], [19587.0, 22182.0], [19585.5, 22183.5], [19584.0, 22183.5], [19582.5, 22185.0], [19581.0, 22185.0], [19575.0, 22191.0], [19575.0, 22203.0], [19573.5, 22204.5], [19572.0, 22204.5], [19572.0, 22206.0], [19567.5, 22210.5], [19566.0, 22210.5], [19564.5, 22212.0], [19563.0, 22212.0], [19561.5, 22213.5], [19558.5, 22213.5], [19557.0, 22215.0], [19557.0, 22218.0], [19554.0, 22221.0], [19554.0, 22225.5], [19555.5, 22227.0], [19557.0, 22227.0], [19560.0, 22230.0], [19560.0, 22234.5], [19557.0, 22237.5], [19555.5, 22237.5], [19554.0, 22236.0], [19549.5, 22236.0], [19549.5, 22240.5], [19551.0, 22242.0], [19552.5, 22242.0], [19554.0, 22240.5], [19555.5, 22240.5], [19557.0, 22239.0], [19567.5, 22239.0], [19570.5, 22236.0], [19581.0, 22236.0], [19584.0, 22233.0], [19585.5, 22233.0], [19585.5, 22230.0], [19587.0, 22228.5], [19588.5, 22228.5], [19590.0, 22227.0], [19591.5, 22227.0], [19591.5, 22225.5], [19594.5, 22222.5], [19594.5, 22221.0], [19597.5, 22218.0], [19600.5, 22218.0], [19600.5, 22216.5], [19602.0, 22215.0], [19603.5, 22215.0], [19605.0, 22213.5], [19606.5, 22213.5], [19608.0, 22212.0], [19624.5, 22212.0], [19626.0, 22213.5], [19633.5, 22213.5], [19635.0, 22212.0], [19648.5, 22212.0], [19650.0, 22213.5], [19651.5, 22213.5], [19657.5, 22219.5], [19657.5, 22221.0], [19659.0, 22222.5], [19659.0, 22224.0], [19662.0, 22227.0], [19662.0, 22233.0], [19659.0, 22236.0], [19659.0, 22240.5], [19656.0, 22243.5], [19656.0, 22245.0], [19645.5, 22255.5], [19644.0, 22255.5], [19642.5, 22257.0], [19641.0, 22257.0], [19639.5, 22258.5], [19635.0, 22258.5], [19632.0, 22261.5], [19630.5, 22261.5], [19627.5, 22264.5], [19626.0, 22264.5], [19624.5, 22266.0], [19621.5, 22266.0], [19620.0, 22267.5], [19615.5, 22267.5], [19614.0, 22269.0], [19611.0, 22269.0], [19609.5, 22270.5], [19698.0, 22270.5], [19699.5, 22269.0], [19698.0, 22267.5], [19698.0, 22261.5], [19696.5, 22260.0], [19696.5, 22255.5], [19698.0, 22254.0], [19698.0, 22246.5], [19699.5, 22245.0], [19699.5, 22243.5], [19701.0, 22242.0], [19701.0, 22239.0], [19702.5, 22237.5], [19702.5, 22236.0], [19704.0, 22234.5], [19704.0, 22231.5], [19705.5, 22230.0], [19705.5, 22228.5], [19707.0, 22227.0], [19707.0, 22225.5], [19708.5, 22224.0], [19708.5, 22207.5], [19710.0, 22206.0], [19710.0, 22204.5], [19714.5, 22200.0], [19714.5, 22198.5], [19716.0, 22197.0], [19717.5, 22197.0], [19717.5, 22195.5], [19719.0, 22194.0], [19719.0, 22192.5], [19720.5, 22191.0], [19720.5, 22189.5], [19722.0, 22188.0], [19722.0, 22186.5], [19723.5, 22185.0], [19723.5, 22183.5], [19726.5, 22180.5], [19726.5, 22179.0], [19728.0, 22177.5], [19728.0, 22176.0], [19729.5, 22174.5], [19729.5, 22173.0], [19732.5, 22170.0], [19732.5, 22167.0], [19735.5, 22164.0], [19735.5, 22162.5], [19741.5, 22156.5], [19741.5, 22155.0], [19750.5, 22146.0], [19750.5, 22144.5], [19752.0, 22143.0], [19752.0, 22141.5], [19753.5, 22140.0], [19753.5, 22138.5], [19755.0, 22137.0], [19756.5, 22137.0], [19756.5, 22135.5], [19758.0, 22134.0], [19758.0, 22132.5], [19759.5, 22131.0], [19759.5, 22128.0], [19761.0, 22126.5], [19761.0, 22123.5], [19762.5, 22122.0], [19762.5, 22117.5], [19764.0, 22116.0], [19764.0, 22114.5], [19765.5, 22113.0], [19765.5, 22108.5], [19767.0, 22107.0], [19767.0, 22105.5], [19768.5, 22104.0], [19768.5, 22102.5], [19767.0, 22101.0], [19767.0, 22099.5], [19765.5, 22098.0], [19765.5, 22075.5], [19767.0, 22074.0], [19767.0, 22068.0], [19768.5, 22066.5], [19768.5, 22063.5], [19770.0, 22062.0], [19771.5, 22062.0], [19773.0, 22063.5], [19773.0, 22065.0], [19774.5, 22065.0], [19776.0, 22066.5], [19777.5, 22066.5], [19776.0, 22065.0], [19776.0, 22050.0], [19777.5, 22048.5], [19777.5, 22045.5], [19779.0, 22044.0], [19779.0, 22042.5], [19783.5, 22038.0], [19783.5, 22036.5], [19801.5, 22018.5], [19801.5, 22017.0], [19807.5, 22011.0], [19807.5, 22009.5], [19812.0, 22005.0], [19812.0, 22003.5], [19816.5, 21999.0], [19816.5, 21997.5], [19819.5, 21994.5], [19819.5, 21993.0], [19822.5, 21990.0], [19822.5, 21988.5], [19825.5, 21985.5], [19825.5, 21984.0], [19827.0, 21982.5], [19825.5, 21981.0], [19825.5, 21979.5], [19827.0, 21978.0], [19827.0, 21976.5], [19828.5, 21975.0], [19828.5, 21972.0], [19830.0, 21970.5], [19830.0, 21969.0], [19831.5, 21967.5], [19831.5, 21964.5], [19836.0, 21960.0], [19836.0, 21958.5], [19837.5, 21957.0], [19837.5, 21955.5], [19839.0, 21954.0], [19840.5, 21954.0], [19840.5, 21952.5], [19842.0, 21951.0], [19843.5, 21951.0], [19845.0, 21949.5], [19846.5, 21951.0], [19848.0, 21951.0], [19848.0, 21948.0], [19849.5, 21946.5], [19849.5, 21945.0], [19851.0, 21943.5], [19851.0, 21940.5], [19852.5, 21939.0], [19852.5, 21936.0], [19854.0, 21934.5], [19854.0, 21931.5], [19855.5, 21930.0], [19855.5, 21925.5], [19857.0, 21924.0], [19857.0, 21921.0], [19858.5, 21919.5], [19854.0, 21915.0], [19854.0, 21912.0], [19852.5, 21910.5], [19852.5, 21906.0], [19854.0, 21904.5], [19854.0, 21900.0], [19855.5, 21898.5], [19855.5, 21891.0], [19857.0, 21889.5], [19857.0, 21888.0], [19858.5, 21886.5], [19858.5, 21885.0], [19861.5, 21882.0], [19861.5, 21880.5], [19863.0, 21879.0], [19869.0, 21879.0], [19869.0, 21873.0], [19870.5, 21871.5], [19870.5, 21867.0], [19872.0, 21865.5], [19872.0, 21861.0], [19873.5, 21859.5], [19873.5, 21855.0], [19875.0, 21853.5], [19875.0, 21841.5], [19876.5, 21840.0], [19876.5, 21831.0], [19878.0, 21829.5], [19878.0, 21825.0], [19879.5, 21823.5], [19879.5, 21819.0], [19881.0, 21817.5], [19881.0, 21811.5], [19882.5, 21810.0], [19882.5, 21804.0], [19884.0, 21802.5], [19884.0, 21801.0], [19885.5, 21799.5], [19885.5, 21798.0], [19888.5, 21795.0], [19888.5, 21793.5], [19893.0, 21789.0], [19894.5, 21789.0], [19897.5, 21786.0], [19900.5, 21786.0], [19903.5, 21783.0], [19905.0, 21783.0], [19906.5, 21781.5], [19908.0, 21781.5], [19909.5, 21780.0], [19911.0, 21780.0], [19912.5, 21778.5], [19914.0, 21778.5], [19915.5, 21777.0], [19918.5, 21777.0], [19920.0, 21775.5], [19921.5, 21775.5], [19923.0, 21774.0], [19926.0, 21774.0], [19929.0, 21771.0], [19930.5, 21771.0], [19933.5, 21768.0], [19935.0, 21768.0], [19947.0, 21756.0], [19948.5, 21756.0], [19950.0, 21754.5], [19959.0, 21754.5], [19960.5, 21753.0], [19962.0, 21753.0], [19963.5, 21751.5], [19966.5, 21751.5], [19966.5, 21727.5], [19968.0, 21726.0], [19969.5, 21727.5], [19971.0, 21726.0], [19974.0, 21726.0], [19980.0, 21720.0], [19981.5, 21720.0], [19987.5, 21714.0], [19987.5, 21712.5], [19990.5, 21709.5], [19990.5, 21708.0], [20004.0, 21694.5], [20004.0, 21693.0], [20007.0, 21690.0], [20007.0, 21688.5], [20010.0, 21685.5], [20010.0, 21684.0], [20014.5, 21679.5], [20014.5, 21678.0], [20020.5, 21672.0], [20020.5, 21670.5], [20032.5, 21658.5], [20034.0, 21658.5], [20035.5, 21657.0], [20035.5, 21655.5], [20040.0, 21651.0], [20040.0, 21649.5], [20043.0, 21646.5], [20043.0, 21645.0], [20050.5, 21637.5], [20050.5, 21636.0], [20052.0, 21634.5], [20052.0, 21633.0], [20053.5, 21631.5], [20053.5, 21630.0], [20055.0, 21628.5], [20055.0, 21627.0], [20056.5, 21625.5], [20056.5, 21624.0], [20058.0, 21622.5], [20058.0, 21621.0], [20059.5, 21619.5], [20059.5, 21618.0], [20061.0, 21616.5], [20061.0, 21615.0], [20062.5, 21613.5], [20062.5, 21612.0], [20064.0, 21610.5], [20064.0, 21607.5], [20065.5, 21606.0], [20065.5, 21601.5], [20067.0, 21600.0], [20067.0, 21597.0], [20068.5, 21595.5], [20068.5, 21585.0], [20070.0, 21583.5], [20070.0, 21576.0], [20071.5, 21574.5], [20071.5, 21568.5], [20073.0, 21567.0], [20073.0, 21535.5], [20071.5, 21534.0], [20071.5, 21528.0], [20070.0, 21526.5], [20070.0, 21510.0], [20068.5, 21508.5], [20068.5, 21504.0], [20059.5, 21504.0], [20058.0, 21502.5], [20058.0, 21495.0], [20056.5, 21493.5], [20056.5, 21489.0], [20055.0, 21487.5], [20055.0, 21484.5], [20053.5, 21483.0], [20053.5, 21481.5], [20052.0, 21480.0], [20052.0, 21478.5], [20050.5, 21477.0], [20050.5, 21475.5], [20041.5, 21466.5], [20040.0, 21466.5], [20038.5, 21465.0], [20037.0, 21465.0], [20035.5, 21463.5], [20034.0, 21463.5], [20032.5, 21462.0], [20031.0, 21462.0], [20028.0, 21459.0], [20026.5, 21459.0], [20025.0, 21457.5], [20023.5, 21457.5], [20022.0, 21456.0], [20020.5, 21456.0], [20019.0, 21454.5], [20016.0, 21454.5], [20014.5, 21453.0], [20011.5, 21453.0], [20010.0, 21451.5], [20007.0, 21451.5], [20005.5, 21450.0], [20002.5, 21450.0], [20001.0, 21448.5], [19990.5, 21448.5], [19989.0, 21447.0], [19986.0, 21447.0], [19984.5, 21445.5], [19981.5, 21445.5], [19980.0, 21444.0], [19978.5, 21444.0], [19977.0, 21442.5], [19971.0, 21442.5], [19969.5, 21441.0], [19968.0, 21442.5], [19966.5, 21441.0], [19965.0, 21442.5], [19963.5, 21441.0], [19963.5, 21427.5], [19965.0, 21426.0], [19966.5, 21426.0], [19966.5, 21384.0], [19968.0, 21382.5], [19972.5, 21382.5], [19980.0, 21375.0], [19981.5, 21375.0], [19989.0, 21367.5], [19989.0, 21366.0], [19992.0, 21363.0], [19992.0, 21361.5], [19993.5, 21360.0], [19993.5, 21358.5], [19995.0, 21357.0], [19995.0, 21354.0], [19998.0, 21351.0], [19998.0, 21349.5], [19999.5, 21348.0], [19999.5, 21346.5], [20001.0, 21345.0], [20001.0, 21343.5], [20002.5, 21342.0], [20002.5, 21337.5], [20004.0, 21336.0], [20004.0, 21333.0], [20007.0, 21330.0], [20007.0, 21328.5], [20008.5, 21327.0], [20008.5, 21324.0], [20010.0, 21322.5], [20010.0, 21319.5], [20011.5, 21318.0], [20011.5, 21315.0], [20013.0, 21313.5], [20013.0, 21310.5], [20014.5, 21309.0], [20014.5, 21304.5], [20016.0, 21303.0], [20016.0, 21295.5], [20017.5, 21294.0], [20017.5, 21288.0], [20019.0, 21286.5], [20019.0, 21279.0], [20020.5, 21277.5], [20020.5, 21232.5], [20019.0, 21231.0], [20019.0, 21222.0], [20017.5, 21220.5], [20017.5, 21208.5], [20016.0, 21207.0], [20016.0, 21201.0], [20014.5, 21199.5], [20014.5, 21196.5], [20013.0, 21195.0], [20013.0, 21192.0], [20011.5, 21190.5], [20011.5, 21187.5], [20010.0, 21186.0], [20010.0, 21183.0], [20008.5, 21181.5], [20008.5, 21178.5], [20007.0, 21177.0], [20007.0, 21175.5], [20005.5, 21174.0], [20005.5, 21171.0], [20004.0, 21169.5], [20004.0, 21168.0], [20002.5, 21166.5], [20002.5, 21163.5], [20001.0, 21162.0], [20001.0, 21160.5], [19999.5, 21159.0], [19999.5, 21157.5], [19998.0, 21156.0], [19998.0, 21153.0], [19996.5, 21151.5], [19996.5, 21150.0], [19995.0, 21148.5], [19995.0, 21145.5], [19993.5, 21144.0], [19993.5, 21142.5], [19992.0, 21141.0], [19992.0, 21139.5], [19990.5, 21138.0], [19990.5, 21136.5], [19989.0, 21135.0], [19989.0, 21133.5], [19987.5, 21132.0], [19987.5, 21130.5], [19984.5, 21127.5], [19984.5, 21126.0], [19977.0, 21118.5], [19975.5, 21118.5], [19972.5, 21115.5], [19971.0, 21115.5], [19969.5, 21114.0], [19968.0, 21114.0], [19966.5, 21112.5], [19966.5, 21066.0], [19963.5, 21066.0], [19962.0, 21064.5], [19951.5, 21064.5], [19950.0, 21063.0], [19948.5, 21063.0], [19944.0, 21058.5], [19942.5, 21058.5], [19941.0, 21057.0], [19939.5, 21057.0], [19936.5, 21054.0], [19935.0, 21054.0], [19932.0, 21051.0], [19930.5, 21051.0], [19929.0, 21049.5], [19927.5, 21049.5], [19926.0, 21048.0], [19924.5, 21048.0], [19923.0, 21046.5], [19921.5, 21046.5], [19920.0, 21045.0], [19918.5, 21045.0], [19917.0, 21043.5], [19915.5, 21043.5], [19912.5, 21040.5], [19911.0, 21040.5], [19908.0, 21037.5], [19906.5, 21037.5], [19903.5, 21034.5], [19902.0, 21034.5], [19900.5, 21033.0], [19899.0, 21033.0], [19897.5, 21031.5], [19896.0, 21031.5], [19894.5, 21030.0], [19893.0, 21030.0], [19891.5, 21028.5], [19890.0, 21028.5], [19888.5, 21027.0], [19887.0, 21027.0], [19885.5, 21025.5], [19882.5, 21025.5], [19881.0, 21024.0], [19879.5, 21024.0], [19876.5, 21021.0], [19875.0, 21021.0], [19873.5, 21019.5], [19872.0, 21019.5], [19870.5, 21018.0], [19869.0, 21018.0], [19867.5, 21016.5], [19866.0, 21016.5], [19864.5, 21015.0], [19863.0, 21015.0], [19860.0, 21012.0], [19857.0, 21012.0], [19855.5, 21010.5], [19854.0, 21010.5], [19852.5, 21009.0], [19846.5, 21009.0], [19845.0, 21007.5], [19834.5, 21007.5], [19833.0, 21006.0], [19830.0, 21006.0], [19824.0, 21000.0], [19822.5, 21000.0], [19818.0, 20995.5], [19816.5, 20995.5], [19815.0, 20994.0], [19813.5, 20994.0], [19812.0, 20992.5], [19810.5, 20992.5], [19809.0, 20991.0], [19807.5, 20991.0], [19806.0, 20989.5], [19804.5, 20989.5], [19803.0, 20988.0], [19801.5, 20988.0], [19797.0, 20983.5], [19795.5, 20983.5], [19788.0, 20976.0], [19788.0, 20974.5], [19786.5, 20974.5], [19782.0, 20970.0], [19780.5, 20970.0], [19776.0, 20965.5], [19774.5, 20965.5], [19750.5, 20941.5], [19749.0, 20941.5], [19729.5, 20922.0], [19728.0, 20922.0], [19723.5, 20917.5], [19722.0, 20917.5], [19714.5, 20910.0], [19713.0, 20910.0], [19711.5, 20908.5], [19710.0, 20908.5], [19708.5, 20907.0], [19707.0, 20907.0], [19701.0, 20901.0], [19699.5, 20901.0], [19695.0, 20896.5], [19693.5, 20896.5], [19692.0, 20895.0], [19690.5, 20895.0], [19689.0, 20893.5], [19687.5, 20893.5], [19684.5, 20890.5], [19683.0, 20890.5], [19677.0, 20884.5], [19675.5, 20884.5], [19671.0, 20880.0], [19669.5, 20880.0], [19666.5, 20877.0], [19665.0, 20877.0], [19663.5, 20875.5], [19662.0, 20875.5], [19659.0, 20872.5], [19657.5, 20872.5], [19644.0, 20859.0], [19642.5, 20859.0], [19639.5, 20856.0], [19638.0, 20856.0], [19635.0, 20853.0], [19633.5, 20853.0], [19632.0, 20851.5], [19629.0, 20851.5], [19627.5, 20850.0], [19626.0, 20850.0], [19624.5, 20848.5], [19623.0, 20848.5], [19620.0, 20845.5], [19618.5, 20845.5], [19617.0, 20844.0], [19615.5, 20844.0], [19614.0, 20842.5], [19612.5, 20842.5], [19609.5, 20839.5], [19608.0, 20839.5], [19605.0, 20836.5], [19603.5, 20836.5], [19602.0, 20835.0], [19600.5, 20835.0], [19597.5, 20832.0], [19596.0, 20832.0], [19594.5, 20830.5], [19591.5, 20830.5], [19590.0, 20829.0], [19588.5, 20829.0], [19587.0, 20827.5], [19585.5, 20827.5], [19584.0, 20826.0], [19582.5, 20826.0], [19581.0, 20824.5], [19579.5, 20824.5], [19576.5, 20821.5], [19575.0, 20821.5], [19573.5, 20820.0], [19572.0, 20820.0], [19570.5, 20818.5], [19569.0, 20818.5], [19567.5, 20817.0], [19566.0, 20817.0], [19564.5, 20815.5], [19563.0, 20815.5], [19561.5, 20814.0], [19558.5, 20814.0], [19557.0, 20812.5], [19554.0, 20812.5], [19552.5, 20811.0], [19551.0, 20811.0], [19549.5, 20809.5], [19546.5, 20809.5], [19545.0, 20808.0], [19543.5, 20808.0], [19542.0, 20806.5], [19539.0, 20806.5], [19537.5, 20805.0], [19534.5, 20805.0], [19533.0, 20803.5], [19531.5, 20803.5], [19530.0, 20802.0], [19527.0, 20802.0], [19525.5, 20800.5], [19522.5, 20800.5], [19521.0, 20799.0], [19518.0, 20799.0], [19516.5, 20797.5], [19513.5, 20797.5], [19512.0, 20796.0], [19509.0, 20796.0], [19507.5, 20794.5], [19504.5, 20794.5], [19503.0, 20793.0], [19498.5, 20793.0], [19497.0, 20791.5], [19491.0, 20791.5], [19489.5, 20790.0], [19480.5, 20790.0], [19479.0, 20788.5], [19449.0, 20788.5], [19447.5, 20790.0], [19438.5, 20790.0], [19437.0, 20791.5], [19426.5, 20791.5], [19425.0, 20793.0], [19405.5, 20793.0], [19404.0, 20794.5], [19389.0, 20794.5], [19387.5, 20793.0], [19384.5, 20793.0], [19383.0, 20794.5], [19366.5, 20794.5], [19365.0, 20796.0], [19354.5, 20796.0], [19353.0, 20797.5], [19342.5, 20797.5], [19341.0, 20799.0], [19335.0, 20799.0], [19333.5, 20800.5], [19323.0, 20800.5], [19321.5, 20802.0], [19311.0, 20802.0], [19309.5, 20803.5], [19306.5, 20803.5], [19305.0, 20802.0], [19288.5, 20802.0], [19287.0, 20800.5], [19282.5, 20800.5], [19281.0, 20799.0], [19278.0, 20799.0], [19276.5, 20797.5], [19275.0, 20797.5], [19273.5, 20796.0], [19272.0, 20796.0], [19270.5, 20794.5], [19269.0, 20794.5], [19267.5, 20793.0], [19264.5, 20793.0], [19263.0, 20791.5], [19261.5, 20791.5], [19260.0, 20790.0], [19258.5, 20790.0], [19257.0, 20788.5], [19255.5, 20788.5], [19252.5, 20785.5], [19251.0, 20785.5], [19248.0, 20782.5], [19246.5, 20782.5], [19245.0, 20781.0], [19245.0, 20779.5], [19242.0, 20776.5], [19242.0, 20775.0], [19239.0, 20772.0], [19231.5, 20772.0], [19230.0, 20773.5], [19222.5, 20773.5], [19221.0, 20772.0], [19218.0, 20772.0], [19216.5, 20770.5], [19215.0, 20770.5], [19213.5, 20769.0], [19212.0, 20769.0], [19209.0, 20766.0], [19207.5, 20766.0], [19204.5, 20763.0], [19201.5, 20763.0], [19200.0, 20761.5], [19200.0, 20773.5], [19198.5, 20775.0]]]}}, {"type": "Feature", "properties": {"class_id": 5, "classification": "Edge & Air Bubble", "area": 33.75}, "geometry": {"type": "Polygon", "coordinates": [[[20701.5, 20758.5], [20700.0, 20760.0], [20700.0, 20770.5], [20701.5, 20770.5], [20703.0, 20769.0], [20703.0, 20758.5], [20701.5, 20758.5]]]}}, {"type": "Feature", "properties": {"class_id": 5, "classification": "Edge & Air Bubble", "area": 569.25}, "geometry": {"type": "Polygon", "coordinates": [[[20685.0, 20736.0], [20680.5, 20740.5], [20677.5, 20740.5], [20676.0, 20742.0], [20677.5, 20743.5], [20683.5, 20743.5], [20685.0, 20745.0], [20686.5, 20745.0], [20688.0, 20746.5], [20689.5, 20746.5], [20691.0, 20748.0], [20692.5, 20748.0], [20694.0, 20749.5], [20695.5, 20749.5], [20701.5, 20755.5], [20703.0, 20755.5], [20704.5, 20754.0], [20707.5, 20754.0], [20709.0, 20752.5], [20710.5, 20752.5], [20712.0, 20751.0], [20713.5, 20751.0], [20715.0, 20749.5], [20716.5, 20749.5], [20721.0, 20745.0], [20721.0, 20743.5], [20724.0, 20740.5], [20722.5, 20739.0], [20724.0, 20737.5], [20724.0, 20736.0], [20685.0, 20736.0]]]}}, {"type": "Feature", "properties": {"class_id": 5, "classification": "Edge & Air Bubble", "area": 1409.625}, "geometry": {"type": "Polygon", "coordinates": [[[20599.5, 20736.0], [20599.5, 20743.5], [20601.0, 20745.0], [20601.0, 20746.5], [20604.0, 20749.5], [20604.0, 20751.0], [20605.5, 20751.0], [20613.0, 20758.5], [20613.0, 20760.0], [20616.0, 20763.0], [20616.0, 20764.5], [20620.5, 20769.0], [20625.0, 20769.0], [20626.5, 20767.5], [20628.0, 20767.5], [20629.5, 20766.0], [20632.5, 20766.0], [20634.0, 20764.5], [20640.0, 20764.5], [20641.5, 20766.0], [20643.0, 20766.0], [20644.5, 20767.5], [20646.0, 20767.5], [20647.5, 20769.0], [20647.5, 20761.5], [20649.0, 20760.0], [20649.0, 20758.5], [20650.5, 20757.0], [20650.5, 20755.5], [20652.0, 20754.0], [20652.0, 20751.0], [20653.5, 20749.5], [20653.5, 20748.0], [20655.0, 20746.5], [20655.0, 20745.0], [20656.5, 20743.5], [20658.0, 20743.5], [20659.5, 20742.0], [20659.5, 20740.5], [20658.0, 20740.5], [20656.5, 20739.0], [20656.5, 20736.0], [20599.5, 20736.0]]]}}, {"type": "Feature", "properties": {"class_id": 5, "classification": "Edge & Air Bubble", "area": 612.0}, "geometry": {"type": "Polygon", "coordinates": [[[10060.5, 20736.0], [10060.5, 20739.0], [10059.0, 20740.5], [10060.5, 20742.0], [10060.5, 20746.5], [10062.0, 20748.0], [10062.0, 20749.5], [10063.5, 20751.0], [10063.5, 20752.5], [10065.0, 20752.5], [10066.5, 20754.0], [10071.0, 20754.0], [10072.5, 20752.5], [10084.5, 20752.5], [10086.0, 20751.0], [10087.5, 20751.0], [10093.5, 20745.0], [10095.0, 20745.0], [10096.5, 20743.5], [10098.0, 20743.5], [10099.5, 20742.0], [10108.5, 20742.0], [10108.5, 20739.0], [10107.0, 20737.5], [10107.0, 20736.0], [10060.5, 20736.0]]]}}, {"type": "Feature", "properties": {"class_id": 5, "classification": "Edge & Air Bubble", "area": 3618.0}, "geometry": {"type": "Polygon", "coordinates": [[[23485.5, 18468.0], [23484.0, 18469.5], [23481.0, 18469.5], [23478.0, 18472.5], [23476.5, 18472.5], [23470.5, 18478.5], [23467.5, 18478.5], [23466.0, 18480.0], [23463.0, 18480.0], [23461.5, 18481.5], [23458.5, 18481.5], [23457.0, 18483.0], [23455.5, 18483.0], [23448.0, 18490.5], [23448.0, 18492.0], [23446.5, 18493.5], [23446.5, 18495.0], [23445.0, 18496.5], [23445.0, 18498.0], [23442.0, 18501.0], [23440.5, 18501.0], [23439.0, 18502.5], [23433.0, 18502.5], [23431.5, 18501.0], [23425.5, 18501.0], [23424.0, 18499.5], [23421.0, 18499.5], [23419.5, 18498.0], [23413.5, 18498.0], [23412.0, 18496.5], [23407.5, 18496.5], [23406.0, 18495.0], [23403.0, 18495.0], [23401.5, 18493.5], [23395.5, 18493.5], [23394.0, 18495.0], [23394.0, 18501.0], [23395.5, 18502.5], [23395.5, 18504.0], [23397.0, 18505.5], [23397.0, 18507.0], [23398.5, 18508.5], [23398.5, 18510.0], [23404.5, 18516.0], [23404.5, 18517.5], [23406.0, 18519.0], [23407.5, 18519.0], [23409.0, 18520.5], [23410.5, 18520.5], [23412.0, 18522.0], [23416.5, 18522.0], [23418.0, 18523.5], [23421.0, 18523.5], [23422.5, 18525.0], [23437.5, 18525.0], [23439.0, 18523.5], [23445.0, 18523.5], [23446.5, 18525.0], [23457.0, 18525.0], [23458.5, 18523.5], [23466.0, 18523.5], [23467.5, 18522.0], [23472.0, 18522.0], [23473.5, 18520.5], [23476.5, 18520.5], [23478.0, 18519.0], [23479.5, 18519.0], [23481.0, 18517.5], [23482.5, 18517.5], [23484.0, 18516.0], [23485.5, 18516.0], [23487.0, 18514.5], [23488.5, 18514.5], [23496.0, 18507.0], [23496.0, 18505.5], [23499.0, 18502.5], [23499.0, 18501.0], [23500.5, 18499.5], [23500.5, 18498.0], [23502.0, 18496.5], [23502.0, 18495.0], [23503.5, 18493.5], [23503.5, 18492.0], [23505.0, 18490.5], [23505.0, 18487.5], [23506.5, 18486.0], [23506.5, 18483.0], [23508.0, 18481.5], [23508.0, 18472.5], [23505.0, 18469.5], [23502.0, 18469.5], [23500.5, 18468.0], [23485.5, 18468.0]]]}}, {"type": "Feature", "properties": {"class_id": 5, "classification": "Edge & Air Bubble", "area": 84.375}, "geometry": {"type": "Polygon", "coordinates": [[[25344.0, 18432.0], [25344.0, 18441.0], [25345.5, 18442.5], [25347.0, 18442.5], [25348.5, 18444.0], [25350.0, 18444.0], [25350.0, 18442.5], [25353.0, 18439.5], [25353.0, 18438.0], [25351.5, 18436.5], [25351.5, 18432.0], [25344.0, 18432.0]]]}}, {"type": "Feature", "properties": {"class_id": 5, "classification": "Edge & Air Bubble", "area": 53931.375}, "geometry": {"type": "Polygon", "coordinates": [[[23584.5, 18250.5], [23583.0, 18252.0], [23578.5, 18252.0], [23577.0, 18253.5], [23575.5, 18253.5], [23571.0, 18258.0], [23569.5, 18258.0], [23568.0, 18259.5], [23565.0, 18259.5], [23562.0, 18262.5], [23560.5, 18262.5], [23560.5, 18264.0], [23548.5, 18276.0], [23547.0, 18276.0], [23544.0, 18279.0], [23542.5, 18279.0], [23538.0, 18283.5], [23536.5, 18283.5], [23532.0, 18288.0], [23532.0, 18289.5], [23530.5, 18291.0], [23530.5, 18292.5], [23527.5, 18295.5], [23527.5, 18297.0], [23526.0, 18298.5], [23526.0, 18300.0], [23521.5, 18304.5], [23521.5, 18306.0], [23515.5, 18312.0], [23514.0, 18312.0], [23512.5, 18313.5], [23509.5, 18313.5], [23508.0, 18315.0], [23506.5, 18315.0], [23505.0, 18316.5], [23502.0, 18316.5], [23500.5, 18318.0], [23499.0, 18318.0], [23497.5, 18319.5], [23497.5, 18321.0], [23496.0, 18322.5], [23496.0, 18328.5], [23494.5, 18330.0], [23494.5, 18331.5], [23493.0, 18333.0], [23493.0, 18334.5], [23491.5, 18336.0], [23491.5, 18337.5], [23487.0, 18342.0], [23485.5, 18342.0], [23484.0, 18343.5], [23482.5, 18343.5], [23479.5, 18346.5], [23475.0, 18346.5], [23473.5, 18348.0], [23466.0, 18348.0], [23464.5, 18349.5], [23463.0, 18349.5], [23461.5, 18351.0], [23460.0, 18351.0], [23455.5, 18355.5], [23455.5, 18357.0], [23446.5, 18366.0], [23445.0, 18366.0], [23443.5, 18367.5], [23442.0, 18367.5], [23439.0, 18370.5], [23437.5, 18370.5], [23437.5, 18372.0], [23434.5, 18375.0], [23434.5, 18378.0], [23436.0, 18379.5], [23436.0, 18382.5], [23437.5, 18384.0], [23437.5, 18391.5], [23436.0, 18393.0], [23436.0, 18394.5], [23434.5, 18396.0], [23434.5, 18412.5], [23431.5, 18415.5], [23431.5, 18417.0], [23425.5, 18423.0], [23425.5, 18430.5], [23586.0, 18430.5], [23587.5, 18429.0], [23587.5, 18427.5], [23590.5, 18424.5], [23605.5, 18424.5], [23607.0, 18423.0], [23607.0, 18415.5], [23608.5, 18414.0], [23608.5, 18409.5], [23610.0, 18408.0], [23610.0, 18406.5], [23611.5, 18405.0], [23611.5, 18403.5], [23616.0, 18399.0], [23616.0, 18397.5], [23619.0, 18394.5], [23619.0, 18393.0], [23623.5, 18388.5], [23623.5, 18387.0], [23626.5, 18384.0], [23626.5, 18382.5], [23631.0, 18378.0], [23631.0, 18376.5], [23632.5, 18375.0], [23632.5, 18373.5], [23637.0, 18369.0], [23637.0, 18367.5], [23638.5, 18366.0], [23637.0, 18364.5], [23635.5, 18364.5], [23634.0, 18363.0], [23632.5, 18363.0], [23631.0, 18361.5], [23629.5, 18361.5], [23625.0, 18357.0], [23625.0, 18355.5], [23623.5, 18354.0], [23623.5, 18345.0], [23625.0, 18343.5], [23625.0, 18342.0], [23626.5, 18340.5], [23626.5, 18339.0], [23629.5, 18336.0], [23629.5, 18334.5], [23631.0, 18333.0], [23631.0, 18330.0], [23629.5, 18330.0], [23628.0, 18328.5], [23613.0, 18328.5], [23611.5, 18327.0], [23610.0, 18327.0], [23604.0, 18321.0], [23604.0, 18318.0], [23602.5, 18316.5], [23607.0, 18312.0], [23608.5, 18312.0], [23610.0, 18310.5], [23616.0, 18310.5], [23617.5, 18309.0], [23623.5, 18309.0], [23625.0, 18307.5], [23626.5, 18307.5], [23631.0, 18303.0], [23635.5, 18303.0], [23638.5, 18306.0], [23638.5, 18321.0], [23640.0, 18322.5], [23640.0, 18330.0], [23641.5, 18331.5], [23641.5, 18333.0], [23643.0, 18334.5], [23643.0, 18337.5], [23644.5, 18339.0], [23644.5, 18354.0], [23643.0, 18355.5], [23643.0, 18363.0], [23649.0, 18369.0], [23650.5, 18369.0], [23653.5, 18372.0], [23655.0, 18372.0], [23658.0, 18375.0], [23661.0, 18375.0], [23662.5, 18376.5], [23664.0, 18376.5], [23665.5, 18378.0], [23667.0, 18378.0], [23668.5, 18379.5], [23670.0, 18379.5], [23671.5, 18381.0], [23673.0, 18381.0], [23674.5, 18382.5], [23676.0, 18382.5], [23677.5, 18384.0], [23679.0, 18384.0], [23688.0, 18393.0], [23688.0, 18394.5], [23689.5, 18396.0], [23689.5, 18397.5], [23691.0, 18399.0], [23691.0, 18420.0], [23689.5, 18421.5], [23689.5, 18426.0], [23691.0, 18427.5], [23691.0, 18430.5], [23721.0, 18430.5], [23722.5, 18432.0], [23722.5, 18438.0], [23724.0, 18439.5], [23724.0, 18441.0], [23725.5, 18442.5], [23725.5, 18444.0], [23727.0, 18445.5], [23727.0, 18447.0], [23728.5, 18448.5], [23728.5, 18450.0], [23730.0, 18451.5], [23730.0, 18453.0], [23731.5, 18454.5], [23731.5, 18456.0], [23733.0, 18457.5], [23733.0, 18472.5], [23731.5, 18474.0], [23731.5, 18475.5], [23728.5, 18478.5], [23728.5, 18480.0], [23727.0, 18481.5], [23727.0, 18483.0], [23728.5, 18484.5], [23728.5, 18486.0], [23731.5, 18489.0], [23731.5, 18493.5], [23730.0, 18495.0], [23728.5, 18495.0], [23727.0, 18493.5], [23724.0, 18493.5], [23722.5, 18495.0], [23722.5, 18501.0], [23724.0, 18502.5], [23724.0, 18505.5], [23725.5, 18507.0], [23725.5, 18510.0], [23727.0, 18511.5], [23727.0, 18514.5], [23728.5, 18516.0], [23728.5, 18517.5], [23730.0, 18519.0], [23730.0, 18520.5], [23736.0, 18526.5], [23736.0, 18528.0], [23739.0, 18531.0], [23739.0, 18532.5], [23742.0, 18535.5], [23742.0, 18537.0], [23748.0, 18543.0], [23749.5, 18543.0], [23754.0, 18547.5], [23755.5, 18547.5], [23760.0, 18552.0], [23761.5, 18552.0], [23763.0, 18553.5], [23766.0, 18553.5], [23767.5, 18555.0], [23769.0, 18555.0], [23770.5, 18553.5], [23773.5, 18553.5], [23775.0, 18552.0], [23776.5, 18552.0], [23782.5, 18546.0], [23782.5, 18544.5], [23784.0, 18543.0], [23784.0, 18528.0], [23782.5, 18526.5], [23782.5, 18525.0], [23770.5, 18513.0], [23770.5, 18511.5], [23769.0, 18510.0], [23769.0, 18504.0], [23770.5, 18502.5], [23770.5, 18498.0], [23772.0, 18496.5], [23772.0, 18493.5], [23773.5, 18492.0], [23773.5, 18490.5], [23775.0, 18489.0], [23775.0, 18487.5], [23776.5, 18486.0], [23776.5, 18484.5], [23781.0, 18480.0], [23781.0, 18462.0], [23779.5, 18460.5], [23779.5, 18459.0], [23778.0, 18457.5], [23778.0, 18450.0], [23776.5, 18448.5], [23776.5, 18447.0], [23775.0, 18447.0], [23773.5, 18445.5], [23772.0, 18445.5], [23770.5, 18447.0], [23769.0, 18447.0], [23767.5, 18448.5], [23761.5, 18448.5], [23757.0, 18444.0], [23757.0, 18439.5], [23758.5, 18438.0], [23758.5, 18435.0], [23757.0, 18433.5], [23757.0, 18432.0], [23758.5, 18430.5], [23806.5, 18430.5], [23806.5, 18289.5], [23803.5, 18289.5], [23802.0, 18288.0], [23794.5, 18288.0], [23793.0, 18289.5], [23781.0, 18289.5], [23779.5, 18288.0], [23775.0, 18288.0], [23773.5, 18286.5], [23769.0, 18286.5], [23767.5, 18285.0], [23764.5, 18285.0], [23763.0, 18283.5], [23758.5, 18283.5], [23757.0, 18282.0], [23755.5, 18282.0], [23748.0, 18274.5], [23746.5, 18274.5], [23743.5, 18271.5], [23740.5, 18271.5], [23739.0, 18270.0], [23731.5, 18270.0], [23730.0, 18268.5], [23713.5, 18268.5], [23712.0, 18267.0], [23709.0, 18267.0], [23707.5, 18265.5], [23703.0, 18265.5], [23701.5, 18264.0], [23697.0, 18264.0], [23695.5, 18262.5], [23691.0, 18262.5], [23689.5, 18261.0], [23683.5, 18261.0], [23682.0, 18259.5], [23665.5, 18259.5], [23664.0, 18258.0], [23661.0, 18258.0], [23659.5, 18256.5], [23656.5, 18256.5], [23655.0, 18255.0], [23646.0, 18255.0], [23644.5, 18256.5], [23641.5, 18256.5], [23640.0, 18255.0], [23613.0, 18255.0], [23611.5, 18253.5], [23602.5, 18253.5], [23601.0, 18252.0], [23593.5, 18252.0], [23592.0, 18250.5], [23584.5, 18250.5]]]}}, {"type": "Feature", "properties": {"class_id": 5, "classification": "Edge & Air Bubble", "area": 27.0}, "geometry": {"type": "Polygon", "coordinates": [[[27066.0, 17035.5], [27064.5, 17037.0], [27063.0, 17037.0], [27060.0, 17040.0], [27060.0, 17041.5], [27064.5, 17041.5], [27067.5, 17038.5], [27067.5, 17037.0], [27066.0, 17035.5]]]}}, {"type": "Feature", "properties": {"class_id": 5, "classification": "Edge & Air Bubble", "area": 118.125}, "geometry": {"type": "Polygon", "coordinates": [[[27108.0, 17023.5], [27108.0, 17029.5], [27109.5, 17029.5], [27111.0, 17031.0], [27112.5, 17029.5], [27117.0, 17029.5], [27117.0, 17025.0], [27118.5, 17023.5], [27118.5, 17020.5], [27123.0, 17016.0], [27115.5, 17016.0], [27108.0, 17023.5]]]}}, {"type": "Feature", "properties": {"class_id": 5, "classification": "Edge & Air Bubble", "area": 167.625}, "geometry": {"type": "Polygon", "coordinates": [[[26992.5, 16929.0], [26991.0, 16929.0], [26989.5, 16930.5], [26985.0, 16930.5], [26985.0, 16935.0], [26992.5, 16935.0], [26995.5, 16938.0], [26995.5, 16947.0], [26997.0, 16947.0], [26998.5, 16945.5], [27000.0, 16945.5], [27001.5, 16944.0], [27004.5, 16944.0], [27006.0, 16942.5], [27003.0, 16939.5], [27001.5, 16939.5], [26998.5, 16936.5], [26998.5, 16935.0], [26997.0, 16933.5], [27001.5, 16929.0], [27001.5, 16927.5], [26998.5, 16927.5], [26997.0, 16926.0], [26995.5, 16926.0], [26992.5, 16929.0]]]}}, {"type": "Feature", "properties": {"class_id": 5, "classification": "Edge & Air Bubble", "area": 15.75}, "geometry": {"type": "Polygon", "coordinates": [[[26980.5, 16897.5], [26989.5, 16897.5], [26991.0, 16896.0], [26979.0, 16896.0], [26980.5, 16897.5]]]}}, {"type": "Feature", "properties": {"class_id": 5, "classification": "Edge & Air Bubble", "area": 2319.75}, "geometry": {"type": "Polygon", "coordinates": [[[9291.0, 15913.5], [9286.5, 15918.0], [9286.5, 15919.5], [9285.0, 15921.0], [9285.0, 15939.0], [9283.5, 15940.5], [9283.5, 15964.5], [9285.0, 15966.0], [9285.0, 15969.0], [9301.5, 15985.5], [9303.0, 15985.5], [9304.5, 15987.0], [9310.5, 15987.0], [9312.0, 15988.5], [9313.5, 15987.0], [9315.0, 15988.5], [9316.5, 15988.5], [9318.0, 15990.0], [9319.5, 15988.5], [9319.5, 15987.0], [9321.0, 15985.5], [9321.0, 15982.5], [9319.5, 15981.0], [9319.5, 15972.0], [9321.0, 15970.5], [9321.0, 15969.0], [9322.5, 15967.5], [9322.5, 15964.5], [9324.0, 15963.0], [9324.0, 15945.0], [9322.5, 15943.5], [9322.5, 15942.0], [9321.0, 15940.5], [9321.0, 15939.0], [9318.0, 15936.0], [9318.0, 15934.5], [9316.5, 15933.0], [9316.5, 15931.5], [9313.5, 15928.5], [9313.5, 15927.0], [9301.5, 15915.0], [9300.0, 15915.0], [9298.5, 15913.5], [9291.0, 15913.5]]]}}, {"type": "Feature", "properties": {"class_id": 5, "classification": "Edge & Air Bubble", "area": 2343.375}, "geometry": {"type": "Polygon", "coordinates": [[[5593.5, 9709.5], [5592.0, 9711.0], [5592.0, 9712.5], [5590.5, 9714.0], [5590.5, 9715.5], [5578.5, 9727.5], [5578.5, 9729.0], [5571.0, 9736.5], [5569.5, 9736.5], [5569.5, 9738.0], [5566.5, 9741.0], [5566.5, 9742.5], [5563.5, 9745.5], [5562.0, 9745.5], [5562.0, 9748.5], [5563.5, 9748.5], [5566.5, 9751.5], [5566.5, 9763.5], [5568.0, 9765.0], [5568.0, 9766.5], [5572.5, 9771.0], [5574.0, 9771.0], [5575.5, 9772.5], [5577.0, 9772.5], [5578.5, 9774.0], [5598.0, 9774.0], [5599.5, 9772.5], [5602.5, 9772.5], [5604.0, 9771.0], [5605.5, 9771.0], [5610.0, 9766.5], [5610.0, 9765.0], [5613.0, 9762.0], [5613.0, 9760.5], [5614.5, 9759.0], [5614.5, 9754.5], [5613.0, 9753.0], [5613.0, 9748.5], [5614.5, 9747.0], [5614.5, 9741.0], [5613.0, 9739.5], [5613.0, 9733.5], [5611.5, 9732.0], [5611.5, 9729.0], [5610.0, 9727.5], [5610.0, 9723.0], [5608.5, 9721.5], [5608.5, 9720.0], [5607.0, 9718.5], [5607.0, 9717.0], [5599.5, 9709.5], [5593.5, 9709.5]]]}}, {"type": "Feature", "properties": {"class_id": 5, "classification": "Edge & Air Bubble", "area": 8336.25}, "geometry": {"type": "Polygon", "coordinates": [[[5682.0, 9619.5], [5679.0, 9622.5], [5677.5, 9622.5], [5674.5, 9625.5], [5673.0, 9625.5], [5673.0, 9627.0], [5670.0, 9630.0], [5670.0, 9631.5], [5667.0, 9634.5], [5667.0, 9636.0], [5665.5, 9637.5], [5665.5, 9640.5], [5664.0, 9642.0], [5664.0, 9643.5], [5659.5, 9648.0], [5659.5, 9649.5], [5652.0, 9657.0], [5652.0, 9658.5], [5650.5, 9660.0], [5650.5, 9666.0], [5652.0, 9667.5], [5652.0, 9672.0], [5653.5, 9673.5], [5653.5, 9675.0], [5655.0, 9676.5], [5655.0, 9679.5], [5656.5, 9681.0], [5656.5, 9682.5], [5658.0, 9684.0], [5658.0, 9685.5], [5659.5, 9687.0], [5659.5, 9688.5], [5664.0, 9693.0], [5664.0, 9694.5], [5671.5, 9702.0], [5674.5, 9702.0], [5676.0, 9703.5], [5677.5, 9703.5], [5679.0, 9705.0], [5682.0, 9705.0], [5683.5, 9706.5], [5685.0, 9706.5], [5686.5, 9708.0], [5686.5, 9709.5], [5689.5, 9712.5], [5689.5, 9715.5], [5691.0, 9717.0], [5691.0, 9718.5], [5692.5, 9720.0], [5692.5, 9721.5], [5700.0, 9729.0], [5701.5, 9729.0], [5703.0, 9730.5], [5704.5, 9730.5], [5706.0, 9732.0], [5709.0, 9732.0], [5710.5, 9733.5], [5712.0, 9733.5], [5713.5, 9735.0], [5716.5, 9735.0], [5718.0, 9736.5], [5719.5, 9736.5], [5721.0, 9738.0], [5722.5, 9738.0], [5724.0, 9739.5], [5725.5, 9739.5], [5727.0, 9741.0], [5730.0, 9741.0], [5731.5, 9742.5], [5746.5, 9742.5], [5748.0, 9741.0], [5764.5, 9741.0], [5766.0, 9739.5], [5767.5, 9739.5], [5769.0, 9738.0], [5770.5, 9738.0], [5772.0, 9736.5], [5773.5, 9736.5], [5778.0, 9732.0], [5778.0, 9730.5], [5779.5, 9729.0], [5779.5, 9720.0], [5778.0, 9718.5], [5778.0, 9717.0], [5776.5, 9715.5], [5776.5, 9714.0], [5773.5, 9711.0], [5773.5, 9709.5], [5772.0, 9708.0], [5772.0, 9706.5], [5770.5, 9705.0], [5770.5, 9702.0], [5769.0, 9700.5], [5769.0, 9688.5], [5770.5, 9687.0], [5770.5, 9682.5], [5772.0, 9681.0], [5772.0, 9678.0], [5773.5, 9676.5], [5772.0, 9675.0], [5772.0, 9672.0], [5764.5, 9664.5], [5755.5, 9664.5], [5754.0, 9666.0], [5752.5, 9666.0], [5751.0, 9667.5], [5749.5, 9667.5], [5748.0, 9669.0], [5745.0, 9669.0], [5743.5, 9670.5], [5739.0, 9670.5], [5737.5, 9672.0], [5718.0, 9672.0], [5716.5, 9670.5], [5712.0, 9670.5], [5710.5, 9669.0], [5707.5, 9669.0], [5704.5, 9666.0], [5703.0, 9666.0], [5700.0, 9663.0], [5700.0, 9661.5], [5697.0, 9658.5], [5697.0, 9654.0], [5695.5, 9652.5], [5695.5, 9646.5], [5694.0, 9645.0], [5694.0, 9639.0], [5692.5, 9637.5], [5692.5, 9631.5], [5691.0, 9630.0], [5691.0, 9622.5], [5688.0, 9619.5], [5682.0, 9619.5]]]}}, {"type": "Feature", "properties": {"class_id": 5, "classification": "Edge & Air Bubble", "area": 28288.125}, "geometry": {"type": "Polygon", "coordinates": [[[5244.0, 8692.5], [5241.0, 8695.5], [5238.0, 8695.5], [5236.5, 8697.0], [5214.0, 8697.0], [5212.5, 8698.5], [5208.0, 8698.5], [5206.5, 8700.0], [5205.0, 8700.0], [5203.5, 8701.5], [5202.0, 8701.5], [5200.5, 8703.0], [5197.5, 8703.0], [5196.0, 8704.5], [5185.5, 8704.5], [5184.0, 8706.0], [5179.5, 8706.0], [5178.0, 8707.5], [5173.5, 8707.5], [5172.0, 8709.0], [5170.5, 8709.0], [5169.0, 8710.5], [5169.0, 8713.5], [5170.5, 8715.0], [5170.5, 8716.5], [5172.0, 8718.0], [5172.0, 8722.5], [5170.5, 8724.0], [5170.5, 8725.5], [5163.0, 8733.0], [5161.5, 8733.0], [5160.0, 8734.5], [5158.5, 8734.5], [5157.0, 8736.0], [5151.0, 8736.0], [5145.0, 8730.0], [5140.5, 8730.0], [5137.5, 8733.0], [5137.5, 8736.0], [5136.0, 8737.5], [5136.0, 8739.0], [5134.5, 8740.5], [5134.5, 8743.5], [5133.0, 8745.0], [5133.0, 8755.5], [5131.5, 8757.0], [5131.5, 8760.0], [5130.0, 8761.5], [5130.0, 8763.0], [5128.5, 8764.5], [5128.5, 8766.0], [5127.0, 8767.5], [5127.0, 8790.0], [5125.5, 8791.5], [5125.5, 8793.0], [5127.0, 8794.5], [5127.0, 8797.5], [5128.5, 8799.0], [5128.5, 8803.5], [5130.0, 8805.0], [5130.0, 8808.0], [5128.5, 8809.5], [5128.5, 8838.0], [5130.0, 8839.5], [5130.0, 8841.0], [5131.5, 8842.5], [5131.5, 8844.0], [5133.0, 8845.5], [5133.0, 8847.0], [5134.5, 8848.5], [5134.5, 8850.0], [5136.0, 8851.5], [5137.5, 8851.5], [5140.5, 8854.5], [5142.0, 8854.5], [5148.0, 8860.5], [5154.0, 8860.5], [5155.5, 8862.0], [5160.0, 8862.0], [5161.5, 8863.5], [5167.5, 8863.5], [5169.0, 8862.0], [5170.5, 8862.0], [5172.0, 8860.5], [5173.5, 8860.5], [5175.0, 8859.0], [5178.0, 8859.0], [5179.5, 8857.5], [5181.0, 8857.5], [5182.5, 8856.0], [5184.0, 8856.0], [5185.5, 8854.5], [5193.0, 8854.5], [5194.5, 8856.0], [5196.0, 8856.0], [5203.5, 8863.5], [5203.5, 8865.0], [5208.0, 8869.5], [5208.0, 8871.0], [5211.0, 8874.0], [5211.0, 8878.5], [5212.5, 8880.0], [5212.5, 8881.5], [5220.0, 8889.0], [5220.0, 8890.5], [5223.0, 8893.5], [5223.0, 8895.0], [5224.5, 8896.5], [5224.5, 8898.0], [5227.5, 8901.0], [5227.5, 8902.5], [5230.5, 8905.5], [5230.5, 8907.0], [5232.0, 8907.0], [5241.0, 8916.0], [5241.0, 8917.5], [5242.5, 8919.0], [5244.0, 8919.0], [5250.0, 8925.0], [5251.5, 8925.0], [5254.5, 8928.0], [5256.0, 8928.0], [5257.5, 8929.5], [5259.0, 8929.5], [5260.5, 8931.0], [5262.0, 8931.0], [5263.5, 8932.5], [5271.0, 8932.5], [5272.5, 8931.0], [5275.5, 8931.0], [5277.0, 8929.5], [5278.5, 8929.5], [5280.0, 8928.0], [5281.5, 8928.0], [5283.0, 8926.5], [5284.5, 8926.5], [5286.0, 8925.0], [5286.0, 8923.5], [5289.0, 8920.5], [5289.0, 8917.5], [5290.5, 8916.0], [5290.5, 8913.0], [5292.0, 8911.5], [5292.0, 8908.5], [5298.0, 8902.5], [5298.0, 8901.0], [5299.5, 8899.5], [5299.5, 8896.5], [5301.0, 8895.0], [5301.0, 8893.5], [5302.5, 8892.0], [5302.5, 8890.5], [5304.0, 8889.0], [5304.0, 8878.5], [5302.5, 8877.0], [5302.5, 8875.5], [5299.5, 8872.5], [5299.5, 8871.0], [5298.0, 8869.5], [5296.5, 8869.5], [5287.5, 8860.5], [5287.5, 8857.5], [5286.0, 8856.0], [5286.0, 8844.0], [5284.5, 8842.5], [5284.5, 8838.0], [5283.0, 8836.5], [5283.0, 8818.5], [5284.5, 8817.0], [5284.5, 8812.5], [5286.0, 8811.0], [5286.0, 8808.0], [5287.5, 8806.5], [5287.5, 8803.5], [5289.0, 8802.0], [5289.0, 8799.0], [5290.5, 8797.5], [5290.5, 8791.5], [5292.0, 8790.0], [5292.0, 8779.5], [5290.5, 8778.0], [5290.5, 8770.5], [5289.0, 8769.0], [5289.0, 8760.0], [5287.5, 8758.5], [5287.5, 8749.5], [5286.0, 8748.0], [5286.0, 8737.5], [5284.5, 8736.0], [5284.5, 8734.5], [5283.0, 8733.0], [5283.0, 8731.5], [5281.5, 8730.0], [5281.5, 8728.5], [5280.0, 8727.0], [5280.0, 8725.5], [5277.0, 8722.5], [5277.0, 8721.0], [5275.5, 8719.5], [5275.5, 8718.0], [5274.0, 8716.5], [5274.0, 8713.5], [5272.5, 8712.0], [5272.5, 8710.5], [5269.5, 8707.5], [5269.5, 8706.0], [5259.0, 8695.5], [5257.5, 8695.5], [5256.0, 8694.0], [5254.5, 8694.0], [5253.0, 8692.5], [5244.0, 8692.5]]]}}, {"type": "Feature", "properties": {"class_id": 5, "classification": "Edge & Air Bubble", "area": 6868.125}, "geometry": {"type": "Polygon", "coordinates": [[[18330.0, 7218.0], [18328.5, 7219.5], [18327.0, 7219.5], [18321.0, 7225.5], [18321.0, 7227.0], [18319.5, 7228.5], [18319.5, 7231.5], [18318.0, 7233.0], [18318.0, 7234.5], [18312.0, 7240.5], [18312.0, 7242.0], [18309.0, 7245.0], [18309.0, 7246.5], [18307.5, 7248.0], [18307.5, 7249.5], [18306.0, 7251.0], [18306.0, 7252.5], [18304.5, 7254.0], [18304.5, 7258.5], [18303.0, 7260.0], [18303.0, 7267.5], [18304.5, 7269.0], [18304.5, 7272.0], [18306.0, 7273.5], [18306.0, 7275.0], [18307.5, 7276.5], [18307.5, 7287.0], [18306.0, 7288.5], [18306.0, 7291.5], [18304.5, 7293.0], [18304.5, 7294.5], [18301.5, 7297.5], [18301.5, 7299.0], [18300.0, 7300.5], [18300.0, 7302.0], [18297.0, 7305.0], [18297.0, 7306.5], [18295.5, 7308.0], [18295.5, 7309.5], [18291.0, 7314.0], [18289.5, 7314.0], [18286.5, 7317.0], [18285.0, 7317.0], [18280.5, 7321.5], [18279.0, 7321.5], [18277.5, 7323.0], [18276.0, 7323.0], [18274.5, 7324.5], [18271.5, 7324.5], [18268.5, 7327.5], [18267.0, 7327.5], [18259.5, 7335.0], [18259.5, 7336.5], [18258.0, 7338.0], [18258.0, 7345.5], [18259.5, 7347.0], [18270.0, 7347.0], [18271.5, 7345.5], [18273.0, 7345.5], [18274.5, 7344.0], [18277.5, 7344.0], [18279.0, 7342.5], [18280.5, 7342.5], [18282.0, 7341.0], [18291.0, 7341.0], [18292.5, 7342.5], [18297.0, 7342.5], [18298.5, 7344.0], [18301.5, 7344.0], [18303.0, 7345.5], [18304.5, 7345.5], [18306.0, 7347.0], [18307.5, 7347.0], [18315.0, 7354.5], [18316.5, 7354.5], [18318.0, 7353.0], [18319.5, 7353.0], [18322.5, 7350.0], [18325.5, 7350.0], [18327.0, 7348.5], [18330.0, 7348.5], [18331.5, 7350.0], [18334.5, 7350.0], [18336.0, 7348.5], [18336.0, 7342.5], [18342.0, 7336.5], [18342.0, 7335.0], [18346.5, 7330.5], [18346.5, 7326.0], [18348.0, 7324.5], [18348.0, 7320.0], [18349.5, 7318.5], [18349.5, 7317.0], [18354.0, 7312.5], [18354.0, 7311.0], [18355.5, 7309.5], [18355.5, 7308.0], [18357.0, 7306.5], [18357.0, 7293.0], [18360.0, 7290.0], [18360.0, 7288.5], [18361.5, 7287.0], [18363.0, 7287.0], [18366.0, 7284.0], [18366.0, 7282.5], [18369.0, 7279.5], [18369.0, 7275.0], [18364.5, 7270.5], [18351.0, 7270.5], [18348.0, 7267.5], [18348.0, 7263.0], [18346.5, 7261.5], [18346.5, 7257.0], [18348.0, 7255.5], [18348.0, 7251.0], [18346.5, 7249.5], [18346.5, 7248.0], [18348.0, 7246.5], [18348.0, 7243.5], [18349.5, 7242.0], [18349.5, 7240.5], [18351.0, 7239.0], [18351.0, 7228.5], [18346.5, 7224.0], [18345.0, 7224.0], [18343.5, 7222.5], [18342.0, 7222.5], [18340.5, 7221.0], [18339.0, 7221.0], [18337.5, 7219.5], [18334.5, 7219.5], [18333.0, 7218.0], [18330.0, 7218.0]]]}}, {"type": "Feature", "properties": {"class_id": 5, "classification": "Edge & Air Bubble", "area": 2020.5}, "geometry": {"type": "Polygon", "coordinates": [[[18019.5, 7080.0], [18018.0, 7081.5], [18015.0, 7081.5], [18007.5, 7089.0], [18007.5, 7090.5], [18003.0, 7095.0], [18003.0, 7096.5], [18000.0, 7099.5], [18000.0, 7101.0], [17998.5, 7102.5], [17998.5, 7107.0], [18001.5, 7110.0], [18001.5, 7111.5], [18003.0, 7113.0], [18003.0, 7114.5], [18004.5, 7116.0], [18004.5, 7117.5], [18007.5, 7120.5], [18007.5, 7122.0], [18012.0, 7126.5], [18018.0, 7126.5], [18019.5, 7125.0], [18022.5, 7125.0], [18024.0, 7123.5], [18028.5, 7123.5], [18031.5, 7126.5], [18031.5, 7128.0], [18037.5, 7134.0], [18046.5, 7134.0], [18048.0, 7132.5], [18055.5, 7132.5], [18064.5, 7141.5], [18067.5, 7141.5], [18070.5, 7138.5], [18070.5, 7135.5], [18064.5, 7129.5], [18063.0, 7129.5], [18058.5, 7125.0], [18058.5, 7117.5], [18057.0, 7116.0], [18057.0, 7114.5], [18055.5, 7114.5], [18054.0, 7113.0], [18052.5, 7113.0], [18051.0, 7111.5], [18043.5, 7111.5], [18042.0, 7110.0], [18039.0, 7110.0], [18036.0, 7107.0], [18037.5, 7105.5], [18037.5, 7104.0], [18039.0, 7102.5], [18039.0, 7092.0], [18037.5, 7090.5], [18037.5, 7089.0], [18034.5, 7086.0], [18033.0, 7086.0], [18030.0, 7083.0], [18028.5, 7083.0], [18027.0, 7081.5], [18024.0, 7081.5], [18022.5, 7080.0], [18019.5, 7080.0]]]}}, {"type": "Feature", "properties": {"class_id": 5, "classification": "Edge & Air Bubble", "area": 473.625}, "geometry": {"type": "Polygon", "coordinates": [[[18097.5, 7032.0], [18096.0, 7033.5], [18093.0, 7033.5], [18090.0, 7036.5], [18090.0, 7038.0], [18088.5, 7039.5], [18088.5, 7041.0], [18087.0, 7042.5], [18087.0, 7044.0], [18085.5, 7045.5], [18085.5, 7048.5], [18087.0, 7050.0], [18087.0, 7051.5], [18097.5, 7062.0], [18103.5, 7062.0], [18106.5, 7059.0], [18106.5, 7057.5], [18108.0, 7056.0], [18108.0, 7050.0], [18106.5, 7048.5], [18106.5, 7041.0], [18105.0, 7039.5], [18105.0, 7038.0], [18099.0, 7032.0], [18097.5, 7032.0]]]}}, {"type": "Feature", "properties": {"class_id": 5, "classification": "Edge & Air Bubble", "area": 7342.875}, "geometry": {"type": "Polygon", "coordinates": [[[17451.0, 7168.5], [17452.5, 7167.0], [17458.5, 7167.0], [17458.5, 7165.5], [17460.0, 7164.0], [17464.5, 7164.0], [17466.0, 7162.5], [17467.5, 7162.5], [17469.0, 7161.0], [17470.5, 7161.0], [17473.5, 7158.0], [17475.0, 7158.0], [17476.5, 7156.5], [17476.5, 7155.0], [17479.5, 7152.0], [17479.5, 7150.5], [17481.0, 7149.0], [17481.0, 7147.5], [17482.5, 7146.0], [17482.5, 7144.5], [17484.0, 7143.0], [17484.0, 7141.5], [17485.5, 7140.0], [17485.5, 7134.0], [17488.5, 7131.0], [17488.5, 7129.5], [17493.0, 7125.0], [17494.5, 7125.0], [17494.5, 7123.5], [17496.0, 7122.0], [17497.5, 7122.0], [17499.0, 7120.5], [17500.5, 7120.5], [17502.0, 7119.0], [17503.5, 7119.0], [17506.5, 7116.0], [17509.5, 7116.0], [17509.5, 7114.5], [17511.0, 7113.0], [17512.5, 7113.0], [17514.0, 7111.5], [17515.5, 7111.5], [17517.0, 7110.0], [17521.5, 7110.0], [17524.5, 7107.0], [17526.0, 7107.0], [17529.0, 7104.0], [17530.5, 7104.0], [17532.0, 7102.5], [17533.5, 7102.5], [17535.0, 7101.0], [17536.5, 7101.0], [17539.5, 7098.0], [17542.5, 7098.0], [17544.0, 7096.5], [17545.5, 7096.5], [17550.0, 7092.0], [17551.5, 7092.0], [17557.5, 7086.0], [17559.0, 7086.0], [17565.0, 7080.0], [17566.5, 7080.0], [17566.5, 7078.5], [17568.0, 7077.0], [17569.5, 7077.0], [17572.5, 7074.0], [17572.5, 7072.5], [17575.5, 7069.5], [17577.0, 7069.5], [17581.5, 7065.0], [17584.5, 7065.0], [17586.0, 7063.5], [17587.5, 7063.5], [17589.0, 7062.0], [17592.0, 7062.0], [17593.5, 7060.5], [17596.5, 7060.5], [17598.0, 7059.0], [17601.0, 7059.0], [17602.5, 7057.5], [17605.5, 7057.5], [17607.0, 7056.0], [17608.5, 7056.0], [17610.0, 7054.5], [17611.5, 7054.5], [17613.0, 7053.0], [17614.5, 7053.0], [17616.0, 7051.5], [17617.5, 7051.5], [17626.5, 7042.5], [17628.0, 7042.5], [17634.0, 7036.5], [17635.5, 7036.5], [17637.0, 7035.0], [17638.5, 7035.0], [17640.0, 7033.5], [17641.5, 7033.5], [17643.0, 7032.0], [17644.5, 7032.0], [17644.5, 7030.5], [17649.0, 7026.0], [17650.5, 7026.0], [17652.0, 7024.5], [17652.0, 7023.0], [17647.5, 7018.5], [17644.5, 7018.5], [17643.0, 7020.0], [17635.5, 7020.0], [17634.0, 7021.5], [17632.5, 7021.5], [17631.0, 7023.0], [17629.5, 7023.0], [17628.0, 7024.5], [17616.0, 7024.5], [17614.5, 7023.0], [17611.5, 7023.0], [17610.0, 7024.5], [17608.5, 7024.5], [17607.0, 7026.0], [17605.5, 7026.0], [17604.0, 7027.5], [17602.5, 7027.5], [17601.0, 7029.0], [17598.0, 7029.0], [17596.5, 7030.5], [17574.0, 7030.5], [17572.5, 7032.0], [17571.0, 7032.0], [17565.0, 7038.0], [17563.5, 7038.0], [17560.5, 7041.0], [17559.0, 7041.0], [17557.5, 7042.5], [17550.0, 7042.5], [17548.5, 7044.0], [17539.5, 7044.0], [17538.0, 7045.5], [17536.5, 7045.5], [17530.5, 7051.5], [17530.5, 7053.0], [17524.5, 7059.0], [17523.0, 7059.0], [17521.5, 7060.5], [17518.5, 7060.5], [17511.0, 7068.0], [17511.0, 7071.0], [17509.5, 7072.5], [17509.5, 7077.0], [17508.0, 7078.5], [17508.0, 7081.5], [17505.0, 7084.5], [17503.5, 7084.5], [17502.0, 7083.0], [17496.0, 7083.0], [17494.5, 7084.5], [17493.0, 7084.5], [17491.5, 7086.0], [17491.5, 7087.5], [17490.0, 7089.0], [17490.0, 7090.5], [17488.5, 7092.0], [17488.5, 7101.0], [17485.5, 7104.0], [17482.5, 7104.0], [17481.0, 7105.5], [17479.5, 7105.5], [17478.0, 7107.0], [17476.5, 7107.0], [17473.5, 7110.0], [17472.0, 7110.0], [17470.5, 7111.5], [17469.0, 7111.5], [17469.0, 7113.0], [17467.5, 7114.5], [17467.5, 7116.0], [17466.0, 7117.5], [17466.0, 7120.5], [17464.5, 7122.0], [17464.5, 7123.5], [17452.5, 7135.5], [17451.0, 7135.5], [17448.0, 7138.5], [17449.5, 7140.0], [17449.5, 7143.0], [17451.0, 7144.5], [17451.0, 7153.5], [17452.5, 7155.0], [17452.5, 7156.5], [17454.0, 7158.0], [17452.5, 7159.5], [17452.5, 7165.5], [17451.0, 7167.0], [17451.0, 7168.5]]]}}, {"type": "Feature", "properties": {"class_id": 5, "classification": "Edge & Air Bubble", "area": 736.875}, "geometry": {"type": "Polygon", "coordinates": [[[18067.5, 7009.5], [18066.0, 7011.0], [18064.5, 7011.0], [18063.0, 7012.5], [18061.5, 7012.5], [18060.0, 7014.0], [18058.5, 7014.0], [18057.0, 7015.5], [18055.5, 7015.5], [18052.5, 7018.5], [18052.5, 7020.0], [18051.0, 7021.5], [18049.5, 7021.5], [18048.0, 7023.0], [18046.5, 7021.5], [18043.5, 7021.5], [18043.5, 7024.5], [18045.0, 7026.0], [18045.0, 7036.5], [18046.5, 7038.0], [18046.5, 7039.5], [18048.0, 7041.0], [18049.5, 7041.0], [18051.0, 7042.5], [18054.0, 7042.5], [18055.5, 7044.0], [18063.0, 7044.0], [18064.5, 7042.5], [18066.0, 7042.5], [18070.5, 7038.0], [18070.5, 7032.0], [18072.0, 7030.5], [18072.0, 7021.5], [18073.5, 7020.0], [18073.5, 7017.0], [18075.0, 7015.5], [18075.0, 7012.5], [18072.0, 7009.5], [18067.5, 7009.5]]]}}, {"type": "Feature", "properties": {"class_id": 5, "classification": "Edge & Air Bubble", "area": 5478.75}, "geometry": {"type": "Polygon", "coordinates": [[[17664.0, 6912.0], [17664.0, 7011.0], [17665.5, 7011.0], [17665.5, 7009.5], [17668.5, 7006.5], [17668.5, 7005.0], [17671.5, 7002.0], [17673.0, 7002.0], [17676.0, 6999.0], [17677.5, 6999.0], [17677.5, 6997.5], [17679.0, 6996.0], [17679.0, 6994.5], [17680.5, 6993.0], [17682.0, 6993.0], [17688.0, 6987.0], [17689.5, 6987.0], [17689.5, 6985.5], [17697.0, 6978.0], [17701.5, 6978.0], [17703.0, 6976.5], [17704.5, 6976.5], [17706.0, 6975.0], [17707.5, 6975.0], [17709.0, 6973.5], [17710.5, 6973.5], [17712.0, 6972.0], [17713.5, 6972.0], [17713.5, 6969.0], [17721.0, 6961.5], [17722.5, 6961.5], [17724.0, 6960.0], [17725.5, 6960.0], [17725.5, 6958.5], [17727.0, 6957.0], [17728.5, 6957.0], [17728.5, 6955.5], [17730.0, 6954.0], [17731.5, 6954.0], [17731.5, 6952.5], [17734.5, 6949.5], [17734.5, 6948.0], [17737.5, 6945.0], [17737.5, 6943.5], [17739.0, 6942.0], [17740.5, 6942.0], [17743.5, 6939.0], [17745.0, 6939.0], [17754.0, 6930.0], [17755.5, 6930.0], [17755.5, 6928.5], [17757.0, 6927.0], [17758.5, 6927.0], [17758.5, 6925.5], [17760.0, 6924.0], [17763.0, 6924.0], [17763.0, 6922.5], [17764.5, 6921.0], [17764.5, 6919.5], [17766.0, 6918.0], [17767.5, 6918.0], [17770.5, 6915.0], [17773.5, 6915.0], [17775.0, 6913.5], [17776.5, 6913.5], [17778.0, 6912.0], [17664.0, 6912.0]]]}}, {"type": "Feature", "properties": {"class_id": 5, "classification": "Edge & Air Bubble", "area": 135668.25}, "geometry": {"type": "Polygon", "coordinates": [[[17947.5, 6898.5], [17946.0, 6900.0], [17944.5, 6900.0], [17940.0, 6904.5], [17938.5, 6904.5], [17937.0, 6906.0], [17937.0, 6910.5], [17935.5, 6912.0], [17928.0, 6912.0], [17925.0, 6915.0], [17925.0, 6918.0], [17922.0, 6921.0], [17920.5, 6919.5], [17917.5, 6919.5], [17916.0, 6921.0], [17914.5, 6921.0], [17913.0, 6922.5], [17911.5, 6922.5], [17908.5, 6925.5], [17908.5, 6927.0], [17907.0, 6928.5], [17905.5, 6928.5], [17904.0, 6927.0], [17898.0, 6927.0], [17896.5, 6928.5], [17895.0, 6928.5], [17895.0, 6930.0], [17893.5, 6931.5], [17890.5, 6931.5], [17889.0, 6933.0], [17887.5, 6933.0], [17884.5, 6936.0], [17883.0, 6936.0], [17881.5, 6937.5], [17880.0, 6937.5], [17877.0, 6940.5], [17875.5, 6940.5], [17872.5, 6943.5], [17872.5, 6945.0], [17871.0, 6946.5], [17871.0, 6948.0], [17869.5, 6949.5], [17868.0, 6949.5], [17868.0, 6951.0], [17866.5, 6952.5], [17865.0, 6952.5], [17865.0, 6954.0], [17863.5, 6955.5], [17862.0, 6955.5], [17862.0, 6957.0], [17859.0, 6960.0], [17859.0, 6961.5], [17857.5, 6963.0], [17856.0, 6963.0], [17854.5, 6964.5], [17854.5, 6966.0], [17850.0, 6970.5], [17850.0, 6972.0], [17844.0, 6978.0], [17844.0, 6979.5], [17841.0, 6982.5], [17841.0, 6984.0], [17839.5, 6985.5], [17838.0, 6985.5], [17835.0, 6988.5], [17835.0, 6990.0], [17833.5, 6991.5], [17832.0, 6991.5], [17832.0, 6993.0], [17830.5, 6994.5], [17829.0, 6994.5], [17829.0, 6996.0], [17827.5, 6997.5], [17826.0, 6997.5], [17824.5, 6999.0], [17823.0, 6999.0], [17821.5, 7000.5], [17820.0, 7000.5], [17820.0, 7002.0], [17818.5, 7003.5], [17817.0, 7003.5], [17817.0, 7005.0], [17809.5, 7012.5], [17808.0, 7012.5], [17800.5, 7020.0], [17800.5, 7023.0], [17799.0, 7024.5], [17797.5, 7024.5], [17794.5, 7027.5], [17794.5, 7029.0], [17793.0, 7030.5], [17793.0, 7032.0], [17790.0, 7035.0], [17790.0, 7036.5], [17787.0, 7039.5], [17785.5, 7039.5], [17784.0, 7041.0], [17782.5, 7041.0], [17781.0, 7042.5], [17778.0, 7042.5], [17776.5, 7044.0], [17775.0, 7044.0], [17773.5, 7045.5], [17770.5, 7045.5], [17767.5, 7048.5], [17766.0, 7048.5], [17763.0, 7051.5], [17761.5, 7051.5], [17758.5, 7054.5], [17757.0, 7054.5], [17754.0, 7057.5], [17754.0, 7059.0], [17751.0, 7062.0], [17751.0, 7063.5], [17748.0, 7066.5], [17745.0, 7066.5], [17745.0, 7068.0], [17743.5, 7069.5], [17742.0, 7069.5], [17739.0, 7072.5], [17737.5, 7072.5], [17734.5, 7075.5], [17730.0, 7075.5], [17730.0, 7077.0], [17728.5, 7078.5], [17725.5, 7078.5], [17722.5, 7081.5], [17721.0, 7081.5], [17712.0, 7090.5], [17712.0, 7092.0], [17710.5, 7093.5], [17710.5, 7095.0], [17709.0, 7096.5], [17707.5, 7096.5], [17701.5, 7102.5], [17700.0, 7102.5], [17700.0, 7104.0], [17698.5, 7105.5], [17695.5, 7105.5], [17689.5, 7111.5], [17688.0, 7111.5], [17685.0, 7114.5], [17683.5, 7114.5], [17680.5, 7117.5], [17674.5, 7117.5], [17673.0, 7119.0], [17671.5, 7119.0], [17667.0, 7123.5], [17664.0, 7123.5], [17662.5, 7125.0], [17661.0, 7125.0], [17659.5, 7126.5], [17652.0, 7126.5], [17650.5, 7128.0], [17646.0, 7128.0], [17644.5, 7129.5], [17643.0, 7129.5], [17641.5, 7128.0], [17638.5, 7128.0], [17637.0, 7129.5], [17635.5, 7129.5], [17632.5, 7132.5], [17631.0, 7132.5], [17631.0, 7134.0], [17629.5, 7135.5], [17626.5, 7135.5], [17623.5, 7138.5], [17622.0, 7138.5], [17619.0, 7141.5], [17614.5, 7141.5], [17613.0, 7143.0], [17611.5, 7143.0], [17610.0, 7144.5], [17605.5, 7144.5], [17604.0, 7146.0], [17601.0, 7146.0], [17599.5, 7147.5], [17596.5, 7147.5], [17595.0, 7149.0], [17592.0, 7149.0], [17590.5, 7150.5], [17583.0, 7150.5], [17581.5, 7152.0], [17580.0, 7152.0], [17578.5, 7153.5], [17574.0, 7153.5], [17572.5, 7155.0], [17571.0, 7155.0], [17569.5, 7156.5], [17568.0, 7156.5], [17566.5, 7158.0], [17565.0, 7158.0], [17563.5, 7159.5], [17556.0, 7159.5], [17554.5, 7161.0], [17553.0, 7161.0], [17551.5, 7162.5], [17545.5, 7162.5], [17542.5, 7165.5], [17541.0, 7165.5], [17541.0, 7167.0], [17539.5, 7168.5], [17529.0, 7168.5], [17527.5, 7170.0], [17526.0, 7170.0], [17520.0, 7176.0], [17518.5, 7176.0], [17517.0, 7177.5], [17514.0, 7177.5], [17512.5, 7179.0], [17511.0, 7179.0], [17509.5, 7180.5], [17508.0, 7180.5], [17506.5, 7182.0], [17505.0, 7182.0], [17503.5, 7183.5], [17502.0, 7183.5], [17499.0, 7186.5], [17497.5, 7186.5], [17494.5, 7189.5], [17496.0, 7191.0], [17502.0, 7191.0], [17503.5, 7192.5], [17508.0, 7192.5], [17509.5, 7194.0], [17511.0, 7194.0], [17512.5, 7195.5], [17524.5, 7195.5], [17526.0, 7194.0], [17527.5, 7194.0], [17530.5, 7191.0], [17563.5, 7191.0], [17565.0, 7192.5], [17568.0, 7192.5], [17569.5, 7194.0], [17572.5, 7194.0], [17574.0, 7195.5], [17580.0, 7195.5], [17581.5, 7194.0], [17583.0, 7194.0], [17586.0, 7191.0], [17587.5, 7191.0], [17592.0, 7186.5], [17593.5, 7186.5], [17595.0, 7185.0], [17596.5, 7185.0], [17598.0, 7183.5], [17599.5, 7183.5], [17601.0, 7182.0], [17602.5, 7182.0], [17604.0, 7180.5], [17605.5, 7180.5], [17607.0, 7179.0], [17608.5, 7179.0], [17610.0, 7177.5], [17611.5, 7177.5], [17613.0, 7176.0], [17617.5, 7176.0], [17619.0, 7174.5], [17623.5, 7174.5], [17625.0, 7173.0], [17626.5, 7173.0], [17628.0, 7171.5], [17631.0, 7171.5], [17632.5, 7170.0], [17638.5, 7170.0], [17640.0, 7168.5], [17647.5, 7168.5], [17649.0, 7167.0], [17655.0, 7167.0], [17658.0, 7164.0], [17662.5, 7164.0], [17662.5, 7158.0], [17664.0, 7156.5], [17667.0, 7159.5], [17668.5, 7159.5], [17670.0, 7161.0], [17683.5, 7161.0], [17685.0, 7162.5], [17686.5, 7162.5], [17688.0, 7164.0], [17691.0, 7164.0], [17692.5, 7165.5], [17697.0, 7165.5], [17698.5, 7167.0], [17701.5, 7167.0], [17703.0, 7168.5], [17706.0, 7168.5], [17707.5, 7170.0], [17710.5, 7170.0], [17718.0, 7177.5], [17718.0, 7179.0], [17719.5, 7180.5], [17719.5, 7182.0], [17730.0, 7192.5], [17731.5, 7192.5], [17733.0, 7194.0], [17736.0, 7194.0], [17740.5, 7198.5], [17740.5, 7206.0], [17739.0, 7207.5], [17737.5, 7207.5], [17734.5, 7210.5], [17733.0, 7210.5], [17731.5, 7212.0], [17730.0, 7212.0], [17725.5, 7216.5], [17725.5, 7218.0], [17718.0, 7225.5], [17716.5, 7225.5], [17713.5, 7228.5], [17712.0, 7228.5], [17710.5, 7230.0], [17709.0, 7230.0], [17707.5, 7231.5], [17704.5, 7231.5], [17703.0, 7233.0], [17698.5, 7233.0], [17697.0, 7234.5], [17695.5, 7234.5], [17689.5, 7240.5], [17688.0, 7240.5], [17685.0, 7243.5], [17682.0, 7243.5], [17680.5, 7245.0], [17671.5, 7245.0], [17670.0, 7246.5], [17667.0, 7246.5], [17665.5, 7248.0], [17664.0, 7248.0], [17664.0, 7353.0], [17665.5, 7353.0], [17668.5, 7356.0], [17668.5, 7359.0], [17665.5, 7362.0], [17665.5, 7368.0], [17667.0, 7369.5], [17667.0, 7371.0], [17668.5, 7372.5], [17668.5, 7374.0], [17671.5, 7377.0], [17671.5, 7386.0], [17683.5, 7386.0], [17686.5, 7383.0], [17686.5, 7375.5], [17685.0, 7374.0], [17685.0, 7371.0], [17686.5, 7369.5], [17686.5, 7368.0], [17688.0, 7366.5], [17694.0, 7366.5], [17695.5, 7368.0], [17698.5, 7368.0], [17704.5, 7374.0], [17704.5, 7375.5], [17706.0, 7377.0], [17706.0, 7378.5], [17709.0, 7381.5], [17709.0, 7383.0], [17710.5, 7384.5], [17710.5, 7395.0], [17709.0, 7396.5], [17709.0, 7398.0], [17695.5, 7411.5], [17695.5, 7413.0], [17694.0, 7414.5], [17694.0, 7416.0], [17691.0, 7419.0], [17691.0, 7420.5], [17688.0, 7423.5], [17686.5, 7423.5], [17685.0, 7425.0], [17680.5, 7425.0], [17679.0, 7426.5], [17676.0, 7426.5], [17674.5, 7428.0], [17671.5, 7428.0], [17668.5, 7431.0], [17668.5, 7432.5], [17665.5, 7435.5], [17665.5, 7437.0], [17667.0, 7437.0], [17670.0, 7440.0], [17683.5, 7440.0], [17685.0, 7441.5], [17688.0, 7441.5], [17691.0, 7444.5], [17692.5, 7444.5], [17695.5, 7447.5], [17697.0, 7447.5], [17698.5, 7449.0], [17698.5, 7455.0], [17697.0, 7456.5], [17697.0, 7458.0], [17695.5, 7459.5], [17694.0, 7459.5], [17692.5, 7461.0], [17682.0, 7461.0], [17680.5, 7459.5], [17679.0, 7459.5], [17677.5, 7458.0], [17676.0, 7458.0], [17674.5, 7456.5], [17673.0, 7456.5], [17668.5, 7452.0], [17667.0, 7453.5], [17665.5, 7453.5], [17665.5, 7455.0], [17664.0, 7456.5], [17664.0, 7582.5], [17665.5, 7582.5], [17667.0, 7584.0], [17679.0, 7584.0], [17680.5, 7582.5], [17691.0, 7582.5], [17692.5, 7584.0], [17694.0, 7584.0], [17697.0, 7587.0], [17698.5, 7587.0], [17700.0, 7588.5], [17703.0, 7588.5], [17704.5, 7590.0], [17712.0, 7590.0], [17713.5, 7591.5], [17718.0, 7591.5], [17719.5, 7593.0], [17722.5, 7593.0], [17724.0, 7594.5], [17727.0, 7594.5], [17733.0, 7600.5], [17734.5, 7600.5], [17745.0, 7611.0], [17746.5, 7611.0], [17749.5, 7614.0], [17751.0, 7614.0], [17752.5, 7615.5], [17761.5, 7615.5], [17763.0, 7617.0], [17776.5, 7617.0], [17778.0, 7618.5], [17791.5, 7618.5], [17793.0, 7620.0], [17794.5, 7620.0], [17796.0, 7621.5], [17800.5, 7621.5], [17802.0, 7620.0], [17805.0, 7620.0], [17815.5, 7609.5], [17817.0, 7609.5], [17818.5, 7608.0], [17827.5, 7608.0], [17829.0, 7606.5], [17847.0, 7606.5], [17848.5, 7605.0], [17857.5, 7605.0], [17859.0, 7603.5], [17860.5, 7603.5], [17862.0, 7602.0], [17863.5, 7602.0], [17866.5, 7599.0], [17868.0, 7599.0], [17869.5, 7597.5], [17869.5, 7596.0], [17871.0, 7594.5], [17871.0, 7584.0], [17872.5, 7582.5], [17872.5, 7576.5], [17874.0, 7575.0], [17874.0, 7555.5], [17875.5, 7554.0], [17875.5, 7545.0], [17877.0, 7543.5], [17877.0, 7528.5], [17878.5, 7527.0], [17878.5, 7522.5], [17880.0, 7521.0], [17880.0, 7519.5], [17884.5, 7515.0], [17884.5, 7513.5], [17886.0, 7512.0], [17886.0, 7510.5], [17887.5, 7509.0], [17887.5, 7507.5], [17889.0, 7506.0], [17889.0, 7504.5], [17890.5, 7503.0], [17890.5, 7500.0], [17892.0, 7498.5], [17892.0, 7488.0], [17893.5, 7486.5], [17893.5, 7480.5], [17895.0, 7479.0], [17895.0, 7474.5], [17896.5, 7473.0], [17896.5, 7470.0], [17898.0, 7468.5], [17898.0, 7459.5], [17899.5, 7458.0], [17899.5, 7453.5], [17901.0, 7452.0], [17901.0, 7440.0], [17899.5, 7438.5], [17899.5, 7432.5], [17898.0, 7431.0], [17898.0, 7428.0], [17899.5, 7426.5], [17899.5, 7425.0], [17901.0, 7423.5], [17901.0, 7422.0], [17902.5, 7420.5], [17902.5, 7417.5], [17904.0, 7416.0], [17904.0, 7404.0], [17902.5, 7402.5], [17902.5, 7401.0], [17901.0, 7399.5], [17901.0, 7398.0], [17898.0, 7395.0], [17898.0, 7393.5], [17893.5, 7389.0], [17893.5, 7387.5], [17890.5, 7384.5], [17890.5, 7378.5], [17892.0, 7377.0], [17892.0, 7372.5], [17893.5, 7371.0], [17893.5, 7369.5], [17895.0, 7368.0], [17895.0, 7365.0], [17896.5, 7363.5], [17896.5, 7360.5], [17898.0, 7359.0], [17898.0, 7351.5], [17896.5, 7350.0], [17896.5, 7347.0], [17895.0, 7345.5], [17895.0, 7342.5], [17893.5, 7341.0], [17893.5, 7333.5], [17895.0, 7332.0], [17895.0, 7329.0], [17896.5, 7327.5], [17896.5, 7324.5], [17898.0, 7323.0], [17898.0, 7315.5], [17896.5, 7314.0], [17896.5, 7312.5], [17893.5, 7309.5], [17890.5, 7309.5], [17889.0, 7311.0], [17887.5, 7311.0], [17884.5, 7314.0], [17877.0, 7314.0], [17872.5, 7309.5], [17872.5, 7306.5], [17874.0, 7305.0], [17875.5, 7305.0], [17877.0, 7303.5], [17898.0, 7303.5], [17899.5, 7305.0], [17907.0, 7305.0], [17908.5, 7303.5], [17910.0, 7303.5], [17911.5, 7302.0], [17913.0, 7302.0], [17919.0, 7296.0], [17919.0, 7294.5], [17920.5, 7293.0], [17920.5, 7291.5], [17923.5, 7288.5], [17923.5, 7287.0], [17925.0, 7285.5], [17925.0, 7281.0], [17926.5, 7279.5], [17926.5, 7272.0], [17928.0, 7270.5], [17928.0, 7267.5], [17929.5, 7266.0], [17929.5, 7264.5], [17932.5, 7261.5], [17932.5, 7260.0], [17934.0, 7258.5], [17934.0, 7252.5], [17932.5, 7252.5], [17931.0, 7251.0], [17926.5, 7251.0], [17925.0, 7249.5], [17922.0, 7249.5], [17920.5, 7248.0], [17919.0, 7248.0], [17905.5, 7234.5], [17905.5, 7233.0], [17904.0, 7231.5], [17902.5, 7231.5], [17899.5, 7228.5], [17898.0, 7228.5], [17890.5, 7221.0], [17890.5, 7213.5], [17892.0, 7212.0], [17892.0, 7206.0], [17889.0, 7203.0], [17889.0, 7201.5], [17887.5, 7200.0], [17887.5, 7198.5], [17878.5, 7189.5], [17878.5, 7188.0], [17874.0, 7183.5], [17874.0, 7182.0], [17868.0, 7176.0], [17868.0, 7174.5], [17866.5, 7173.0], [17866.5, 7168.5], [17865.0, 7167.0], [17865.0, 7164.0], [17863.5, 7162.5], [17860.5, 7162.5], [17859.0, 7161.0], [17857.5, 7161.0], [17854.5, 7158.0], [17854.5, 7156.5], [17853.0, 7155.0], [17853.0, 7150.5], [17851.5, 7149.0], [17851.5, 7143.0], [17850.0, 7141.5], [17850.0, 7132.5], [17856.0, 7126.5], [17857.5, 7126.5], [17863.5, 7120.5], [17863.5, 7119.0], [17872.5, 7110.0], [17872.5, 7108.5], [17874.0, 7107.0], [17874.0, 7105.5], [17877.0, 7102.5], [17877.0, 7101.0], [17880.0, 7098.0], [17881.5, 7098.0], [17887.5, 7092.0], [17887.5, 7090.5], [17892.0, 7086.0], [17892.0, 7084.5], [17898.0, 7078.5], [17898.0, 7077.0], [17902.5, 7072.5], [17902.5, 7071.0], [17904.0, 7069.5], [17904.0, 7066.5], [17905.5, 7065.0], [17905.5, 7063.5], [17907.0, 7062.0], [17907.0, 7060.5], [17916.0, 7051.5], [17917.5, 7051.5], [17920.5, 7048.5], [17922.0, 7048.5], [17926.5, 7044.0], [17928.0, 7044.0], [17929.5, 7042.5], [17938.5, 7042.5], [17940.0, 7041.0], [17943.0, 7041.0], [17944.5, 7039.5], [17946.0, 7039.5], [17947.5, 7038.0], [17947.5, 7036.5], [17967.0, 7017.0], [17967.0, 7015.5], [17968.5, 7014.0], [17968.5, 7012.5], [17970.0, 7011.0], [17970.0, 7008.0], [17971.5, 7006.5], [17971.5, 7003.5], [17973.0, 7002.0], [17973.0, 7000.5], [17974.5, 6999.0], [17974.5, 6997.5], [17976.0, 6996.0], [17976.0, 6993.0], [17974.5, 6991.5], [17974.5, 6990.0], [17971.5, 6987.0], [17971.5, 6985.5], [17968.5, 6982.5], [17968.5, 6981.0], [17967.0, 6979.5], [17967.0, 6973.5], [17968.5, 6972.0], [17968.5, 6969.0], [17970.0, 6967.5], [17970.0, 6964.5], [17971.5, 6963.0], [17970.0, 6961.5], [17970.0, 6958.5], [17968.5, 6957.0], [17968.5, 6955.5], [17965.5, 6952.5], [17964.0, 6952.5], [17962.5, 6951.0], [17958.0, 6951.0], [17956.5, 6949.5], [17955.0, 6949.5], [17952.0, 6946.5], [17950.5, 6946.5], [17949.0, 6945.0], [17949.0, 6943.5], [17947.5, 6942.0], [17947.5, 6933.0], [17949.0, 6931.5], [17949.0, 6930.0], [17950.5, 6928.5], [17950.5, 6927.0], [17952.0, 6925.5], [17952.0, 6924.0], [17955.0, 6921.0], [17955.0, 6919.5], [17958.0, 6916.5], [17958.0, 6913.5], [17959.5, 6912.0], [17950.5, 6912.0], [17949.0, 6910.5], [17949.0, 6903.0], [17947.5, 6901.5], [17947.5, 6898.5]]]}}, {"type": "Feature", "properties": {"class_id": 5, "classification": "Edge & Air Bubble", "area": 50.625}, "geometry": {"type": "Polygon", "coordinates": [[[16408.5, 6895.5], [16407.0, 6897.0], [16407.0, 6903.0], [16411.5, 6907.5], [16411.5, 6909.0], [16413.0, 6909.0], [16413.0, 6901.5], [16411.5, 6900.0], [16411.5, 6898.5], [16408.5, 6895.5]]]}}, {"type": "Feature", "properties": {"class_id": 5, "classification": "Edge & Air Bubble", "area": 4.5}, "geometry": {"type": "Polygon", "coordinates": [[[17962.5, 6883.5], [17962.5, 6885.0], [17965.5, 6882.0], [17965.5, 6880.5], [17962.5, 6883.5]]]}}, {"type": "Feature", "properties": {"class_id": 5, "classification": "Edge & Air Bubble", "area": 781.875}, "geometry": {"type": "Polygon", "coordinates": [[[17911.5, 6783.0], [17908.5, 6783.0], [17907.0, 6784.5], [17904.0, 6784.5], [17902.5, 6786.0], [17901.0, 6786.0], [17899.5, 6787.5], [17898.0, 6787.5], [17896.5, 6789.0], [17895.0, 6789.0], [17889.0, 6795.0], [17889.0, 6796.5], [17883.0, 6802.5], [17881.5, 6802.5], [17880.0, 6804.0], [17878.5, 6804.0], [17872.5, 6810.0], [17871.0, 6810.0], [17869.5, 6811.5], [17866.5, 6811.5], [17863.5, 6814.5], [17862.0, 6814.5], [17860.5, 6816.0], [17859.0, 6816.0], [17859.0, 6817.5], [17857.5, 6819.0], [17857.5, 6820.5], [17856.0, 6822.0], [17856.0, 6826.5], [17854.5, 6828.0], [17854.5, 6832.5], [17853.0, 6834.0], [17853.0, 6843.0], [17854.5, 6843.0], [17856.0, 6841.5], [17860.5, 6841.5], [17865.0, 6837.0], [17865.0, 6829.5], [17869.5, 6825.0], [17869.5, 6823.5], [17871.0, 6822.0], [17871.0, 6820.5], [17872.5, 6819.0], [17872.5, 6817.5], [17874.0, 6816.0], [17875.5, 6816.0], [17875.5, 6814.5], [17880.0, 6810.0], [17881.5, 6810.0], [17886.0, 6805.5], [17887.5, 6805.5], [17890.5, 6802.5], [17892.0, 6802.5], [17893.5, 6801.0], [17895.0, 6801.0], [17896.5, 6799.5], [17898.0, 6799.5], [17899.5, 6798.0], [17902.5, 6798.0], [17904.0, 6796.5], [17905.5, 6796.5], [17907.0, 6795.0], [17908.5, 6795.0], [17911.5, 6792.0], [17913.0, 6792.0], [17914.5, 6790.5], [17914.5, 6789.0], [17917.5, 6786.0], [17919.0, 6786.0], [17923.5, 6781.5], [17913.0, 6781.5], [17911.5, 6783.0]]]}}, {"type": "Feature", "properties": {"class_id": 5, "classification": "Edge & Air Bubble", "area": 93.375}, "geometry": {"type": "Polygon", "coordinates": [[[18021.0, 6700.5], [18019.5, 6700.5], [18018.0, 6702.0], [18016.5, 6702.0], [18010.5, 6708.0], [18010.5, 6709.5], [18000.0, 6720.0], [18000.0, 6721.5], [17998.5, 6723.0], [17998.5, 6724.5], [18000.0, 6724.5], [18010.5, 6714.0], [18010.5, 6712.5], [18022.5, 6700.5], [18022.5, 6699.0], [18021.0, 6700.5]]]}}, {"type": "Feature", "properties": {"class_id": 5, "classification": "Edge & Air Bubble", "area": 22.5}, "geometry": {"type": "Polygon", "coordinates": [[[16674.0, 6601.5], [16675.5, 6601.5], [16677.0, 6603.0], [16680.0, 6603.0], [16681.5, 6601.5], [16683.0, 6601.5], [16684.5, 6600.0], [16672.5, 6600.0], [16674.0, 6601.5]]]}}, {"type": "Feature", "properties": {"class_id": 5, "classification": "Edge & Air Bubble", "area": 2059.875}, "geometry": {"type": "Polygon", "coordinates": [[[16828.5, 6598.5], [16807.5, 6598.5], [16804.5, 6601.5], [16801.5, 6601.5], [16800.0, 6603.0], [16798.5, 6603.0], [16797.0, 6604.5], [16786.5, 6604.5], [16785.0, 6606.0], [16783.5, 6606.0], [16782.0, 6604.5], [16779.0, 6604.5], [16777.5, 6603.0], [16773.0, 6603.0], [16771.5, 6601.5], [16770.0, 6601.5], [16768.5, 6603.0], [16765.5, 6603.0], [16759.5, 6609.0], [16755.0, 6609.0], [16753.5, 6607.5], [16750.5, 6607.5], [16749.0, 6606.0], [16746.0, 6606.0], [16744.5, 6604.5], [16737.0, 6604.5], [16735.5, 6603.0], [16732.5, 6603.0], [16731.0, 6601.5], [16726.5, 6601.5], [16728.0, 6603.0], [16731.0, 6603.0], [16732.5, 6604.5], [16734.0, 6604.5], [16735.5, 6606.0], [16737.0, 6606.0], [16738.5, 6607.5], [16740.0, 6607.5], [16741.5, 6609.0], [16743.0, 6609.0], [16744.5, 6610.5], [16746.0, 6610.5], [16747.5, 6612.0], [16755.0, 6612.0], [16756.5, 6613.5], [16759.5, 6613.5], [16761.0, 6615.0], [16762.5, 6615.0], [16765.5, 6618.0], [16767.0, 6618.0], [16768.5, 6619.5], [16773.0, 6619.5], [16776.0, 6616.5], [16777.5, 6616.5], [16779.0, 6615.0], [16780.5, 6615.0], [16782.0, 6613.5], [16783.5, 6613.5], [16786.5, 6610.5], [16789.5, 6610.5], [16791.0, 6609.0], [16794.0, 6609.0], [16795.5, 6610.5], [16798.5, 6610.5], [16800.0, 6612.0], [16801.5, 6612.0], [16807.5, 6618.0], [16807.5, 6619.5], [16810.5, 6622.5], [16812.0, 6621.0], [16813.5, 6621.0], [16815.0, 6619.5], [16818.0, 6619.5], [16819.5, 6618.0], [16822.5, 6618.0], [16824.0, 6619.5], [16825.5, 6619.5], [16827.0, 6621.0], [16830.0, 6621.0], [16831.5, 6619.5], [16831.5, 6618.0], [16836.0, 6613.5], [16845.0, 6613.5], [16846.5, 6612.0], [16849.5, 6612.0], [16851.0, 6613.5], [16854.0, 6613.5], [16855.5, 6612.0], [16860.0, 6612.0], [16861.5, 6613.5], [16870.5, 6613.5], [16872.0, 6612.0], [16873.5, 6612.0], [16875.0, 6613.5], [16882.5, 6613.5], [16884.0, 6612.0], [16885.5, 6612.0], [16887.0, 6610.5], [16888.5, 6610.5], [16890.0, 6609.0], [16894.5, 6609.0], [16894.5, 6598.5], [16875.0, 6598.5], [16873.5, 6597.0], [16870.5, 6597.0], [16869.0, 6598.5], [16866.0, 6598.5], [16864.5, 6597.0], [16857.0, 6597.0], [16855.5, 6598.5], [16833.0, 6598.5], [16831.5, 6597.0], [16830.0, 6597.0], [16828.5, 6598.5]]]}}, {"type": "Feature", "properties": {"class_id": 5, "classification": "Edge & Air Bubble", "area": 837.0}, "geometry": {"type": "Polygon", "coordinates": [[[17143.5, 6579.0], [17142.0, 6580.5], [17140.5, 6580.5], [17142.0, 6582.0], [17146.5, 6582.0], [17148.0, 6583.5], [17151.0, 6583.5], [17152.5, 6582.0], [17163.0, 6582.0], [17164.5, 6583.5], [17167.5, 6583.5], [17169.0, 6585.0], [17172.0, 6585.0], [17173.5, 6586.5], [17176.5, 6586.5], [17178.0, 6588.0], [17179.5, 6588.0], [17181.0, 6589.5], [17182.5, 6589.5], [17185.5, 6592.5], [17187.0, 6592.5], [17188.5, 6594.0], [17194.5, 6594.0], [17196.0, 6595.5], [17197.5, 6595.5], [17199.0, 6594.0], [17202.0, 6594.0], [17203.5, 6592.5], [17205.0, 6592.5], [17206.5, 6591.0], [17209.5, 6591.0], [17211.0, 6589.5], [17223.0, 6589.5], [17224.5, 6591.0], [17227.5, 6591.0], [17229.0, 6592.5], [17238.0, 6592.5], [17244.0, 6586.5], [17245.5, 6588.0], [17251.5, 6588.0], [17253.0, 6589.5], [17272.5, 6589.5], [17271.0, 6588.0], [17269.5, 6588.0], [17268.0, 6586.5], [17260.5, 6586.5], [17259.0, 6585.0], [17245.5, 6585.0], [17244.0, 6583.5], [17242.5, 6583.5], [17241.0, 6582.0], [17239.5, 6582.0], [17238.0, 6580.5], [17229.0, 6580.5], [17227.5, 6582.0], [17221.5, 6582.0], [17220.0, 6583.5], [17218.5, 6583.5], [17217.0, 6582.0], [17194.5, 6582.0], [17193.0, 6583.5], [17181.0, 6583.5], [17179.5, 6582.0], [17178.0, 6582.0], [17176.5, 6580.5], [17161.5, 6580.5], [17160.0, 6579.0], [17143.5, 6579.0]]]}}, {"type": "Feature", "properties": {"class_id": 5, "classification": "Edge & Air Bubble", "area": 83100.375}, "geometry": {"type": "Polygon", "coordinates": [[[16158.0, 6562.5], [16156.5, 6562.5], [16152.0, 6567.0], [16150.5, 6567.0], [16149.0, 6568.5], [16146.0, 6568.5], [16144.5, 6570.0], [16137.0, 6570.0], [16135.5, 6568.5], [16134.0, 6568.5], [16131.0, 6565.5], [16128.0, 6565.5], [16128.0, 6705.0], [16129.5, 6706.5], [16131.0, 6706.5], [16132.5, 6708.0], [16134.0, 6708.0], [16135.5, 6709.5], [16137.0, 6709.5], [16138.5, 6711.0], [16140.0, 6711.0], [16144.5, 6715.5], [16146.0, 6715.5], [16147.5, 6717.0], [16149.0, 6717.0], [16158.0, 6726.0], [16158.0, 6727.5], [16159.5, 6729.0], [16159.5, 6730.5], [16161.0, 6732.0], [16161.0, 6735.0], [16162.5, 6736.5], [16162.5, 6739.5], [16164.0, 6741.0], [16164.0, 6747.0], [16165.5, 6748.5], [16165.5, 6753.0], [16167.0, 6754.5], [16167.0, 6759.0], [16168.5, 6760.5], [16168.5, 6769.5], [16170.0, 6771.0], [16170.0, 6772.5], [16171.5, 6774.0], [16171.5, 6775.5], [16173.0, 6777.0], [16173.0, 6778.5], [16174.5, 6780.0], [16174.5, 6781.5], [16177.5, 6784.5], [16177.5, 6790.5], [16179.0, 6792.0], [16179.0, 6796.5], [16180.5, 6798.0], [16180.5, 6799.5], [16183.5, 6802.5], [16183.5, 6805.5], [16186.5, 6808.5], [16188.0, 6808.5], [16192.5, 6813.0], [16192.5, 6817.5], [16195.5, 6820.5], [16197.0, 6820.5], [16198.5, 6822.0], [16201.5, 6822.0], [16203.0, 6823.5], [16204.5, 6823.5], [16206.0, 6825.0], [16207.5, 6825.0], [16209.0, 6826.5], [16210.5, 6826.5], [16213.5, 6829.5], [16215.0, 6829.5], [16222.5, 6837.0], [16224.0, 6837.0], [16227.0, 6840.0], [16228.5, 6840.0], [16233.0, 6844.5], [16234.5, 6844.5], [16237.5, 6847.5], [16239.0, 6847.5], [16242.0, 6850.5], [16245.0, 6850.5], [16246.5, 6852.0], [16248.0, 6852.0], [16249.5, 6853.5], [16251.0, 6853.5], [16255.5, 6858.0], [16257.0, 6858.0], [16260.0, 6861.0], [16263.0, 6861.0], [16264.5, 6862.5], [16267.5, 6862.5], [16269.0, 6864.0], [16287.0, 6864.0], [16288.5, 6862.5], [16294.5, 6862.5], [16296.0, 6861.0], [16300.5, 6861.0], [16302.0, 6859.5], [16305.0, 6859.5], [16306.5, 6858.0], [16311.0, 6858.0], [16312.5, 6856.5], [16326.0, 6856.5], [16327.5, 6858.0], [16335.0, 6858.0], [16336.5, 6856.5], [16354.5, 6856.5], [16356.0, 6858.0], [16359.0, 6858.0], [16363.5, 6862.5], [16365.0, 6862.5], [16369.5, 6867.0], [16371.0, 6867.0], [16372.5, 6868.5], [16374.0, 6868.5], [16375.5, 6870.0], [16377.0, 6870.0], [16380.0, 6873.0], [16381.5, 6873.0], [16390.5, 6882.0], [16392.0, 6882.0], [16396.5, 6886.5], [16398.0, 6886.5], [16399.5, 6888.0], [16404.0, 6888.0], [16405.5, 6889.5], [16413.0, 6889.5], [16414.5, 6888.0], [16414.5, 6882.0], [16419.0, 6877.5], [16428.0, 6877.5], [16429.5, 6876.0], [16432.5, 6876.0], [16434.0, 6874.5], [16437.0, 6874.5], [16438.5, 6873.0], [16440.0, 6873.0], [16441.5, 6871.5], [16443.0, 6871.5], [16447.5, 6867.0], [16449.0, 6867.0], [16455.0, 6861.0], [16455.0, 6853.5], [16456.5, 6852.0], [16456.5, 6850.5], [16458.0, 6849.0], [16459.5, 6849.0], [16461.0, 6847.5], [16468.5, 6847.5], [16470.0, 6846.0], [16473.0, 6846.0], [16474.5, 6844.5], [16480.5, 6844.5], [16482.0, 6843.0], [16488.0, 6843.0], [16489.5, 6841.5], [16491.0, 6841.5], [16494.0, 6838.5], [16495.5, 6838.5], [16497.0, 6837.0], [16498.5, 6837.0], [16500.0, 6838.5], [16509.0, 6838.5], [16509.0, 6837.0], [16510.5, 6835.5], [16510.5, 6834.0], [16509.0, 6832.5], [16509.0, 6831.0], [16506.0, 6828.0], [16506.0, 6826.5], [16504.5, 6825.0], [16504.5, 6822.0], [16503.0, 6820.5], [16503.0, 6814.5], [16501.5, 6813.0], [16501.5, 6810.0], [16500.0, 6808.5], [16500.0, 6802.5], [16498.5, 6801.0], [16498.5, 6798.0], [16497.0, 6796.5], [16497.0, 6795.0], [16491.0, 6789.0], [16491.0, 6787.5], [16488.0, 6784.5], [16488.0, 6783.0], [16486.5, 6781.5], [16486.5, 6780.0], [16483.5, 6777.0], [16483.5, 6775.5], [16482.0, 6774.0], [16482.0, 6763.5], [16483.5, 6762.0], [16483.5, 6760.5], [16485.0, 6759.0], [16485.0, 6757.5], [16488.0, 6754.5], [16488.0, 6753.0], [16489.5, 6751.5], [16489.5, 6747.0], [16491.0, 6745.5], [16491.0, 6735.0], [16492.5, 6733.5], [16492.5, 6720.0], [16494.0, 6718.5], [16494.0, 6717.0], [16497.0, 6714.0], [16497.0, 6711.0], [16498.5, 6709.5], [16498.5, 6706.5], [16500.0, 6705.0], [16500.0, 6702.0], [16503.0, 6699.0], [16507.5, 6699.0], [16510.5, 6696.0], [16510.5, 6687.0], [16512.0, 6685.5], [16512.0, 6684.0], [16515.0, 6681.0], [16515.0, 6679.5], [16518.0, 6676.5], [16519.5, 6676.5], [16521.0, 6675.0], [16534.5, 6675.0], [16536.0, 6673.5], [16537.5, 6673.5], [16542.0, 6669.0], [16542.0, 6667.5], [16543.5, 6666.0], [16543.5, 6655.5], [16545.0, 6654.0], [16545.0, 6651.0], [16546.5, 6649.5], [16546.5, 6648.0], [16548.0, 6646.5], [16548.0, 6643.5], [16549.5, 6642.0], [16549.5, 6640.5], [16551.0, 6639.0], [16551.0, 6631.5], [16548.0, 6628.5], [16546.5, 6628.5], [16540.5, 6622.5], [16540.5, 6621.0], [16539.0, 6619.5], [16539.0, 6615.0], [16540.5, 6613.5], [16540.5, 6612.0], [16545.0, 6607.5], [16546.5, 6607.5], [16545.0, 6606.0], [16540.5, 6606.0], [16539.0, 6604.5], [16536.0, 6604.5], [16534.5, 6603.0], [16533.0, 6603.0], [16531.5, 6601.5], [16519.5, 6601.5], [16518.0, 6600.0], [16512.0, 6600.0], [16510.5, 6598.5], [16501.5, 6598.5], [16500.0, 6597.0], [16497.0, 6597.0], [16495.5, 6598.5], [16494.0, 6598.5], [16492.5, 6597.0], [16485.0, 6597.0], [16479.0, 6591.0], [16473.0, 6591.0], [16471.5, 6592.5], [16470.0, 6592.5], [16468.5, 6594.0], [16467.0, 6594.0], [16467.0, 6595.5], [16465.5, 6597.0], [16465.5, 6603.0], [16464.0, 6604.5], [16464.0, 6609.0], [16462.5, 6610.5], [16462.5, 6613.5], [16461.0, 6615.0], [16461.0, 6621.0], [16462.5, 6622.5], [16462.5, 6627.0], [16461.0, 6628.5], [16461.0, 6630.0], [16458.0, 6633.0], [16458.0, 6636.0], [16455.0, 6639.0], [16455.0, 6640.5], [16452.0, 6643.5], [16452.0, 6648.0], [16450.5, 6649.5], [16449.0, 6649.5], [16449.0, 6651.0], [16444.5, 6655.5], [16434.0, 6655.5], [16434.0, 6658.5], [16432.5, 6660.0], [16432.5, 6661.5], [16434.0, 6663.0], [16432.5, 6664.5], [16432.5, 6667.5], [16431.0, 6669.0], [16431.0, 6672.0], [16429.5, 6673.5], [16428.0, 6673.5], [16428.0, 6675.0], [16426.5, 6676.5], [16425.0, 6676.5], [16425.0, 6678.0], [16423.5, 6679.5], [16422.0, 6679.5], [16422.0, 6684.0], [16419.0, 6687.0], [16417.5, 6687.0], [16416.0, 6688.5], [16416.0, 6690.0], [16414.5, 6691.5], [16413.0, 6691.5], [16413.0, 6696.0], [16411.5, 6697.5], [16410.0, 6697.5], [16410.0, 6699.0], [16408.5, 6700.5], [16407.0, 6700.5], [16404.0, 6703.5], [16404.0, 6705.0], [16402.5, 6706.5], [16401.0, 6706.5], [16389.0, 6718.5], [16389.0, 6720.0], [16387.5, 6721.5], [16383.0, 6721.5], [16383.0, 6732.0], [16381.5, 6733.5], [16380.0, 6733.5], [16378.5, 6735.0], [16377.0, 6735.0], [16375.5, 6736.5], [16374.0, 6736.5], [16374.0, 6738.0], [16369.5, 6742.5], [16368.0, 6742.5], [16362.0, 6736.5], [16359.0, 6736.5], [16357.5, 6738.0], [16356.0, 6738.0], [16354.5, 6736.5], [16353.0, 6736.5], [16354.5, 6738.0], [16354.5, 6741.0], [16353.0, 6742.5], [16353.0, 6747.0], [16354.5, 6748.5], [16354.5, 6756.0], [16353.0, 6757.5], [16350.0, 6757.5], [16347.0, 6760.5], [16347.0, 6762.0], [16345.5, 6763.5], [16345.5, 6765.0], [16341.0, 6769.5], [16341.0, 6771.0], [16339.5, 6772.5], [16339.5, 6774.0], [16333.5, 6780.0], [16333.5, 6781.5], [16326.0, 6789.0], [16324.5, 6787.5], [16317.0, 6787.5], [16312.5, 6792.0], [16312.5, 6795.0], [16311.0, 6796.5], [16311.0, 6798.0], [16309.5, 6799.5], [16309.5, 6801.0], [16305.0, 6805.5], [16300.5, 6805.5], [16296.0, 6810.0], [16294.5, 6810.0], [16290.0, 6814.5], [16288.5, 6814.5], [16288.5, 6816.0], [16284.0, 6820.5], [16278.0, 6820.5], [16276.5, 6822.0], [16273.5, 6822.0], [16272.0, 6823.5], [16266.0, 6823.5], [16263.0, 6820.5], [16252.5, 6820.5], [16251.0, 6819.0], [16246.5, 6819.0], [16245.0, 6820.5], [16240.5, 6820.5], [16237.5, 6823.5], [16236.0, 6823.5], [16233.0, 6820.5], [16227.0, 6820.5], [16225.5, 6819.0], [16224.0, 6820.5], [16222.5, 6820.5], [16221.0, 6819.0], [16218.0, 6819.0], [16212.0, 6813.0], [16212.0, 6805.5], [16213.5, 6804.0], [16215.0, 6804.0], [16215.0, 6802.5], [16216.5, 6801.0], [16219.5, 6801.0], [16222.5, 6798.0], [16224.0, 6798.0], [16225.5, 6796.5], [16227.0, 6796.5], [16231.5, 6792.0], [16239.0, 6792.0], [16239.0, 6790.5], [16240.5, 6789.0], [16257.0, 6789.0], [16258.5, 6787.5], [16261.5, 6787.5], [16263.0, 6786.0], [16264.5, 6786.0], [16267.5, 6783.0], [16267.5, 6781.5], [16275.0, 6774.0], [16275.0, 6772.5], [16284.0, 6763.5], [16284.0, 6760.5], [16285.5, 6759.0], [16285.5, 6757.5], [16287.0, 6756.0], [16287.0, 6754.5], [16288.5, 6753.0], [16290.0, 6753.0], [16290.0, 6751.5], [16293.0, 6748.5], [16293.0, 6747.0], [16296.0, 6744.0], [16297.5, 6744.0], [16297.5, 6741.0], [16299.0, 6739.5], [16299.0, 6727.5], [16300.5, 6726.0], [16300.5, 6720.0], [16302.0, 6718.5], [16302.0, 6717.0], [16312.5, 6706.5], [16312.5, 6703.5], [16314.0, 6702.0], [16317.0, 6702.0], [16317.0, 6700.5], [16318.5, 6699.0], [16320.0, 6699.0], [16321.5, 6697.5], [16321.5, 6694.5], [16320.0, 6693.0], [16323.0, 6690.0], [16324.5, 6690.0], [16326.0, 6688.5], [16326.0, 6687.0], [16335.0, 6678.0], [16335.0, 6676.5], [16336.5, 6675.0], [16338.0, 6675.0], [16339.5, 6673.5], [16341.0, 6673.5], [16341.0, 6672.0], [16344.0, 6669.0], [16344.0, 6667.5], [16345.5, 6666.0], [16347.0, 6666.0], [16350.0, 6663.0], [16350.0, 6661.5], [16351.5, 6660.0], [16353.0, 6660.0], [16354.5, 6658.5], [16354.5, 6655.5], [16356.0, 6654.0], [16360.5, 6654.0], [16363.5, 6651.0], [16374.0, 6651.0], [16375.5, 6649.5], [16377.0, 6649.5], [16377.0, 6648.0], [16375.5, 6646.5], [16377.0, 6645.0], [16378.5, 6645.0], [16378.5, 6643.5], [16380.0, 6642.0], [16381.5, 6642.0], [16381.5, 6637.5], [16386.0, 6633.0], [16387.5, 6633.0], [16387.5, 6631.5], [16392.0, 6627.0], [16393.5, 6627.0], [16396.5, 6624.0], [16398.0, 6624.0], [16401.0, 6621.0], [16404.0, 6621.0], [16407.0, 6618.0], [16410.0, 6618.0], [16411.5, 6616.5], [16411.5, 6615.0], [16414.5, 6612.0], [16416.0, 6612.0], [16419.0, 6609.0], [16419.0, 6607.5], [16420.5, 6606.0], [16422.0, 6606.0], [16426.5, 6601.5], [16426.5, 6586.5], [16425.0, 6585.0], [16425.0, 6583.5], [16423.5, 6583.5], [16422.0, 6582.0], [16420.5, 6582.0], [16419.0, 6580.5], [16393.5, 6580.5], [16390.5, 6577.5], [16383.0, 6577.5], [16381.5, 6576.0], [16377.0, 6576.0], [16375.5, 6574.5], [16351.5, 6574.5], [16350.0, 6573.0], [16347.0, 6573.0], [16345.5, 6574.5], [16321.5, 6574.5], [16320.0, 6576.0], [16317.0, 6576.0], [16315.5, 6577.5], [16305.0, 6577.5], [16303.5, 6576.0], [16302.0, 6577.5], [16297.5, 6577.5], [16296.0, 6579.0], [16294.5, 6577.5], [16293.0, 6579.0], [16291.5, 6579.0], [16290.0, 6580.5], [16275.0, 6580.5], [16273.5, 6579.0], [16264.5, 6579.0], [16263.0, 6577.5], [16254.0, 6577.5], [16252.5, 6576.0], [16246.5, 6576.0], [16245.0, 6574.5], [16243.5, 6574.5], [16242.0, 6576.0], [16240.5, 6576.0], [16239.0, 6577.5], [16227.0, 6577.5], [16224.0, 6574.5], [16224.0, 6573.0], [16221.0, 6570.0], [16213.5, 6570.0], [16212.0, 6571.5], [16206.0, 6571.5], [16204.5, 6570.0], [16201.5, 6570.0], [16200.0, 6568.5], [16195.5, 6568.5], [16194.0, 6567.0], [16189.5, 6567.0], [16188.0, 6565.5], [16185.0, 6565.5], [16183.5, 6564.0], [16177.5, 6564.0], [16176.0, 6562.5], [16170.0, 6562.5], [16167.0, 6559.5], [16167.0, 6558.0], [16165.5, 6558.0], [16164.0, 6556.5], [16162.5, 6556.5], [16162.5, 6558.0], [16158.0, 6562.5]]]}}, {"type": "Feature", "properties": {"class_id": 5, "classification": "Edge & Air Bubble", "area": 299.25}, "geometry": {"type": "Polygon", "coordinates": [[[17083.5, 6546.0], [17080.5, 6546.0], [17077.5, 6549.0], [17082.0, 6549.0], [17083.5, 6550.5], [17085.0, 6550.5], [17086.5, 6552.0], [17088.0, 6552.0], [17089.5, 6553.5], [17091.0, 6553.5], [17101.5, 6564.0], [17103.0, 6564.0], [17104.5, 6565.5], [17106.0, 6565.5], [17107.5, 6567.0], [17109.0, 6567.0], [17110.5, 6568.5], [17115.0, 6568.5], [17116.5, 6570.0], [17118.0, 6570.0], [17113.5, 6565.5], [17113.5, 6564.0], [17110.5, 6561.0], [17110.5, 6559.5], [17107.5, 6556.5], [17106.0, 6556.5], [17097.0, 6547.5], [17095.5, 6547.5], [17094.0, 6546.0], [17092.5, 6546.0], [17091.0, 6544.5], [17085.0, 6544.5], [17083.5, 6546.0]]]}}, {"type": "Feature", "properties": {"class_id": 5, "classification": "Edge & Air Bubble", "area": 56.25}, "geometry": {"type": "Polygon", "coordinates": [[[17659.5, 6478.5], [17658.0, 6480.0], [17656.5, 6480.0], [17652.0, 6484.5], [17652.0, 6486.0], [17649.0, 6489.0], [17655.0, 6489.0], [17658.0, 6486.0], [17658.0, 6484.5], [17662.5, 6480.0], [17661.0, 6480.0], [17659.5, 6478.5]]]}}, {"type": "Feature", "properties": {"class_id": 5, "classification": "Edge & Air Bubble", "area": 1334.25}, "geometry": {"type": "Polygon", "coordinates": [[[16692.0, 6463.5], [16690.5, 6465.0], [16686.0, 6465.0], [16684.5, 6466.5], [16683.0, 6466.5], [16681.5, 6468.0], [16678.5, 6468.0], [16677.0, 6469.5], [16671.0, 6469.5], [16668.0, 6472.5], [16668.0, 6474.0], [16665.0, 6477.0], [16665.0, 6480.0], [16666.5, 6481.5], [16666.5, 6483.0], [16668.0, 6484.5], [16668.0, 6486.0], [16669.5, 6486.0], [16671.0, 6487.5], [16671.0, 6489.0], [16672.5, 6489.0], [16674.0, 6490.5], [16675.5, 6490.5], [16677.0, 6492.0], [16680.0, 6492.0], [16683.0, 6495.0], [16687.5, 6495.0], [16689.0, 6496.5], [16699.5, 6496.5], [16701.0, 6495.0], [16702.5, 6495.0], [16704.0, 6493.5], [16705.5, 6493.5], [16707.0, 6492.0], [16707.0, 6490.5], [16711.5, 6486.0], [16711.5, 6484.5], [16713.0, 6483.0], [16713.0, 6481.5], [16716.0, 6478.5], [16717.5, 6478.5], [16719.0, 6477.0], [16719.0, 6475.5], [16720.5, 6474.0], [16720.5, 6472.5], [16722.0, 6471.0], [16722.0, 6469.5], [16720.5, 6468.0], [16720.5, 6466.5], [16719.0, 6466.5], [16717.5, 6465.0], [16717.5, 6463.5], [16698.0, 6463.5], [16696.5, 6465.0], [16695.0, 6465.0], [16693.5, 6463.5], [16692.0, 6463.5]]]}}, {"type": "Feature", "properties": {"class_id": 5, "classification": "Edge & Air Bubble", "area": 36.0}, "geometry": {"type": "Polygon", "coordinates": [[[17356.5, 6420.0], [17349.0, 6420.0], [17350.5, 6421.5], [17358.0, 6421.5], [17359.5, 6420.0], [17365.5, 6420.0], [17367.0, 6418.5], [17358.0, 6418.5], [17356.5, 6420.0]]]}}, {"type": "Feature", "properties": {"class_id": 5, "classification": "Edge & Air Bubble", "area": 606.375}, "geometry": {"type": "Polygon", "coordinates": [[[17250.0, 6391.5], [17254.5, 6396.0], [17254.5, 6397.5], [17256.0, 6399.0], [17257.5, 6399.0], [17259.0, 6400.5], [17260.5, 6400.5], [17269.5, 6409.5], [17271.0, 6409.5], [17272.5, 6411.0], [17274.0, 6411.0], [17275.5, 6412.5], [17281.5, 6412.5], [17283.0, 6414.0], [17292.0, 6414.0], [17293.5, 6415.5], [17304.0, 6415.5], [17305.5, 6417.0], [17307.0, 6417.0], [17308.5, 6415.5], [17311.5, 6415.5], [17313.0, 6414.0], [17320.5, 6414.0], [17322.0, 6415.5], [17329.5, 6415.5], [17331.0, 6414.0], [17329.5, 6414.0], [17328.0, 6412.5], [17326.5, 6412.5], [17325.0, 6411.0], [17323.5, 6411.0], [17322.0, 6409.5], [17317.5, 6409.5], [17316.0, 6408.0], [17308.5, 6408.0], [17307.0, 6406.5], [17298.0, 6406.5], [17296.5, 6405.0], [17293.5, 6405.0], [17292.0, 6403.5], [17287.5, 6403.5], [17286.0, 6402.0], [17280.0, 6402.0], [17278.5, 6403.5], [17277.0, 6403.5], [17275.5, 6402.0], [17274.0, 6402.0], [17272.5, 6400.5], [17271.0, 6400.5], [17269.5, 6399.0], [17268.0, 6399.0], [17266.5, 6397.5], [17263.5, 6397.5], [17262.0, 6396.0], [17260.5, 6396.0], [17259.0, 6394.5], [17256.0, 6394.5], [17254.5, 6393.0], [17253.0, 6393.0], [17251.5, 6391.5], [17250.0, 6391.5]]]}}, {"type": "Feature", "properties": {"class_id": 5, "classification": "Edge & Air Bubble", "area": 2134.125}, "geometry": {"type": "Polygon", "coordinates": [[[18433.5, 6385.5], [18432.0, 6387.0], [18432.0, 6420.0], [18436.5, 6420.0], [18438.0, 6421.5], [18438.0, 6426.0], [18444.0, 6426.0], [18445.5, 6424.5], [18447.0, 6424.5], [18448.5, 6426.0], [18451.5, 6426.0], [18453.0, 6424.5], [18454.5, 6424.5], [18456.0, 6423.0], [18465.0, 6423.0], [18468.0, 6426.0], [18469.5, 6426.0], [18471.0, 6427.5], [18472.5, 6427.5], [18474.0, 6429.0], [18475.5, 6429.0], [18478.5, 6432.0], [18478.5, 6435.0], [18484.5, 6435.0], [18484.5, 6433.5], [18487.5, 6430.5], [18490.5, 6430.5], [18492.0, 6429.0], [18505.5, 6429.0], [18507.0, 6427.5], [18511.5, 6427.5], [18513.0, 6429.0], [18514.5, 6429.0], [18511.5, 6426.0], [18511.5, 6424.5], [18510.0, 6423.0], [18510.0, 6420.0], [18508.5, 6418.5], [18508.5, 6415.5], [18507.0, 6414.0], [18507.0, 6411.0], [18504.0, 6408.0], [18502.5, 6408.0], [18501.0, 6406.5], [18498.0, 6406.5], [18496.5, 6405.0], [18495.0, 6405.0], [18493.5, 6403.5], [18492.0, 6403.5], [18490.5, 6402.0], [18489.0, 6402.0], [18487.5, 6400.5], [18484.5, 6400.5], [18483.0, 6402.0], [18481.5, 6402.0], [18480.0, 6403.5], [18477.0, 6403.5], [18475.5, 6405.0], [18472.5, 6405.0], [18471.0, 6403.5], [18468.0, 6403.5], [18466.5, 6402.0], [18465.0, 6402.0], [18463.5, 6400.5], [18460.5, 6400.5], [18457.5, 6397.5], [18456.0, 6397.5], [18454.5, 6396.0], [18453.0, 6396.0], [18450.0, 6393.0], [18448.5, 6393.0], [18447.0, 6391.5], [18445.5, 6391.5], [18442.5, 6388.5], [18441.0, 6388.5], [18439.5, 6387.0], [18438.0, 6387.0], [18436.5, 6385.5], [18433.5, 6385.5]]]}}, {"type": "Feature", "properties": {"class_id": 5, "classification": "Edge & Air Bubble", "area": 2.25}, "geometry": {"type": "Polygon", "coordinates": [[[17212.5, 6378.0], [17214.0, 6378.0], [17212.5, 6376.5], [17211.0, 6376.5], [17212.5, 6378.0]]]}}, {"type": "Feature", "properties": {"class_id": 5, "classification": "Edge & Air Bubble", "area": 124.875}, "geometry": {"type": "Polygon", "coordinates": [[[16929.0, 6376.5], [16926.0, 6376.5], [16924.5, 6378.0], [16923.0, 6378.0], [16921.5, 6379.5], [16915.5, 6379.5], [16915.5, 6381.0], [16918.5, 6384.0], [16921.5, 6384.0], [16923.0, 6382.5], [16924.5, 6382.5], [16927.5, 6379.5], [16929.0, 6379.5], [16930.5, 6378.0], [16941.0, 6378.0], [16944.0, 6375.0], [16941.0, 6372.0], [16933.5, 6372.0], [16929.0, 6376.5]]]}}, {"type": "Feature", "properties": {"class_id": 5, "classification": "Edge & Air Bubble", "area": 9.0}, "geometry": {"type": "Polygon", "coordinates": [[[17184.0, 6364.5], [17190.0, 6364.5], [17188.5, 6363.0], [17182.5, 6363.0], [17184.0, 6364.5]]]}}, {"type": "Feature", "properties": {"class_id": 5, "classification": "Edge & Air Bubble", "area": 78.75}, "geometry": {"type": "Polygon", "coordinates": [[[17119.5, 6351.0], [17116.5, 6354.0], [17134.5, 6354.0], [17136.0, 6352.5], [17140.5, 6352.5], [17139.0, 6351.0], [17137.5, 6351.0], [17136.0, 6349.5], [17128.5, 6349.5], [17127.0, 6351.0], [17119.5, 6351.0]]]}}, {"type": "Feature", "properties": {"class_id": 5, "classification": "Edge & Air Bubble", "area": 720.0}, "geometry": {"type": "Polygon", "coordinates": [[[17617.5, 6325.5], [17616.0, 6327.0], [17613.0, 6327.0], [17611.5, 6328.5], [17607.0, 6328.5], [17605.5, 6330.0], [17596.5, 6330.0], [17595.0, 6331.5], [17592.0, 6331.5], [17590.5, 6333.0], [17589.0, 6333.0], [17587.5, 6334.5], [17575.5, 6334.5], [17565.0, 6345.0], [17563.5, 6345.0], [17560.5, 6348.0], [17559.0, 6348.0], [17556.0, 6351.0], [17553.0, 6351.0], [17551.5, 6352.5], [17548.5, 6352.5], [17547.0, 6354.0], [17545.5, 6354.0], [17544.0, 6355.5], [17544.0, 6357.0], [17542.5, 6358.5], [17544.0, 6360.0], [17544.0, 6361.5], [17550.0, 6361.5], [17551.5, 6360.0], [17553.0, 6360.0], [17554.5, 6358.5], [17556.0, 6358.5], [17557.5, 6357.0], [17559.0, 6357.0], [17562.0, 6354.0], [17563.5, 6354.0], [17563.5, 6352.5], [17565.0, 6351.0], [17571.0, 6351.0], [17572.5, 6349.5], [17577.0, 6349.5], [17578.5, 6348.0], [17580.0, 6348.0], [17583.0, 6345.0], [17586.0, 6345.0], [17587.5, 6343.5], [17592.0, 6343.5], [17593.5, 6342.0], [17595.0, 6342.0], [17599.5, 6337.5], [17601.0, 6337.5], [17602.5, 6336.0], [17604.0, 6336.0], [17605.5, 6334.5], [17608.5, 6334.5], [17610.0, 6333.0], [17617.5, 6333.0], [17619.0, 6331.5], [17625.0, 6331.5], [17626.5, 6330.0], [17628.0, 6330.0], [17629.5, 6328.5], [17629.5, 6327.0], [17628.0, 6325.5], [17617.5, 6325.5]]]}}, {"type": "Feature", "properties": {"class_id": 5, "classification": "Edge & Air Bubble", "area": 156429.0}, "geometry": {"type": "Polygon", "coordinates": [[[16660.5, 6156.0], [16659.0, 6157.5], [16659.0, 6159.0], [16653.0, 6165.0], [16653.0, 6166.5], [16650.0, 6169.5], [16650.0, 6171.0], [16648.5, 6172.5], [16648.5, 6174.0], [16647.0, 6175.5], [16647.0, 6178.5], [16641.0, 6184.5], [16639.5, 6184.5], [16633.5, 6190.5], [16633.5, 6192.0], [16630.5, 6195.0], [16630.5, 6196.5], [16621.5, 6205.5], [16620.0, 6205.5], [16618.5, 6207.0], [16617.0, 6207.0], [16615.5, 6208.5], [16612.5, 6208.5], [16611.0, 6210.0], [16609.5, 6210.0], [16608.0, 6211.5], [16606.5, 6211.5], [16603.5, 6214.5], [16602.0, 6214.5], [16600.5, 6216.0], [16599.0, 6216.0], [16597.5, 6217.5], [16593.0, 6217.5], [16588.5, 6213.0], [16587.0, 6213.0], [16585.5, 6211.5], [16581.0, 6211.5], [16579.5, 6213.0], [16576.5, 6213.0], [16575.0, 6214.5], [16566.0, 6214.5], [16564.5, 6213.0], [16558.5, 6213.0], [16557.0, 6211.5], [16546.5, 6211.5], [16545.0, 6210.0], [16534.5, 6210.0], [16533.0, 6211.5], [16524.0, 6211.5], [16522.5, 6213.0], [16521.0, 6213.0], [16519.5, 6211.5], [16516.5, 6211.5], [16513.5, 6208.5], [16512.0, 6208.5], [16510.5, 6207.0], [16509.0, 6207.0], [16507.5, 6205.5], [16506.0, 6205.5], [16504.5, 6204.0], [16497.0, 6204.0], [16495.5, 6205.5], [16494.0, 6205.5], [16492.5, 6207.0], [16491.0, 6207.0], [16489.5, 6208.5], [16488.0, 6208.5], [16486.5, 6210.0], [16482.0, 6210.0], [16480.5, 6211.5], [16477.5, 6211.5], [16476.0, 6210.0], [16470.0, 6210.0], [16468.5, 6208.5], [16458.0, 6208.5], [16456.5, 6207.0], [16450.5, 6207.0], [16449.0, 6205.5], [16443.0, 6205.5], [16441.5, 6207.0], [16440.0, 6207.0], [16437.0, 6210.0], [16435.5, 6210.0], [16434.0, 6211.5], [16425.0, 6211.5], [16423.5, 6210.0], [16417.5, 6210.0], [16416.0, 6211.5], [16413.0, 6211.5], [16411.5, 6213.0], [16408.5, 6213.0], [16407.0, 6214.5], [16399.5, 6214.5], [16398.0, 6216.0], [16392.0, 6216.0], [16390.5, 6214.5], [16387.5, 6214.5], [16386.0, 6216.0], [16384.5, 6216.0], [16383.0, 6217.5], [16383.0, 6219.0], [16381.5, 6220.5], [16381.5, 6222.0], [16371.0, 6232.5], [16369.5, 6232.5], [16368.0, 6234.0], [16366.5, 6234.0], [16347.0, 6253.5], [16347.0, 6255.0], [16345.5, 6256.5], [16345.5, 6259.5], [16344.0, 6261.0], [16344.0, 6262.5], [16341.0, 6265.5], [16341.0, 6268.5], [16339.5, 6270.0], [16339.5, 6279.0], [16336.5, 6282.0], [16335.0, 6280.5], [16330.5, 6280.5], [16329.0, 6279.0], [16329.0, 6277.5], [16320.0, 6277.5], [16317.0, 6274.5], [16317.0, 6270.0], [16315.5, 6268.5], [16315.5, 6264.0], [16314.0, 6262.5], [16314.0, 6261.0], [16308.0, 6255.0], [16306.5, 6255.0], [16305.0, 6253.5], [16302.0, 6253.5], [16300.5, 6252.0], [16299.0, 6252.0], [16294.5, 6247.5], [16294.5, 6246.0], [16293.0, 6244.5], [16293.0, 6243.0], [16291.5, 6241.5], [16291.5, 6240.0], [16288.5, 6237.0], [16288.5, 6235.5], [16287.0, 6234.0], [16285.5, 6234.0], [16282.5, 6231.0], [16281.0, 6231.0], [16279.5, 6229.5], [16275.0, 6229.5], [16273.5, 6228.0], [16269.0, 6228.0], [16267.5, 6226.5], [16264.5, 6226.5], [16263.0, 6225.0], [16261.5, 6225.0], [16260.0, 6223.5], [16258.5, 6223.5], [16257.0, 6222.0], [16255.5, 6222.0], [16254.0, 6220.5], [16252.5, 6220.5], [16251.0, 6219.0], [16249.5, 6219.0], [16248.0, 6217.5], [16246.5, 6217.5], [16245.0, 6216.0], [16242.0, 6216.0], [16240.5, 6214.5], [16237.5, 6214.5], [16236.0, 6213.0], [16233.0, 6213.0], [16231.5, 6211.5], [16227.0, 6211.5], [16225.5, 6210.0], [16221.0, 6210.0], [16219.5, 6208.5], [16216.5, 6208.5], [16215.0, 6207.0], [16213.5, 6207.0], [16212.0, 6205.5], [16207.5, 6205.5], [16206.0, 6204.0], [16204.5, 6204.0], [16203.0, 6202.5], [16183.5, 6202.5], [16182.0, 6201.0], [16171.5, 6201.0], [16170.0, 6199.5], [16159.5, 6199.5], [16158.0, 6198.0], [16155.0, 6198.0], [16153.5, 6196.5], [16147.5, 6196.5], [16146.0, 6195.0], [16144.5, 6195.0], [16143.0, 6193.5], [16140.0, 6193.5], [16138.5, 6192.0], [16135.5, 6192.0], [16134.0, 6190.5], [16132.5, 6190.5], [16131.0, 6192.0], [16128.0, 6192.0], [16128.0, 6384.0], [16131.0, 6387.0], [16131.0, 6390.0], [16132.5, 6391.5], [16132.5, 6393.0], [16134.0, 6393.0], [16135.5, 6394.5], [16137.0, 6394.5], [16138.5, 6396.0], [16138.5, 6397.5], [16141.5, 6400.5], [16141.5, 6402.0], [16143.0, 6402.0], [16144.5, 6403.5], [16146.0, 6403.5], [16147.5, 6405.0], [16149.0, 6405.0], [16150.5, 6406.5], [16150.5, 6408.0], [16152.0, 6408.0], [16155.0, 6411.0], [16156.5, 6411.0], [16159.5, 6414.0], [16161.0, 6414.0], [16162.5, 6415.5], [16164.0, 6415.5], [16171.5, 6423.0], [16173.0, 6423.0], [16176.0, 6426.0], [16179.0, 6426.0], [16180.5, 6427.5], [16182.0, 6427.5], [16183.5, 6429.0], [16188.0, 6429.0], [16189.5, 6430.5], [16233.0, 6430.5], [16234.5, 6429.0], [16252.5, 6429.0], [16254.0, 6430.5], [16260.0, 6430.5], [16261.5, 6432.0], [16276.5, 6432.0], [16278.0, 6433.5], [16282.5, 6433.5], [16284.0, 6435.0], [16318.5, 6435.0], [16320.0, 6433.5], [16347.0, 6433.5], [16348.5, 6432.0], [16353.0, 6432.0], [16354.5, 6430.5], [16374.0, 6430.5], [16375.5, 6432.0], [16380.0, 6432.0], [16381.5, 6433.5], [16386.0, 6433.5], [16387.5, 6435.0], [16410.0, 6435.0], [16411.5, 6433.5], [16428.0, 6433.5], [16429.5, 6432.0], [16438.5, 6432.0], [16440.0, 6430.5], [16444.5, 6430.5], [16446.0, 6429.0], [16455.0, 6429.0], [16456.5, 6427.5], [16459.5, 6427.5], [16461.0, 6426.0], [16462.5, 6426.0], [16465.5, 6423.0], [16467.0, 6423.0], [16470.0, 6420.0], [16471.5, 6420.0], [16474.5, 6417.0], [16477.5, 6417.0], [16480.5, 6414.0], [16480.5, 6412.5], [16482.0, 6411.0], [16483.5, 6411.0], [16483.5, 6409.5], [16485.0, 6408.0], [16486.5, 6408.0], [16489.5, 6405.0], [16492.5, 6405.0], [16494.0, 6403.5], [16495.5, 6403.5], [16497.0, 6402.0], [16500.0, 6402.0], [16501.5, 6403.5], [16503.0, 6403.5], [16504.5, 6402.0], [16507.5, 6402.0], [16507.5, 6400.5], [16509.0, 6399.0], [16509.0, 6397.5], [16510.5, 6396.0], [16510.5, 6391.5], [16509.0, 6391.5], [16506.0, 6388.5], [16504.5, 6388.5], [16501.5, 6385.5], [16500.0, 6385.5], [16498.5, 6384.0], [16498.5, 6382.5], [16497.0, 6381.0], [16497.0, 6378.0], [16495.5, 6376.5], [16495.5, 6373.5], [16494.0, 6372.0], [16494.0, 6370.5], [16492.5, 6369.0], [16492.5, 6367.5], [16486.5, 6361.5], [16483.5, 6361.5], [16480.5, 6358.5], [16479.0, 6358.5], [16474.5, 6354.0], [16474.5, 6352.5], [16471.5, 6349.5], [16471.5, 6346.5], [16470.0, 6345.0], [16470.0, 6343.5], [16468.5, 6342.0], [16468.5, 6340.5], [16467.0, 6340.5], [16465.5, 6339.0], [16465.5, 6337.5], [16462.5, 6337.5], [16461.0, 6336.0], [16458.0, 6336.0], [16456.5, 6334.5], [16456.5, 6331.5], [16455.0, 6330.0], [16455.0, 6328.5], [16453.5, 6327.0], [16453.5, 6325.5], [16452.0, 6325.5], [16450.5, 6324.0], [16450.5, 6319.5], [16449.0, 6318.0], [16449.0, 6313.5], [16447.5, 6313.5], [16444.5, 6310.5], [16437.0, 6310.5], [16435.5, 6309.0], [16435.5, 6307.5], [16434.0, 6307.5], [16432.5, 6306.0], [16431.0, 6306.0], [16426.5, 6301.5], [16426.5, 6294.0], [16431.0, 6289.5], [16432.5, 6289.5], [16434.0, 6288.0], [16438.5, 6288.0], [16440.0, 6286.5], [16447.5, 6286.5], [16449.0, 6288.0], [16465.5, 6288.0], [16467.0, 6289.5], [16468.5, 6289.5], [16470.0, 6291.0], [16471.5, 6291.0], [16474.5, 6294.0], [16477.5, 6294.0], [16480.5, 6297.0], [16485.0, 6297.0], [16486.5, 6298.5], [16488.0, 6298.5], [16489.5, 6300.0], [16492.5, 6300.0], [16494.0, 6301.5], [16495.5, 6301.5], [16497.0, 6303.0], [16500.0, 6303.0], [16503.0, 6306.0], [16504.5, 6306.0], [16506.0, 6307.5], [16507.5, 6307.5], [16509.0, 6309.0], [16512.0, 6309.0], [16513.5, 6307.5], [16515.0, 6307.5], [16519.5, 6312.0], [16521.0, 6312.0], [16524.0, 6315.0], [16530.0, 6315.0], [16531.5, 6316.5], [16540.5, 6316.5], [16542.0, 6315.0], [16543.5, 6315.0], [16546.5, 6312.0], [16548.0, 6312.0], [16554.0, 6318.0], [16560.0, 6318.0], [16564.5, 6322.5], [16564.5, 6324.0], [16566.0, 6325.5], [16566.0, 6328.5], [16570.5, 6333.0], [16596.0, 6333.0], [16597.5, 6334.5], [16599.0, 6334.5], [16600.5, 6336.0], [16593.0, 6343.5], [16590.0, 6343.5], [16587.0, 6340.5], [16584.0, 6340.5], [16584.0, 6346.5], [16582.5, 6348.0], [16581.0, 6348.0], [16579.5, 6346.5], [16575.0, 6346.5], [16573.5, 6345.0], [16572.0, 6345.0], [16570.5, 6343.5], [16569.0, 6343.5], [16567.5, 6342.0], [16560.0, 6342.0], [16560.0, 6343.5], [16557.0, 6346.5], [16557.0, 6348.0], [16560.0, 6351.0], [16560.0, 6352.5], [16557.0, 6355.5], [16554.0, 6355.5], [16554.0, 6358.5], [16551.0, 6361.5], [16549.5, 6361.5], [16549.5, 6363.0], [16548.0, 6364.5], [16548.0, 6366.0], [16545.0, 6369.0], [16545.0, 6382.5], [16546.5, 6384.0], [16545.0, 6385.5], [16545.0, 6387.0], [16551.0, 6393.0], [16552.5, 6393.0], [16554.0, 6394.5], [16554.0, 6396.0], [16555.5, 6396.0], [16560.0, 6400.5], [16560.0, 6402.0], [16557.0, 6405.0], [16557.0, 6406.5], [16555.5, 6408.0], [16555.5, 6411.0], [16557.0, 6412.5], [16557.0, 6414.0], [16560.0, 6414.0], [16561.5, 6415.5], [16567.5, 6415.5], [16572.0, 6411.0], [16582.5, 6411.0], [16584.0, 6409.5], [16588.5, 6409.5], [16590.0, 6408.0], [16594.5, 6408.0], [16596.0, 6406.5], [16597.5, 6406.5], [16599.0, 6405.0], [16603.5, 6405.0], [16605.0, 6403.5], [16606.5, 6403.5], [16608.0, 6402.0], [16611.0, 6402.0], [16614.0, 6399.0], [16615.5, 6399.0], [16617.0, 6397.5], [16623.0, 6397.5], [16624.5, 6396.0], [16630.5, 6396.0], [16632.0, 6394.5], [16645.5, 6394.5], [16647.0, 6396.0], [16651.5, 6396.0], [16653.0, 6397.5], [16659.0, 6397.5], [16660.5, 6399.0], [16675.5, 6399.0], [16677.0, 6400.5], [16678.5, 6400.5], [16680.0, 6402.0], [16681.5, 6402.0], [16683.0, 6403.5], [16684.5, 6403.5], [16686.0, 6405.0], [16701.0, 6405.0], [16702.5, 6406.5], [16711.5, 6406.5], [16713.0, 6408.0], [16714.5, 6408.0], [16716.0, 6406.5], [16720.5, 6406.5], [16722.0, 6405.0], [16732.5, 6405.0], [16735.5, 6402.0], [16737.0, 6402.0], [16740.0, 6399.0], [16743.0, 6399.0], [16744.5, 6397.5], [16747.5, 6397.5], [16749.0, 6396.0], [16750.5, 6396.0], [16753.5, 6393.0], [16756.5, 6393.0], [16759.5, 6396.0], [16765.5, 6396.0], [16768.5, 6399.0], [16771.5, 6399.0], [16773.0, 6400.5], [16773.0, 6402.0], [16779.0, 6408.0], [16786.5, 6408.0], [16789.5, 6411.0], [16798.5, 6411.0], [16800.0, 6412.5], [16801.5, 6411.0], [16809.0, 6411.0], [16810.5, 6409.5], [16824.0, 6409.5], [16825.5, 6408.0], [16828.5, 6408.0], [16831.5, 6405.0], [16837.5, 6405.0], [16839.0, 6406.5], [16845.0, 6406.5], [16848.0, 6403.5], [16851.0, 6403.5], [16852.5, 6402.0], [16858.5, 6402.0], [16860.0, 6400.5], [16863.0, 6400.5], [16864.5, 6399.0], [16873.5, 6399.0], [16875.0, 6397.5], [16884.0, 6397.5], [16885.5, 6396.0], [16888.5, 6396.0], [16891.5, 6393.0], [16893.0, 6394.5], [16894.5, 6394.5], [16894.5, 6321.0], [16893.0, 6321.0], [16890.0, 6318.0], [16890.0, 6316.5], [16888.5, 6315.0], [16888.5, 6304.5], [16890.0, 6303.0], [16888.5, 6301.5], [16882.5, 6301.5], [16879.5, 6304.5], [16878.0, 6304.5], [16876.5, 6306.0], [16872.0, 6306.0], [16870.5, 6304.5], [16869.0, 6304.5], [16864.5, 6300.0], [16864.5, 6298.5], [16863.0, 6298.5], [16861.5, 6297.0], [16861.5, 6289.5], [16860.0, 6288.0], [16860.0, 6283.5], [16858.5, 6282.0], [16858.5, 6280.5], [16857.0, 6279.0], [16857.0, 6277.5], [16855.5, 6276.0], [16855.5, 6274.5], [16852.5, 6271.5], [16852.5, 6270.0], [16849.5, 6267.0], [16849.5, 6265.5], [16848.0, 6265.5], [16846.5, 6264.0], [16846.5, 6261.0], [16843.5, 6258.0], [16843.5, 6256.5], [16840.5, 6256.5], [16839.0, 6255.0], [16839.0, 6252.0], [16837.5, 6250.5], [16837.5, 6249.0], [16834.5, 6246.0], [16833.0, 6246.0], [16831.5, 6244.5], [16830.0, 6244.5], [16825.5, 6240.0], [16825.5, 6238.5], [16824.0, 6238.5], [16822.5, 6237.0], [16822.5, 6235.5], [16819.5, 6235.5], [16813.5, 6229.5], [16809.0, 6229.5], [16807.5, 6228.0], [16807.5, 6226.5], [16801.5, 6220.5], [16800.0, 6220.5], [16797.0, 6217.5], [16794.0, 6217.5], [16792.5, 6216.0], [16792.5, 6214.5], [16791.0, 6214.5], [16789.5, 6213.0], [16788.0, 6213.0], [16786.5, 6211.5], [16782.0, 6211.5], [16779.0, 6208.5], [16777.5, 6208.5], [16774.5, 6205.5], [16774.5, 6204.0], [16776.0, 6202.5], [16777.5, 6202.5], [16779.0, 6201.0], [16786.5, 6201.0], [16788.0, 6202.5], [16789.5, 6202.5], [16791.0, 6201.0], [16792.5, 6202.5], [16794.0, 6202.5], [16795.5, 6204.0], [16801.5, 6204.0], [16803.0, 6205.5], [16803.0, 6207.0], [16804.5, 6208.5], [16807.5, 6208.5], [16809.0, 6210.0], [16813.5, 6210.0], [16815.0, 6211.5], [16816.5, 6211.5], [16818.0, 6213.0], [16821.0, 6213.0], [16824.0, 6216.0], [16825.5, 6216.0], [16828.5, 6219.0], [16831.5, 6219.0], [16833.0, 6220.5], [16834.5, 6220.5], [16836.0, 6222.0], [16837.5, 6222.0], [16842.0, 6226.5], [16842.0, 6228.0], [16843.5, 6229.5], [16843.5, 6231.0], [16845.0, 6232.5], [16845.0, 6234.0], [16851.0, 6240.0], [16852.5, 6240.0], [16854.0, 6241.5], [16854.0, 6243.0], [16857.0, 6243.0], [16858.5, 6244.5], [16861.5, 6244.5], [16863.0, 6246.0], [16867.5, 6246.0], [16872.0, 6250.5], [16872.0, 6258.0], [16873.5, 6259.5], [16873.5, 6262.5], [16875.0, 6264.0], [16875.0, 6265.5], [16878.0, 6268.5], [16878.0, 6273.0], [16882.5, 6273.0], [16884.0, 6274.5], [16885.5, 6274.5], [16888.5, 6277.5], [16893.0, 6277.5], [16891.5, 6276.0], [16891.5, 6265.5], [16893.0, 6264.0], [16894.5, 6264.0], [16894.5, 6180.0], [16891.5, 6180.0], [16890.0, 6178.5], [16888.5, 6178.5], [16887.0, 6177.0], [16879.5, 6177.0], [16878.0, 6175.5], [16876.5, 6175.5], [16875.0, 6174.0], [16873.5, 6174.0], [16872.0, 6172.5], [16869.0, 6172.5], [16864.5, 6168.0], [16864.5, 6166.5], [16863.0, 6165.0], [16863.0, 6163.5], [16861.5, 6162.0], [16861.5, 6160.5], [16863.0, 6159.0], [16863.0, 6154.5], [16864.5, 6153.0], [16864.5, 6147.0], [16863.0, 6145.5], [16864.5, 6144.0], [16660.5, 6144.0], [16660.5, 6156.0]]]}}, {"type": "Feature", "properties": {"class_id": 5, "classification": "Edge & Air Bubble", "area": 592.875}, "geometry": {"type": "Polygon", "coordinates": [[[14827.5, 5307.0], [14829.0, 5308.5], [14829.0, 5310.0], [14830.5, 5311.5], [14830.5, 5313.0], [14839.5, 5322.0], [14841.0, 5322.0], [14842.5, 5323.5], [14844.0, 5323.5], [14845.5, 5322.0], [14848.5, 5325.0], [14850.0, 5325.0], [14853.0, 5328.0], [14854.5, 5328.0], [14857.5, 5331.0], [14865.0, 5331.0], [14865.0, 5329.5], [14866.5, 5328.0], [14869.5, 5328.0], [14872.5, 5325.0], [14875.5, 5325.0], [14875.5, 5323.5], [14874.0, 5322.0], [14874.0, 5320.5], [14869.5, 5316.0], [14869.5, 5314.5], [14868.0, 5313.0], [14868.0, 5311.5], [14862.0, 5311.5], [14859.0, 5314.5], [14850.0, 5314.5], [14847.0, 5311.5], [14847.0, 5310.0], [14845.5, 5310.0], [14844.0, 5308.5], [14835.0, 5308.5], [14832.0, 5305.5], [14830.5, 5305.5], [14827.5, 5302.5], [14827.5, 5307.0]]]}}, {"type": "Feature", "properties": {"class_id": 5, "classification": "Edge & Air Bubble", "area": 6334.875}, "geometry": {"type": "Polygon", "coordinates": [[[14887.5, 5259.0], [14886.0, 5260.5], [14883.0, 5260.5], [14883.0, 5262.0], [14881.5, 5263.5], [14880.0, 5263.5], [14878.5, 5265.0], [14878.5, 5277.0], [14881.5, 5280.0], [14881.5, 5286.0], [14878.5, 5289.0], [14878.5, 5293.5], [14881.5, 5296.5], [14884.5, 5296.5], [14887.5, 5299.5], [14887.5, 5307.0], [14886.0, 5308.5], [14884.5, 5308.5], [14884.5, 5314.5], [14886.0, 5316.0], [14886.0, 5317.5], [14887.5, 5319.0], [14884.5, 5322.0], [14884.5, 5323.5], [14881.5, 5326.5], [14884.5, 5329.5], [14884.5, 5332.5], [14886.0, 5332.5], [14890.5, 5337.0], [14892.0, 5337.0], [14893.5, 5338.5], [14893.5, 5340.0], [14895.0, 5341.5], [14895.0, 5346.0], [14892.0, 5349.0], [14890.5, 5349.0], [14889.0, 5350.5], [14889.0, 5352.0], [14890.5, 5353.5], [14892.0, 5353.5], [14893.5, 5355.0], [14893.5, 5356.5], [14895.0, 5358.0], [14893.5, 5359.5], [14875.5, 5359.5], [14874.0, 5358.0], [14869.5, 5358.0], [14868.0, 5356.5], [14866.5, 5356.5], [14865.0, 5355.0], [14856.0, 5355.0], [14854.5, 5353.5], [14853.0, 5353.5], [14851.5, 5355.0], [14851.5, 5356.5], [14850.0, 5358.0], [14850.0, 5359.5], [14848.5, 5361.0], [14848.5, 5362.5], [14847.0, 5364.0], [14847.0, 5371.5], [14845.5, 5373.0], [14845.5, 5374.5], [14925.0, 5374.5], [14923.5, 5373.0], [14922.0, 5373.0], [14919.0, 5370.0], [14919.0, 5368.5], [14910.0, 5368.5], [14908.5, 5367.0], [14907.0, 5367.0], [14904.0, 5364.0], [14904.0, 5359.5], [14905.5, 5358.0], [14905.5, 5352.0], [14907.0, 5350.5], [14907.0, 5349.0], [14910.0, 5346.0], [14922.0, 5346.0], [14925.0, 5343.0], [14925.0, 5326.5], [14928.0, 5323.5], [14928.0, 5322.0], [14931.0, 5319.0], [14934.0, 5319.0], [14935.5, 5320.5], [14935.5, 5322.0], [14938.5, 5325.0], [14944.5, 5325.0], [14944.5, 5323.5], [14946.0, 5322.0], [14946.0, 5319.0], [14944.5, 5317.5], [14944.5, 5316.0], [14943.0, 5314.5], [14943.0, 5311.5], [14941.5, 5310.0], [14941.5, 5308.5], [14940.0, 5307.0], [14940.0, 5305.5], [14938.5, 5304.0], [14938.5, 5299.5], [14937.0, 5298.0], [14937.0, 5295.0], [14935.5, 5293.5], [14935.5, 5292.0], [14928.0, 5284.5], [14926.5, 5284.5], [14925.0, 5283.0], [14923.5, 5283.0], [14922.0, 5281.5], [14919.0, 5281.5], [14917.5, 5280.0], [14913.0, 5280.0], [14911.5, 5278.5], [14907.0, 5278.5], [14905.5, 5277.0], [14904.0, 5277.0], [14896.5, 5269.5], [14896.5, 5268.0], [14895.0, 5266.5], [14895.0, 5263.5], [14893.5, 5262.0], [14893.5, 5254.5], [14892.0, 5253.0], [14892.0, 5250.0], [14890.5, 5248.5], [14890.5, 5254.5], [14887.5, 5257.5], [14887.5, 5259.0]]]}}, {"type": "Feature", "properties": {"class_id": 5, "classification": "Edge & Air Bubble", "area": 15478.875}, "geometry": {"type": "Polygon", "coordinates": [[[11359.5, 4119.0], [11358.0, 4120.5], [11356.5, 4120.5], [11355.0, 4122.0], [11353.5, 4122.0], [11349.0, 4126.5], [11349.0, 4128.0], [11346.0, 4131.0], [11346.0, 4132.5], [11337.0, 4141.5], [11337.0, 4143.0], [11335.5, 4144.5], [11335.5, 4150.5], [11334.0, 4152.0], [11334.0, 4158.0], [11335.5, 4159.5], [11335.5, 4161.0], [11337.0, 4162.5], [11340.0, 4162.5], [11341.5, 4164.0], [11343.0, 4164.0], [11347.5, 4168.5], [11347.5, 4170.0], [11353.5, 4176.0], [11353.5, 4177.5], [11355.0, 4179.0], [11355.0, 4180.5], [11356.5, 4182.0], [11356.5, 4183.5], [11358.0, 4185.0], [11358.0, 4186.5], [11359.5, 4188.0], [11359.5, 4189.5], [11361.0, 4191.0], [11361.0, 4192.5], [11362.5, 4194.0], [11362.5, 4197.0], [11364.0, 4198.5], [11364.0, 4200.0], [11365.5, 4201.5], [11365.5, 4203.0], [11367.0, 4204.5], [11367.0, 4206.0], [11377.5, 4216.5], [11377.5, 4218.0], [11392.5, 4233.0], [11394.0, 4233.0], [11397.0, 4236.0], [11397.0, 4234.5], [11395.5, 4233.0], [11395.5, 4230.0], [11397.0, 4228.5], [11397.0, 4225.5], [11398.5, 4224.0], [11392.5, 4218.0], [11395.5, 4215.0], [11397.0, 4215.0], [11397.0, 4213.5], [11400.0, 4210.5], [11398.5, 4209.0], [11392.5, 4209.0], [11391.0, 4210.5], [11388.0, 4210.5], [11383.5, 4206.0], [11383.5, 4204.5], [11385.0, 4203.0], [11385.0, 4201.5], [11386.5, 4200.0], [11386.5, 4198.5], [11391.0, 4194.0], [11391.0, 4189.5], [11389.5, 4188.0], [11389.5, 4186.5], [11391.0, 4185.0], [11391.0, 4183.5], [11392.5, 4182.0], [11406.0, 4182.0], [11407.5, 4183.5], [11409.0, 4183.5], [11410.5, 4182.0], [11412.0, 4182.0], [11412.0, 4180.5], [11413.5, 4179.0], [11415.0, 4179.0], [11418.0, 4176.0], [11421.0, 4176.0], [11422.5, 4177.5], [11424.0, 4177.5], [11425.5, 4179.0], [11427.0, 4179.0], [11428.5, 4180.5], [11430.0, 4180.5], [11430.0, 4179.0], [11431.5, 4177.5], [11434.5, 4177.5], [11437.5, 4180.5], [11437.5, 4182.0], [11440.5, 4185.0], [11442.0, 4185.0], [11443.5, 4183.5], [11448.0, 4183.5], [11449.5, 4185.0], [11449.5, 4186.5], [11451.0, 4188.0], [11451.0, 4191.0], [11452.5, 4192.5], [11455.5, 4192.5], [11460.0, 4197.0], [11463.0, 4197.0], [11467.5, 4201.5], [11467.5, 4203.0], [11466.0, 4204.5], [11467.5, 4206.0], [11467.5, 4209.0], [11469.0, 4209.0], [11470.5, 4210.5], [11470.5, 4212.0], [11472.0, 4212.0], [11475.0, 4215.0], [11476.5, 4215.0], [11479.5, 4218.0], [11479.5, 4219.5], [11481.0, 4221.0], [11481.0, 4227.0], [11479.5, 4228.5], [11481.0, 4230.0], [11475.0, 4236.0], [11475.0, 4237.5], [11473.5, 4239.0], [11473.5, 4242.0], [11472.0, 4243.5], [11470.5, 4243.5], [11470.5, 4245.0], [11469.0, 4246.5], [11458.5, 4246.5], [11457.0, 4248.0], [11455.5, 4248.0], [11454.0, 4249.5], [11448.0, 4249.5], [11446.5, 4251.0], [11445.0, 4251.0], [11443.5, 4252.5], [11440.5, 4252.5], [11440.5, 4254.0], [11439.0, 4255.5], [11436.0, 4255.5], [11433.0, 4258.5], [11430.0, 4255.5], [11428.5, 4255.5], [11425.5, 4252.5], [11424.0, 4252.5], [11421.0, 4249.5], [11419.5, 4249.5], [11416.5, 4246.5], [11410.5, 4246.5], [11416.5, 4252.5], [11418.0, 4252.5], [11424.0, 4258.5], [11425.5, 4258.5], [11427.0, 4260.0], [11428.5, 4260.0], [11431.5, 4263.0], [11434.5, 4263.0], [11436.0, 4264.5], [11443.5, 4264.5], [11445.0, 4263.0], [11446.5, 4264.5], [11448.0, 4264.5], [11449.5, 4266.0], [11451.0, 4266.0], [11455.5, 4270.5], [11457.0, 4270.5], [11458.5, 4272.0], [11461.5, 4272.0], [11463.0, 4273.5], [11470.5, 4273.5], [11472.0, 4275.0], [11473.5, 4275.0], [11475.0, 4276.5], [11476.5, 4276.5], [11479.5, 4279.5], [11479.5, 4282.5], [11481.0, 4284.0], [11481.0, 4285.5], [11484.0, 4285.5], [11485.5, 4287.0], [11488.5, 4287.0], [11490.0, 4288.5], [11491.5, 4288.5], [11493.0, 4290.0], [11505.0, 4290.0], [11506.5, 4288.5], [11511.0, 4288.5], [11515.5, 4284.0], [11515.5, 4282.5], [11517.0, 4281.0], [11518.5, 4281.0], [11518.5, 4134.0], [11512.5, 4134.0], [11511.0, 4135.5], [11509.5, 4135.5], [11508.0, 4137.0], [11506.5, 4137.0], [11505.0, 4138.5], [11500.5, 4138.5], [11499.0, 4140.0], [11494.5, 4140.0], [11493.0, 4141.5], [11473.5, 4141.5], [11472.0, 4143.0], [11469.0, 4143.0], [11467.5, 4141.5], [11464.5, 4141.5], [11463.0, 4140.0], [11461.5, 4140.0], [11460.0, 4138.5], [11457.0, 4138.5], [11455.5, 4137.0], [11452.5, 4137.0], [11451.0, 4135.5], [11449.5, 4135.5], [11446.5, 4132.5], [11443.5, 4132.5], [11442.0, 4131.0], [11440.5, 4131.0], [11439.0, 4132.5], [11436.0, 4132.5], [11434.5, 4134.0], [11422.5, 4134.0], [11421.0, 4135.5], [11401.5, 4135.5], [11400.0, 4134.0], [11397.0, 4134.0], [11395.5, 4132.5], [11394.0, 4132.5], [11392.5, 4131.0], [11391.0, 4131.0], [11389.5, 4129.5], [11388.0, 4129.5], [11382.0, 4123.5], [11380.5, 4123.5], [11377.5, 4120.5], [11376.0, 4120.5], [11374.5, 4119.0], [11373.0, 4119.0], [11371.5, 4117.5], [11364.0, 4117.5], [11362.5, 4119.0], [11359.5, 4119.0]]]}}, {"type": "Feature", "properties": {"class_id": 5, "classification": "Edge & Air Bubble", "area": 32034.375}, "geometry": {"type": "Polygon", "coordinates": [[[19279.5, 3631.5], [19278.0, 3633.0], [19275.0, 3633.0], [19273.5, 3634.5], [19269.0, 3634.5], [19267.5, 3636.0], [19266.0, 3636.0], [19263.0, 3639.0], [19261.5, 3639.0], [19260.0, 3640.5], [19258.5, 3640.5], [19257.0, 3642.0], [19252.5, 3642.0], [19251.0, 3643.5], [19249.5, 3643.5], [19243.5, 3649.5], [19242.0, 3649.5], [19240.5, 3651.0], [19239.0, 3651.0], [19237.5, 3652.5], [19228.5, 3652.5], [19227.0, 3651.0], [19224.0, 3651.0], [19222.5, 3649.5], [19219.5, 3649.5], [19218.0, 3648.0], [19210.5, 3648.0], [19209.0, 3649.5], [19204.5, 3649.5], [19203.0, 3651.0], [19201.5, 3651.0], [19200.0, 3652.5], [19200.0, 3838.5], [19209.0, 3838.5], [19210.5, 3837.0], [19216.5, 3837.0], [19218.0, 3838.5], [19357.5, 3838.5], [19356.0, 3837.0], [19356.0, 3835.5], [19354.5, 3834.0], [19354.5, 3828.0], [19353.0, 3826.5], [19353.0, 3823.5], [19351.5, 3822.0], [19351.5, 3820.5], [19350.0, 3819.0], [19350.0, 3817.5], [19348.5, 3816.0], [19348.5, 3814.5], [19347.0, 3813.0], [19347.0, 3811.5], [19345.5, 3810.0], [19345.5, 3805.5], [19356.0, 3795.0], [19357.5, 3795.0], [19359.0, 3793.5], [19360.5, 3793.5], [19362.0, 3792.0], [19363.5, 3792.0], [19369.5, 3786.0], [19369.5, 3784.5], [19371.0, 3783.0], [19371.0, 3781.5], [19372.5, 3780.0], [19372.5, 3777.0], [19374.0, 3775.5], [19374.0, 3774.0], [19375.5, 3772.5], [19375.5, 3771.0], [19378.5, 3768.0], [19380.0, 3768.0], [19380.0, 3766.5], [19381.5, 3765.0], [19381.5, 3763.5], [19383.0, 3762.0], [19383.0, 3759.0], [19390.5, 3751.5], [19390.5, 3744.0], [19392.0, 3742.5], [19392.0, 3730.5], [19390.5, 3729.0], [19390.5, 3726.0], [19389.0, 3724.5], [19389.0, 3721.5], [19387.5, 3720.0], [19387.5, 3718.5], [19384.5, 3715.5], [19384.5, 3712.5], [19383.0, 3711.0], [19383.0, 3702.0], [19378.5, 3697.5], [19377.0, 3697.5], [19375.5, 3696.0], [19374.0, 3696.0], [19372.5, 3694.5], [19371.0, 3694.5], [19368.0, 3691.5], [19366.5, 3691.5], [19363.5, 3688.5], [19362.0, 3688.5], [19357.5, 3684.0], [19356.0, 3684.0], [19350.0, 3678.0], [19348.5, 3678.0], [19345.5, 3675.0], [19344.0, 3675.0], [19342.5, 3673.5], [19341.0, 3673.5], [19339.5, 3672.0], [19338.0, 3672.0], [19336.5, 3670.5], [19335.0, 3670.5], [19330.5, 3666.0], [19330.5, 3664.5], [19329.0, 3663.0], [19329.0, 3661.5], [19324.5, 3657.0], [19324.5, 3655.5], [19315.5, 3646.5], [19314.0, 3646.5], [19309.5, 3642.0], [19308.0, 3642.0], [19305.0, 3639.0], [19303.5, 3639.0], [19302.0, 3637.5], [19300.5, 3637.5], [19299.0, 3636.0], [19296.0, 3636.0], [19294.5, 3634.5], [19293.0, 3634.5], [19291.5, 3633.0], [19290.0, 3633.0], [19288.5, 3631.5], [19279.5, 3631.5]]]}}, {"type": "Feature", "properties": {"class_id": 5, "classification": "Edge & Air Bubble", "area": 250.875}, "geometry": {"type": "Polygon", "coordinates": [[[19789.5, 3607.5], [19786.5, 3610.5], [19785.0, 3610.5], [19783.5, 3612.0], [19782.0, 3612.0], [19780.5, 3613.5], [19779.0, 3613.5], [19779.0, 3615.0], [19782.0, 3618.0], [19786.5, 3618.0], [19789.5, 3621.0], [19791.0, 3621.0], [19794.0, 3624.0], [19798.5, 3624.0], [19800.0, 3622.5], [19801.5, 3622.5], [19804.5, 3619.5], [19804.5, 3616.5], [19803.0, 3616.5], [19801.5, 3615.0], [19801.5, 3613.5], [19800.0, 3613.5], [19798.5, 3612.0], [19798.5, 3610.5], [19795.5, 3607.5], [19789.5, 3607.5]]]}}, {"type": "Feature", "properties": {"class_id": 5, "classification": "Edge & Air Bubble", "area": 3.375}, "geometry": {"type": "Polygon", "coordinates": [[[19770.0, 3609.0], [19771.5, 3609.0], [19771.5, 3607.5], [19770.0, 3606.0], [19770.0, 3609.0]]]}}, {"type": "Feature", "properties": {"class_id": 5, "classification": "Edge & Air Bubble", "area": 7.875}, "geometry": {"type": "Polygon", "coordinates": [[[19779.0, 3600.0], [19777.5, 3601.5], [19777.5, 3603.0], [19780.5, 3603.0], [19780.5, 3600.0], [19779.0, 3600.0]]]}}, {"type": "Feature", "properties": {"class_id": 5, "classification": "Edge & Air Bubble", "area": 2073.375}, "geometry": {"type": "Polygon", "coordinates": [[[19807.5, 3576.0], [19806.0, 3577.5], [19804.5, 3577.5], [19803.0, 3579.0], [19800.0, 3579.0], [19798.5, 3580.5], [19792.5, 3580.5], [19791.0, 3582.0], [19785.0, 3582.0], [19783.5, 3583.5], [19782.0, 3583.5], [19780.5, 3585.0], [19779.0, 3585.0], [19774.5, 3589.5], [19774.5, 3591.0], [19773.0, 3592.5], [19773.0, 3594.0], [19771.5, 3595.5], [19771.5, 3597.0], [19774.5, 3594.0], [19777.5, 3594.0], [19779.0, 3592.5], [19783.5, 3592.5], [19785.0, 3594.0], [19795.5, 3594.0], [19798.5, 3597.0], [19800.0, 3597.0], [19803.0, 3600.0], [19803.0, 3601.5], [19806.0, 3604.5], [19806.0, 3606.0], [19809.0, 3606.0], [19810.5, 3604.5], [19812.0, 3604.5], [19813.5, 3603.0], [19819.5, 3603.0], [19821.0, 3601.5], [19822.5, 3601.5], [19824.0, 3603.0], [19825.5, 3603.0], [19825.5, 3601.5], [19827.0, 3600.0], [19827.0, 3598.5], [19828.5, 3597.0], [19830.0, 3597.0], [19831.5, 3595.5], [19833.0, 3597.0], [19843.5, 3597.0], [19851.0, 3604.5], [19851.0, 3606.0], [19854.0, 3609.0], [19866.0, 3609.0], [19869.0, 3612.0], [19870.5, 3612.0], [19872.0, 3613.5], [19872.0, 3615.0], [19876.5, 3619.5], [19876.5, 3621.0], [19878.0, 3622.5], [19878.0, 3634.5], [19879.5, 3636.0], [19882.5, 3636.0], [19884.0, 3637.5], [19884.0, 3645.0], [19885.5, 3646.5], [19885.5, 3648.0], [19887.0, 3649.5], [19888.5, 3649.5], [19888.5, 3639.0], [19887.0, 3637.5], [19887.0, 3636.0], [19888.5, 3634.5], [19888.5, 3627.0], [19887.0, 3625.5], [19887.0, 3622.5], [19885.5, 3621.0], [19885.5, 3619.5], [19884.0, 3618.0], [19884.0, 3616.5], [19882.5, 3615.0], [19882.5, 3613.5], [19879.5, 3610.5], [19879.5, 3609.0], [19872.0, 3601.5], [19870.5, 3601.5], [19867.5, 3598.5], [19866.0, 3598.5], [19863.0, 3595.5], [19861.5, 3595.5], [19854.0, 3588.0], [19852.5, 3588.0], [19849.5, 3585.0], [19848.0, 3585.0], [19843.5, 3580.5], [19840.5, 3580.5], [19839.0, 3579.0], [19836.0, 3579.0], [19834.5, 3577.5], [19822.5, 3577.5], [19821.0, 3576.0], [19807.5, 3576.0]]]}}, {"type": "Feature", "properties": {"class_id": 5, "classification": "Edge & Air Bubble", "area": 261.0}, "geometry": {"type": "Polygon", "coordinates": [[[7713.0, 3162.0], [7710.0, 3165.0], [7714.5, 3169.5], [7716.0, 3169.5], [7720.5, 3174.0], [7723.5, 3174.0], [7725.0, 3175.5], [7737.0, 3175.5], [7738.5, 3177.0], [7740.0, 3177.0], [7740.0, 3174.0], [7729.5, 3163.5], [7728.0, 3163.5], [7726.5, 3162.0], [7713.0, 3162.0]]]}}, {"type": "Feature", "properties": {"class_id": 5, "classification": "Edge & Air Bubble", "area": 1399.5}, "geometry": {"type": "Polygon", "coordinates": [[[7887.0, 3151.5], [7885.5, 3153.0], [7882.5, 3153.0], [7881.0, 3154.5], [7879.5, 3154.5], [7876.5, 3157.5], [7875.0, 3157.5], [7867.5, 3165.0], [7867.5, 3166.5], [7866.0, 3168.0], [7866.0, 3169.5], [7864.5, 3171.0], [7864.5, 3172.5], [7863.0, 3174.0], [7863.0, 3177.0], [7864.5, 3178.5], [7864.5, 3180.0], [7866.0, 3180.0], [7867.5, 3181.5], [7870.5, 3181.5], [7873.5, 3184.5], [7873.5, 3186.0], [7875.0, 3187.5], [7875.0, 3189.0], [7878.0, 3192.0], [7879.5, 3192.0], [7881.0, 3193.5], [7885.5, 3193.5], [7887.0, 3192.0], [7893.0, 3192.0], [7894.5, 3190.5], [7896.0, 3190.5], [7897.5, 3189.0], [7900.5, 3189.0], [7902.0, 3187.5], [7903.5, 3187.5], [7909.5, 3181.5], [7909.5, 3172.5], [7908.0, 3171.0], [7908.0, 3165.0], [7906.5, 3163.5], [7906.5, 3162.0], [7905.0, 3160.5], [7905.0, 3159.0], [7900.5, 3154.5], [7899.0, 3154.5], [7897.5, 3153.0], [7896.0, 3153.0], [7894.5, 3151.5], [7887.0, 3151.5]]]}}, {"type": "Feature", "properties": {"class_id": 5, "classification": "Edge & Air Bubble", "area": 2117.25}, "geometry": {"type": "Polygon", "coordinates": [[[7768.5, 3150.0], [7765.5, 3153.0], [7765.5, 3154.5], [7764.0, 3156.0], [7764.0, 3160.5], [7762.5, 3162.0], [7762.5, 3165.0], [7761.0, 3166.5], [7761.0, 3168.0], [7759.5, 3169.5], [7759.5, 3171.0], [7758.0, 3172.5], [7758.0, 3174.0], [7753.5, 3178.5], [7747.5, 3178.5], [7746.0, 3180.0], [7747.5, 3181.5], [7747.5, 3183.0], [7749.0, 3184.5], [7749.0, 3186.0], [7746.0, 3189.0], [7744.5, 3187.5], [7743.0, 3187.5], [7741.5, 3186.0], [7740.0, 3186.0], [7735.5, 3190.5], [7735.5, 3193.5], [7734.0, 3195.0], [7734.0, 3205.5], [7738.5, 3210.0], [7741.5, 3210.0], [7743.0, 3208.5], [7746.0, 3208.5], [7747.5, 3210.0], [7749.0, 3210.0], [7752.0, 3213.0], [7770.0, 3213.0], [7771.5, 3211.5], [7773.0, 3211.5], [7774.5, 3210.0], [7776.0, 3210.0], [7777.5, 3208.5], [7779.0, 3208.5], [7780.5, 3207.0], [7780.5, 3205.5], [7782.0, 3204.0], [7782.0, 3195.0], [7783.5, 3193.5], [7783.5, 3190.5], [7789.5, 3184.5], [7789.5, 3183.0], [7791.0, 3181.5], [7791.0, 3172.5], [7785.0, 3166.5], [7785.0, 3165.0], [7783.5, 3163.5], [7783.5, 3162.0], [7773.0, 3151.5], [7771.5, 3151.5], [7770.0, 3150.0], [7768.5, 3150.0]]]}}, {"type": "Feature", "properties": {"class_id": 5, "classification": "Edge & Air Bubble", "area": 1225.125}, "geometry": {"type": "Polygon", "coordinates": [[[7683.0, 3142.5], [7680.0, 3145.5], [7680.0, 3160.5], [7681.5, 3162.0], [7681.5, 3163.5], [7683.0, 3165.0], [7683.0, 3175.5], [7681.5, 3177.0], [7681.5, 3178.5], [7680.0, 3180.0], [7680.0, 3226.5], [7681.5, 3228.0], [7683.0, 3228.0], [7686.0, 3231.0], [7687.5, 3229.5], [7689.0, 3229.5], [7690.5, 3228.0], [7692.0, 3228.0], [7693.5, 3226.5], [7696.5, 3226.5], [7698.0, 3225.0], [7701.0, 3225.0], [7704.0, 3222.0], [7704.0, 3219.0], [7702.5, 3217.5], [7702.5, 3216.0], [7698.0, 3211.5], [7698.0, 3196.5], [7696.5, 3195.0], [7696.5, 3192.0], [7695.0, 3190.5], [7695.0, 3189.0], [7693.5, 3187.5], [7693.5, 3186.0], [7692.0, 3184.5], [7692.0, 3183.0], [7690.5, 3181.5], [7690.5, 3180.0], [7689.0, 3178.5], [7689.0, 3168.0], [7690.5, 3166.5], [7690.5, 3165.0], [7692.0, 3163.5], [7693.5, 3163.5], [7695.0, 3162.0], [7695.0, 3157.5], [7693.5, 3156.0], [7693.5, 3154.5], [7692.0, 3153.0], [7692.0, 3148.5], [7690.5, 3147.0], [7690.5, 3145.5], [7689.0, 3144.0], [7687.5, 3144.0], [7686.0, 3142.5], [7683.0, 3142.5]]]}}, {"type": "Feature", "properties": {"class_id": 5, "classification": "Edge & Air Bubble", "area": 5.625}, "geometry": {"type": "Polygon", "coordinates": [[[7681.5, 3076.5], [7681.5, 3078.0], [7684.5, 3078.0], [7686.0, 3076.5], [7681.5, 3076.5]]]}}, {"type": "Feature", "properties": {"class_id": 5, "classification": "Edge & Air Bubble", "area": 10620.0}, "geometry": {"type": "Polygon", "coordinates": [[[8073.0, 3072.0], [8073.0, 3078.0], [8074.5, 3079.5], [8074.5, 3082.5], [8076.0, 3084.0], [8076.0, 3093.0], [8077.5, 3094.5], [8077.5, 3097.5], [8079.0, 3099.0], [8079.0, 3100.5], [8080.5, 3102.0], [8080.5, 3103.5], [8085.0, 3108.0], [8086.5, 3108.0], [8088.0, 3109.5], [8089.5, 3109.5], [8091.0, 3111.0], [8092.5, 3111.0], [8094.0, 3112.5], [8095.5, 3112.5], [8097.0, 3114.0], [8100.0, 3114.0], [8101.5, 3115.5], [8104.5, 3115.5], [8106.0, 3117.0], [8116.5, 3117.0], [8118.0, 3118.5], [8133.0, 3118.5], [8134.5, 3117.0], [8140.5, 3117.0], [8142.0, 3118.5], [8149.5, 3118.5], [8151.0, 3120.0], [8184.0, 3120.0], [8185.5, 3121.5], [8188.5, 3121.5], [8190.0, 3123.0], [8193.0, 3123.0], [8196.0, 3126.0], [8197.5, 3126.0], [8200.5, 3129.0], [8202.0, 3129.0], [8203.5, 3130.5], [8205.0, 3130.5], [8206.5, 3132.0], [8224.5, 3132.0], [8226.0, 3133.5], [8235.0, 3133.5], [8236.5, 3132.0], [8239.5, 3132.0], [8241.0, 3130.5], [8242.5, 3130.5], [8244.0, 3129.0], [8253.0, 3129.0], [8254.5, 3127.5], [8259.0, 3127.5], [8260.5, 3126.0], [8265.0, 3126.0], [8266.5, 3124.5], [8268.0, 3124.5], [8269.5, 3123.0], [8272.5, 3123.0], [8274.0, 3121.5], [8275.5, 3121.5], [8277.0, 3120.0], [8280.0, 3120.0], [8281.5, 3118.5], [8284.5, 3118.5], [8286.0, 3117.0], [8287.5, 3117.0], [8289.0, 3115.5], [8292.0, 3115.5], [8293.5, 3114.0], [8295.0, 3114.0], [8296.5, 3112.5], [8298.0, 3112.5], [8299.5, 3111.0], [8301.0, 3111.0], [8302.5, 3109.5], [8304.0, 3109.5], [8308.5, 3105.0], [8308.5, 3103.5], [8310.0, 3102.0], [8311.5, 3102.0], [8320.5, 3093.0], [8322.0, 3093.0], [8322.0, 3091.5], [8329.5, 3084.0], [8331.0, 3084.0], [8332.5, 3082.5], [8347.5, 3082.5], [8349.0, 3084.0], [8353.5, 3084.0], [8355.0, 3085.5], [8356.5, 3085.5], [8358.0, 3087.0], [8371.5, 3087.0], [8373.0, 3085.5], [8376.0, 3085.5], [8377.5, 3084.0], [8379.0, 3084.0], [8380.5, 3082.5], [8382.0, 3082.5], [8385.0, 3079.5], [8394.0, 3079.5], [8395.5, 3078.0], [8403.0, 3078.0], [8404.5, 3079.5], [8412.0, 3079.5], [8413.5, 3078.0], [8421.0, 3078.0], [8422.5, 3076.5], [8424.0, 3076.5], [8425.5, 3075.0], [8425.5, 3072.0], [8256.0, 3072.0], [8257.5, 3073.5], [8256.0, 3075.0], [8256.0, 3081.0], [8260.5, 3085.5], [8260.5, 3087.0], [8262.0, 3087.0], [8263.5, 3088.5], [8263.5, 3090.0], [8265.0, 3090.0], [8266.5, 3091.5], [8266.5, 3093.0], [8268.0, 3094.5], [8268.0, 3099.0], [8266.5, 3100.5], [8266.5, 3102.0], [8265.0, 3103.5], [8263.5, 3103.5], [8262.0, 3105.0], [8260.5, 3105.0], [8259.0, 3106.5], [8254.5, 3106.5], [8253.0, 3108.0], [8247.0, 3108.0], [8245.5, 3106.5], [8242.5, 3106.5], [8241.0, 3105.0], [8239.5, 3105.0], [8236.5, 3102.0], [8235.0, 3103.5], [8230.5, 3103.5], [8229.0, 3105.0], [8221.5, 3105.0], [8220.0, 3103.5], [8215.5, 3103.5], [8214.0, 3102.0], [8212.5, 3102.0], [8211.0, 3100.5], [8208.0, 3100.5], [8205.0, 3097.5], [8202.0, 3097.5], [8196.0, 3091.5], [8194.5, 3091.5], [8193.0, 3090.0], [8193.0, 3088.5], [8191.5, 3088.5], [8190.0, 3087.0], [8190.0, 3072.0], [8073.0, 3072.0]]]}}, {"type": "Feature", "properties": {"class_id": 5, "classification": "Edge & Air Bubble", "area": 185.625}, "geometry": {"type": "Polygon", "coordinates": [[[20097.0, 3013.5], [20097.0, 3015.0], [20095.5, 3016.5], [20094.0, 3016.5], [20094.0, 3018.0], [20092.5, 3019.5], [20091.0, 3019.5], [20091.0, 3024.0], [20094.0, 3027.0], [20098.5, 3027.0], [20100.0, 3028.5], [20101.5, 3027.0], [20101.5, 3025.5], [20103.0, 3024.0], [20104.5, 3024.0], [20104.5, 3022.5], [20106.0, 3021.0], [20113.5, 3021.0], [20115.0, 3019.5], [20112.0, 3016.5], [20104.5, 3016.5], [20101.5, 3013.5], [20097.0, 3013.5]]]}}, {"type": "Feature", "properties": {"class_id": 5, "classification": "Edge & Air Bubble", "area": 1733.625}, "geometry": {"type": "Polygon", "coordinates": [[[10777.5, 2775.0], [10776.0, 2776.5], [10762.5, 2776.5], [10759.5, 2779.5], [10758.0, 2779.5], [10755.0, 2782.5], [10752.0, 2782.5], [10752.0, 2829.0], [10755.0, 2829.0], [10758.0, 2826.0], [10761.0, 2826.0], [10762.5, 2824.5], [10764.0, 2824.5], [10765.5, 2823.0], [10767.0, 2823.0], [10767.0, 2821.5], [10768.5, 2820.0], [10770.0, 2820.0], [10770.0, 2818.5], [10771.5, 2817.0], [10773.0, 2817.0], [10773.0, 2814.0], [10776.0, 2811.0], [10779.0, 2811.0], [10780.5, 2809.5], [10783.5, 2809.5], [10785.0, 2808.0], [10788.0, 2808.0], [10789.5, 2806.5], [10791.0, 2806.5], [10792.5, 2805.0], [10812.0, 2805.0], [10812.0, 2802.0], [10813.5, 2800.5], [10813.5, 2799.0], [10812.0, 2797.5], [10812.0, 2794.5], [10807.5, 2794.5], [10806.0, 2793.0], [10795.5, 2793.0], [10794.0, 2791.5], [10792.5, 2791.5], [10791.0, 2790.0], [10789.5, 2790.0], [10788.0, 2788.5], [10786.5, 2788.5], [10785.0, 2787.0], [10783.5, 2787.0], [10782.0, 2785.5], [10783.5, 2784.0], [10783.5, 2782.5], [10785.0, 2781.0], [10785.0, 2778.0], [10782.0, 2775.0], [10777.5, 2775.0]]]}}, {"type": "Feature", "properties": {"class_id": 5, "classification": "Edge & Air Bubble", "area": 22.5}, "geometry": {"type": "Polygon", "coordinates": [[[12040.5, 2677.5], [12040.5, 2682.0], [12042.0, 2683.5], [12046.5, 2683.5], [12045.0, 2682.0], [12045.0, 2680.5], [12042.0, 2677.5], [12040.5, 2677.5]]]}}, {"type": "Feature", "properties": {"class_id": 5, "classification": "Edge & Air Bubble", "area": 51.75}, "geometry": {"type": "Polygon", "coordinates": [[[20385.0, 2509.5], [20382.0, 2512.5], [20382.0, 2517.0], [20383.5, 2517.0], [20385.0, 2518.5], [20386.5, 2518.5], [20388.0, 2517.0], [20389.5, 2517.0], [20389.5, 2512.5], [20386.5, 2509.5], [20385.0, 2509.5]]]}}, {"type": "Feature", "properties": {"class_id": 5, "classification": "Edge & Air Bubble", "area": 3935.25}, "geometry": {"type": "Polygon", "coordinates": [[[15763.5, 2481.0], [15762.0, 2482.5], [15754.5, 2482.5], [15753.0, 2484.0], [15750.0, 2484.0], [15748.5, 2485.5], [15745.5, 2485.5], [15735.0, 2496.0], [15735.0, 2526.0], [15736.5, 2527.5], [15736.5, 2529.0], [15738.0, 2530.5], [15738.0, 2532.0], [15739.5, 2533.5], [15739.5, 2535.0], [15747.0, 2542.5], [15748.5, 2542.5], [15751.5, 2545.5], [15753.0, 2545.5], [15754.5, 2547.0], [15756.0, 2547.0], [15757.5, 2548.5], [15759.0, 2548.5], [15760.5, 2550.0], [15762.0, 2550.0], [15763.5, 2551.5], [15765.0, 2551.5], [15766.5, 2553.0], [15771.0, 2553.0], [15772.5, 2554.5], [15775.5, 2554.5], [15777.0, 2553.0], [15778.5, 2553.0], [15781.5, 2550.0], [15783.0, 2550.0], [15783.0, 2548.5], [15792.0, 2539.5], [15792.0, 2538.0], [15793.5, 2536.5], [15793.5, 2535.0], [15796.5, 2532.0], [15796.5, 2530.5], [15798.0, 2529.0], [15798.0, 2526.0], [15799.5, 2524.5], [15799.5, 2523.0], [15801.0, 2521.5], [15801.0, 2515.5], [15802.5, 2514.0], [15802.5, 2506.5], [15804.0, 2505.0], [15804.0, 2502.0], [15802.5, 2500.5], [15802.5, 2496.0], [15801.0, 2494.5], [15801.0, 2493.0], [15799.5, 2491.5], [15799.5, 2490.0], [15796.5, 2487.0], [15795.0, 2487.0], [15793.5, 2485.5], [15792.0, 2485.5], [15790.5, 2484.0], [15787.5, 2484.0], [15786.0, 2482.5], [15772.5, 2482.5], [15771.0, 2481.0], [15763.5, 2481.0]]]}}, {"type": "Feature", "properties": {"class_id": 5, "classification": "Edge & Air Bubble", "area": 3619.125}, "geometry": {"type": "Polygon", "coordinates": [[[12154.5, 2458.5], [12153.0, 2460.0], [12148.5, 2460.0], [12147.0, 2461.5], [12145.5, 2461.5], [12142.5, 2464.5], [12142.5, 2466.0], [12141.0, 2467.5], [12141.0, 2469.0], [12139.5, 2470.5], [12139.5, 2488.5], [12138.0, 2490.0], [12138.0, 2494.5], [12139.5, 2496.0], [12139.5, 2500.5], [12141.0, 2502.0], [12141.0, 2503.5], [12144.0, 2506.5], [12144.0, 2508.0], [12145.5, 2509.5], [12147.0, 2509.5], [12148.5, 2511.0], [12150.0, 2511.0], [12151.5, 2512.5], [12153.0, 2512.5], [12154.5, 2514.0], [12156.0, 2514.0], [12159.0, 2517.0], [12160.5, 2517.0], [12162.0, 2518.5], [12165.0, 2518.5], [12166.5, 2520.0], [12171.0, 2520.0], [12172.5, 2521.5], [12180.0, 2521.5], [12181.5, 2523.0], [12187.5, 2523.0], [12189.0, 2524.5], [12190.5, 2524.5], [12192.0, 2526.0], [12205.5, 2526.0], [12207.0, 2524.5], [12208.5, 2524.5], [12216.0, 2517.0], [12216.0, 2515.5], [12217.5, 2514.0], [12217.5, 2512.5], [12219.0, 2511.0], [12219.0, 2499.0], [12217.5, 2497.5], [12217.5, 2496.0], [12213.0, 2491.5], [12211.5, 2491.5], [12210.0, 2490.0], [12208.5, 2490.0], [12207.0, 2488.5], [12202.5, 2488.5], [12201.0, 2487.0], [12199.5, 2487.0], [12198.0, 2485.5], [12196.5, 2485.5], [12192.0, 2481.0], [12192.0, 2479.5], [12190.5, 2478.0], [12190.5, 2476.5], [12186.0, 2472.0], [12184.5, 2472.0], [12183.0, 2470.5], [12180.0, 2470.5], [12178.5, 2469.0], [12175.5, 2469.0], [12174.0, 2467.5], [12171.0, 2467.5], [12169.5, 2466.0], [12168.0, 2466.0], [12163.5, 2461.5], [12162.0, 2461.5], [12160.5, 2460.0], [12157.5, 2460.0], [12156.0, 2458.5], [12154.5, 2458.5]]]}}, {"type": "Feature", "properties": {"class_id": 5, "classification": "Edge & Air Bubble", "area": 4.5}, "geometry": {"type": "Polygon", "coordinates": [[[20479.5, 2401.5], [20479.5, 2406.0], [20481.0, 2404.5], [20481.0, 2403.0], [20479.5, 2401.5]]]}}, {"type": "Feature", "properties": {"class_id": 5, "classification": "Edge & Air Bubble", "area": 364.5}, "geometry": {"type": "Polygon", "coordinates": [[[20502.0, 2395.5], [20499.0, 2398.5], [20499.0, 2401.5], [20502.0, 2404.5], [20502.0, 2406.0], [20508.0, 2412.0], [20512.5, 2412.0], [20514.0, 2413.5], [20523.0, 2413.5], [20524.5, 2412.0], [20530.5, 2412.0], [20530.5, 2410.5], [20532.0, 2409.0], [20533.5, 2409.0], [20535.0, 2407.5], [20533.5, 2406.0], [20533.5, 2404.5], [20530.5, 2404.5], [20527.5, 2401.5], [20515.5, 2401.5], [20514.0, 2400.0], [20511.0, 2400.0], [20509.5, 2398.5], [20505.0, 2398.5], [20503.5, 2397.0], [20503.5, 2395.5], [20502.0, 2395.5]]]}}, {"type": "Feature", "properties": {"class_id": 5, "classification": "Edge & Air Bubble", "area": 277.875}, "geometry": {"type": "Polygon", "coordinates": [[[6868.5, 2367.0], [6870.0, 2368.5], [6868.5, 2370.0], [6870.0, 2371.5], [6870.0, 2373.0], [6873.0, 2376.0], [6874.5, 2376.0], [6877.5, 2379.0], [6879.0, 2379.0], [6880.5, 2380.5], [6882.0, 2380.5], [6886.5, 2385.0], [6888.0, 2385.0], [6889.5, 2386.5], [6892.5, 2386.5], [6894.0, 2388.0], [6895.5, 2388.0], [6897.0, 2389.5], [6898.5, 2389.5], [6900.0, 2388.0], [6900.0, 2386.5], [6898.5, 2386.5], [6897.0, 2385.0], [6897.0, 2383.5], [6895.5, 2383.5], [6894.0, 2382.0], [6894.0, 2380.5], [6891.0, 2377.5], [6891.0, 2376.0], [6886.5, 2371.5], [6885.0, 2371.5], [6882.0, 2368.5], [6877.5, 2368.5], [6876.0, 2367.0], [6868.5, 2367.0]]]}}, {"type": "Feature", "properties": {"class_id": 5, "classification": "Edge & Air Bubble", "area": 82.125}, "geometry": {"type": "Polygon", "coordinates": [[[6930.0, 2341.5], [6930.0, 2343.0], [6928.5, 2344.5], [6928.5, 2349.0], [6931.5, 2352.0], [6936.0, 2352.0], [6937.5, 2350.5], [6937.5, 2344.5], [6936.0, 2343.0], [6936.0, 2341.5], [6930.0, 2341.5]]]}}, {"type": "Feature", "properties": {"class_id": 5, "classification": "Edge & Air Bubble", "area": 21.375}, "geometry": {"type": "Polygon", "coordinates": [[[20673.0, 2328.0], [20677.5, 2332.5], [20677.5, 2334.0], [20674.5, 2337.0], [20679.0, 2337.0], [20679.0, 2332.5], [20677.5, 2331.0], [20677.5, 2329.5], [20676.0, 2328.0], [20673.0, 2328.0]]]}}, {"type": "Feature", "properties": {"class_id": 5, "classification": "Edge & Air Bubble", "area": 847.125}, "geometry": {"type": "Polygon", "coordinates": [[[20643.0, 2329.5], [20641.5, 2331.0], [20641.5, 2334.0], [20637.0, 2338.5], [20637.0, 2340.0], [20635.5, 2341.5], [20631.0, 2341.5], [20629.5, 2343.0], [20628.0, 2343.0], [20626.5, 2344.5], [20625.0, 2344.5], [20625.0, 2349.0], [20626.5, 2350.5], [20631.0, 2350.5], [20634.0, 2353.5], [20634.0, 2355.0], [20637.0, 2358.0], [20638.5, 2358.0], [20640.0, 2359.5], [20644.5, 2359.5], [20646.0, 2361.0], [20650.5, 2361.0], [20662.5, 2349.0], [20662.5, 2347.5], [20664.0, 2346.0], [20664.0, 2344.5], [20665.5, 2343.0], [20664.0, 2341.5], [20664.0, 2334.0], [20662.5, 2332.5], [20662.5, 2331.0], [20661.0, 2331.0], [20659.5, 2329.5], [20655.0, 2329.5], [20652.0, 2326.5], [20647.5, 2326.5], [20644.5, 2329.5], [20643.0, 2329.5]]]}}, {"type": "Feature", "properties": {"class_id": 5, "classification": "Edge & Air Bubble", "area": 577.125}, "geometry": {"type": "Polygon", "coordinates": [[[20589.0, 2322.0], [20587.5, 2323.5], [20586.0, 2323.5], [20586.0, 2326.5], [20583.0, 2329.5], [20583.0, 2341.5], [20589.0, 2347.5], [20590.5, 2347.5], [20592.0, 2346.0], [20592.0, 2344.5], [20593.5, 2343.0], [20595.0, 2343.0], [20598.0, 2346.0], [20601.0, 2346.0], [20601.0, 2343.0], [20604.0, 2340.0], [20605.5, 2340.0], [20607.0, 2338.5], [20608.5, 2338.5], [20611.5, 2335.5], [20611.5, 2334.0], [20614.5, 2331.0], [20614.5, 2328.0], [20611.5, 2325.0], [20611.5, 2323.5], [20610.0, 2322.0], [20605.5, 2322.0], [20604.0, 2323.5], [20601.0, 2323.5], [20599.5, 2322.0], [20595.0, 2322.0], [20593.5, 2323.5], [20590.5, 2323.5], [20589.0, 2322.0]]]}}, {"type": "Feature", "properties": {"class_id": 5, "classification": "Edge & Air Bubble", "area": 206839.125}, "geometry": {"type": "Polygon", "coordinates": [[[19968.0, 2304.0], [19968.0, 3070.5], [19989.0, 3070.5], [19989.0, 3069.0], [19992.0, 3066.0], [19999.5, 3066.0], [20004.0, 3070.5], [20077.5, 3070.5], [20074.5, 3067.5], [20071.5, 3067.5], [20070.0, 3066.0], [20070.0, 3061.5], [20071.5, 3060.0], [20071.5, 3055.5], [20070.0, 3055.5], [20068.5, 3054.0], [20068.5, 3049.5], [20070.0, 3048.0], [20071.5, 3048.0], [20071.5, 3043.5], [20073.0, 3042.0], [20073.0, 3040.5], [20074.5, 3039.0], [20074.5, 3037.5], [20077.5, 3034.5], [20077.5, 3031.5], [20076.0, 3031.5], [20074.5, 3030.0], [20074.5, 3025.5], [20077.5, 3022.5], [20077.5, 3019.5], [20076.0, 3018.0], [20076.0, 3016.5], [20077.5, 3015.0], [20077.5, 3012.0], [20080.5, 3009.0], [20080.5, 3007.5], [20082.0, 3006.0], [20082.0, 3001.5], [20085.0, 2998.5], [20085.0, 2995.5], [20086.5, 2994.0], [20086.5, 2986.5], [20088.0, 2985.0], [20089.5, 2985.0], [20098.5, 2976.0], [20098.5, 2971.5], [20101.5, 2968.5], [20101.5, 2965.5], [20103.0, 2964.0], [20103.0, 2962.5], [20104.5, 2961.0], [20104.5, 2959.5], [20106.0, 2958.0], [20107.5, 2958.0], [20107.5, 2956.5], [20110.5, 2953.5], [20110.5, 2952.0], [20112.0, 2950.5], [20113.5, 2950.5], [20115.0, 2949.0], [20115.0, 2947.5], [20113.5, 2946.0], [20113.5, 2925.0], [20122.5, 2916.0], [20125.5, 2916.0], [20125.5, 2914.5], [20128.5, 2911.5], [20130.0, 2911.5], [20131.5, 2910.0], [20134.5, 2910.0], [20136.0, 2908.5], [20137.5, 2908.5], [20139.0, 2907.0], [20139.0, 2902.5], [20140.5, 2901.0], [20140.5, 2898.0], [20139.0, 2896.5], [20139.0, 2895.0], [20140.5, 2893.5], [20140.5, 2889.0], [20142.0, 2887.5], [20142.0, 2880.0], [20143.5, 2878.5], [20143.5, 2877.0], [20142.0, 2875.5], [20146.5, 2871.0], [20149.5, 2871.0], [20149.5, 2866.5], [20151.0, 2865.0], [20158.5, 2865.0], [20160.0, 2863.5], [20163.0, 2863.5], [20164.5, 2865.0], [20169.0, 2865.0], [20170.5, 2863.5], [20170.5, 2862.0], [20172.0, 2860.5], [20173.5, 2860.5], [20175.0, 2859.0], [20175.0, 2857.5], [20176.5, 2856.0], [20176.5, 2850.0], [20179.5, 2847.0], [20179.5, 2838.0], [20182.5, 2835.0], [20182.5, 2833.5], [20185.5, 2830.5], [20185.5, 2829.0], [20187.0, 2827.5], [20187.0, 2821.5], [20191.5, 2817.0], [20191.5, 2815.5], [20193.0, 2814.0], [20194.5, 2814.0], [20194.5, 2811.0], [20196.0, 2809.5], [20199.0, 2809.5], [20200.5, 2808.0], [20206.5, 2808.0], [20206.5, 2806.5], [20208.0, 2805.0], [20209.5, 2805.0], [20209.5, 2803.5], [20212.5, 2800.5], [20217.0, 2800.5], [20221.5, 2796.0], [20221.5, 2794.5], [20223.0, 2793.0], [20223.0, 2791.5], [20226.0, 2788.5], [20227.5, 2788.5], [20229.0, 2787.0], [20229.0, 2785.5], [20230.5, 2784.0], [20230.5, 2782.5], [20232.0, 2781.0], [20233.5, 2781.0], [20233.5, 2779.5], [20235.0, 2778.0], [20236.5, 2778.0], [20236.5, 2767.5], [20235.0, 2766.0], [20235.0, 2763.0], [20233.5, 2761.5], [20233.5, 2755.5], [20227.5, 2749.5], [20226.0, 2749.5], [20224.5, 2748.0], [20224.5, 2746.5], [20223.0, 2745.0], [20223.0, 2743.5], [20221.5, 2742.0], [20221.5, 2740.5], [20220.0, 2739.0], [20220.0, 2737.5], [20221.5, 2736.0], [20223.0, 2736.0], [20224.5, 2737.5], [20226.0, 2736.0], [20227.5, 2736.0], [20227.5, 2734.5], [20230.5, 2731.5], [20232.0, 2731.5], [20233.5, 2730.0], [20233.5, 2728.5], [20235.0, 2727.0], [20235.0, 2725.5], [20233.5, 2724.0], [20233.5, 2721.0], [20235.0, 2719.5], [20235.0, 2716.5], [20233.5, 2715.0], [20233.5, 2710.5], [20232.0, 2710.5], [20230.5, 2709.0], [20230.5, 2707.5], [20233.5, 2704.5], [20229.0, 2700.0], [20232.0, 2697.0], [20232.0, 2695.5], [20229.0, 2692.5], [20223.0, 2692.5], [20220.0, 2689.5], [20221.5, 2688.0], [20221.5, 2686.5], [20227.5, 2680.5], [20227.5, 2679.0], [20230.5, 2676.0], [20230.5, 2674.5], [20232.0, 2673.0], [20233.5, 2673.0], [20233.5, 2668.5], [20236.5, 2665.5], [20236.5, 2662.5], [20238.0, 2661.0], [20239.5, 2661.0], [20239.5, 2659.5], [20241.0, 2658.0], [20242.5, 2658.0], [20242.5, 2656.5], [20244.0, 2655.0], [20247.0, 2655.0], [20250.0, 2652.0], [20256.0, 2652.0], [20256.0, 2650.5], [20260.5, 2646.0], [20260.5, 2644.5], [20262.0, 2643.0], [20263.5, 2643.0], [20263.5, 2641.5], [20265.0, 2640.0], [20266.5, 2640.0], [20266.5, 2638.5], [20268.0, 2637.0], [20269.5, 2637.0], [20271.0, 2635.5], [20272.5, 2635.5], [20274.0, 2634.0], [20272.5, 2632.5], [20275.5, 2629.5], [20277.0, 2629.5], [20278.5, 2628.0], [20278.5, 2626.5], [20281.5, 2623.5], [20281.5, 2620.5], [20283.0, 2619.0], [20284.5, 2619.0], [20284.5, 2617.5], [20286.0, 2616.0], [20286.0, 2614.5], [20287.5, 2613.0], [20287.5, 2608.5], [20289.0, 2607.0], [20290.5, 2607.0], [20290.5, 2599.5], [20292.0, 2598.0], [20292.0, 2595.0], [20293.5, 2593.5], [20293.5, 2581.5], [20296.5, 2578.5], [20295.0, 2577.0], [20295.0, 2575.5], [20296.5, 2574.0], [20296.5, 2566.5], [20299.5, 2563.5], [20301.0, 2563.5], [20302.5, 2562.0], [20305.5, 2562.0], [20305.5, 2560.5], [20307.0, 2559.0], [20310.0, 2559.0], [20310.0, 2551.5], [20311.5, 2550.0], [20311.5, 2547.0], [20313.0, 2545.5], [20313.0, 2542.5], [20311.5, 2541.0], [20311.5, 2536.5], [20310.0, 2536.5], [20307.0, 2533.5], [20304.0, 2533.5], [20302.5, 2532.0], [20302.5, 2530.5], [20301.0, 2530.5], [20296.5, 2526.0], [20296.5, 2515.5], [20304.0, 2508.0], [20308.5, 2508.0], [20310.0, 2509.5], [20313.0, 2509.5], [20314.5, 2508.0], [20316.0, 2508.0], [20316.0, 2506.5], [20317.5, 2505.0], [20317.5, 2502.0], [20316.0, 2500.5], [20316.0, 2497.5], [20317.5, 2496.0], [20317.5, 2484.0], [20319.0, 2482.5], [20319.0, 2481.0], [20320.5, 2479.5], [20320.5, 2475.0], [20322.0, 2473.5], [20322.0, 2472.0], [20325.0, 2469.0], [20326.5, 2469.0], [20328.0, 2467.5], [20328.0, 2463.0], [20329.5, 2461.5], [20329.5, 2460.0], [20334.0, 2455.5], [20334.0, 2452.5], [20335.5, 2451.0], [20335.5, 2449.5], [20338.5, 2446.5], [20338.5, 2445.0], [20341.5, 2442.0], [20341.5, 2434.5], [20343.0, 2433.0], [20343.0, 2430.0], [20344.5, 2428.5], [20344.5, 2425.5], [20343.0, 2424.0], [20343.0, 2419.5], [20344.5, 2418.0], [20347.5, 2418.0], [20349.0, 2416.5], [20350.5, 2418.0], [20352.0, 2418.0], [20352.0, 2416.5], [20353.5, 2415.0], [20353.5, 2413.5], [20355.0, 2412.0], [20356.5, 2412.0], [20358.0, 2410.5], [20356.5, 2409.0], [20362.5, 2403.0], [20362.5, 2395.5], [20364.0, 2394.0], [20364.0, 2392.5], [20362.5, 2391.0], [20362.5, 2383.5], [20368.5, 2377.5], [20368.5, 2376.0], [20370.0, 2374.5], [20370.0, 2368.5], [20373.0, 2365.5], [20373.0, 2362.5], [20374.5, 2361.0], [20374.5, 2358.0], [20377.5, 2355.0], [20377.5, 2353.5], [20379.0, 2352.0], [20380.5, 2352.0], [20380.5, 2350.5], [20382.0, 2349.0], [20385.0, 2349.0], [20386.5, 2347.5], [20389.5, 2347.5], [20391.0, 2346.0], [20395.5, 2346.0], [20395.5, 2344.5], [20397.0, 2343.0], [20398.5, 2343.0], [20398.5, 2341.5], [20400.0, 2340.0], [20401.5, 2340.0], [20401.5, 2332.5], [20400.0, 2331.0], [20400.0, 2329.5], [20398.5, 2328.0], [20398.5, 2319.0], [20400.0, 2317.5], [20400.0, 2316.0], [20401.5, 2314.5], [20401.5, 2308.5], [20403.0, 2307.0], [20403.0, 2305.5], [20404.5, 2304.0], [19968.0, 2304.0]]]}}, {"type": "Feature", "properties": {"class_id": 5, "classification": "Edge & Air Bubble", "area": 546876.0}, "geometry": {"type": "Polygon", "coordinates": [[[10954.5, 2305.5], [10951.5, 2308.5], [10950.0, 2308.5], [10950.0, 2310.0], [10948.5, 2311.5], [10950.0, 2313.0], [10950.0, 2316.0], [10951.5, 2317.5], [10951.5, 2328.0], [10950.0, 2329.5], [10950.0, 2331.0], [10942.5, 2338.5], [10941.0, 2338.5], [10938.0, 2341.5], [10933.5, 2341.5], [10932.0, 2340.0], [10924.5, 2340.0], [10923.0, 2341.5], [10921.5, 2341.5], [10918.5, 2344.5], [10911.0, 2344.5], [10908.0, 2347.5], [10906.5, 2347.5], [10905.0, 2349.0], [10903.5, 2349.0], [10903.5, 2350.5], [10896.0, 2358.0], [10894.5, 2358.0], [10893.0, 2359.5], [10887.0, 2359.5], [10885.5, 2361.0], [10876.5, 2361.0], [10875.0, 2362.5], [10870.5, 2362.5], [10869.0, 2364.0], [10867.5, 2364.0], [10866.0, 2365.5], [10864.5, 2365.5], [10864.5, 2367.0], [10866.0, 2368.5], [10864.5, 2370.0], [10866.0, 2371.5], [10866.0, 2373.0], [10867.5, 2374.5], [10867.5, 2379.0], [10866.0, 2380.5], [10866.0, 2382.0], [10864.5, 2383.5], [10864.5, 2386.5], [10861.5, 2389.5], [10846.5, 2389.5], [10845.0, 2391.0], [10843.5, 2391.0], [10842.0, 2392.5], [10840.5, 2392.5], [10839.0, 2394.0], [10837.5, 2394.0], [10836.0, 2395.5], [10828.5, 2395.5], [10827.0, 2397.0], [10822.5, 2397.0], [10821.0, 2398.5], [10813.5, 2398.5], [10810.5, 2401.5], [10809.0, 2401.5], [10807.5, 2403.0], [10803.0, 2403.0], [10801.5, 2404.5], [10798.5, 2404.5], [10797.0, 2406.0], [10795.5, 2406.0], [10794.0, 2407.5], [10783.5, 2407.5], [10782.0, 2409.0], [10780.5, 2409.0], [10779.0, 2410.5], [10777.5, 2410.5], [10776.0, 2409.0], [10773.0, 2409.0], [10771.5, 2407.5], [10765.5, 2407.5], [10764.0, 2409.0], [10762.5, 2409.0], [10758.0, 2413.5], [10753.5, 2413.5], [10752.0, 2415.0], [10752.0, 2743.5], [10753.5, 2742.0], [10755.0, 2742.0], [10756.5, 2740.5], [10759.5, 2740.5], [10761.0, 2739.0], [10764.0, 2739.0], [10765.5, 2737.5], [10767.0, 2737.5], [10768.5, 2736.0], [10773.0, 2736.0], [10774.5, 2737.5], [10779.0, 2737.5], [10780.5, 2739.0], [10783.5, 2739.0], [10786.5, 2742.0], [10791.0, 2742.0], [10794.0, 2745.0], [10797.0, 2745.0], [10800.0, 2748.0], [10806.0, 2748.0], [10809.0, 2751.0], [10812.0, 2748.0], [10812.0, 2743.5], [10813.5, 2742.0], [10813.5, 2739.0], [10812.0, 2737.5], [10812.0, 2731.5], [10815.0, 2728.5], [10816.5, 2730.0], [10816.5, 2731.5], [10818.0, 2733.0], [10818.0, 2734.5], [10824.0, 2734.5], [10825.5, 2733.0], [10827.0, 2733.0], [10830.0, 2730.0], [10837.5, 2730.0], [10839.0, 2731.5], [10858.5, 2731.5], [10860.0, 2730.0], [10908.0, 2730.0], [10909.5, 2731.5], [10911.0, 2731.5], [10912.5, 2733.0], [10914.0, 2733.0], [10915.5, 2734.5], [10917.0, 2734.5], [10918.5, 2736.0], [10926.0, 2736.0], [10927.5, 2737.5], [10927.5, 2739.0], [10924.5, 2742.0], [10924.5, 2743.5], [10921.5, 2746.5], [10921.5, 2749.5], [10918.5, 2752.5], [10918.5, 2760.0], [10920.0, 2761.5], [10921.5, 2761.5], [10923.0, 2763.0], [10924.5, 2763.0], [10927.5, 2766.0], [10930.5, 2766.0], [10935.0, 2770.5], [10935.0, 2776.5], [10933.5, 2778.0], [10933.5, 2779.5], [10929.0, 2784.0], [10929.0, 2785.5], [10926.0, 2788.5], [10926.0, 2790.0], [10921.5, 2794.5], [10920.0, 2794.5], [10920.0, 2797.5], [10918.5, 2799.0], [10918.5, 2800.5], [10917.0, 2802.0], [10900.5, 2802.0], [10899.0, 2803.5], [10897.5, 2803.5], [10896.0, 2805.0], [10894.5, 2805.0], [10893.0, 2806.5], [10887.0, 2806.5], [10887.0, 2808.0], [10885.5, 2809.5], [10878.0, 2809.5], [10876.5, 2811.0], [10869.0, 2811.0], [10867.5, 2812.5], [10840.5, 2812.5], [10839.0, 2814.0], [10837.5, 2814.0], [10836.0, 2812.5], [10834.5, 2814.0], [10833.0, 2814.0], [10831.5, 2815.5], [10827.0, 2815.5], [10827.0, 2817.0], [10828.5, 2818.5], [10828.5, 2820.0], [10830.0, 2820.0], [10831.5, 2821.5], [10833.0, 2821.5], [10834.5, 2823.0], [10836.0, 2823.0], [10837.5, 2824.5], [10854.0, 2824.5], [10858.5, 2829.0], [10869.0, 2829.0], [10870.5, 2827.5], [10872.0, 2827.5], [10873.5, 2826.0], [10890.0, 2826.0], [10891.5, 2827.5], [10896.0, 2827.5], [10897.5, 2829.0], [10905.0, 2829.0], [10906.5, 2830.5], [10906.5, 2832.0], [10908.0, 2833.5], [10908.0, 2835.0], [10906.5, 2836.5], [10906.5, 2838.0], [10905.0, 2839.5], [10897.5, 2839.5], [10896.0, 2841.0], [10894.5, 2841.0], [10893.0, 2842.5], [10891.5, 2842.5], [10888.5, 2845.5], [10885.5, 2845.5], [10884.0, 2847.0], [10882.5, 2847.0], [10881.0, 2848.5], [10875.0, 2848.5], [10873.5, 2850.0], [10894.5, 2850.0], [10900.5, 2856.0], [10902.0, 2856.0], [10903.5, 2857.5], [10905.0, 2857.5], [10908.0, 2860.5], [10902.0, 2866.5], [10902.0, 2868.0], [10900.5, 2869.5], [10900.5, 2871.0], [10899.0, 2872.5], [10893.0, 2872.5], [10890.0, 2875.5], [10888.5, 2875.5], [10888.5, 2877.0], [10887.0, 2878.5], [10866.0, 2878.5], [10863.0, 2881.5], [10861.5, 2881.5], [10860.0, 2883.0], [10858.5, 2883.0], [10855.5, 2886.0], [10855.5, 2887.5], [10852.5, 2890.5], [10849.5, 2890.5], [10848.0, 2892.0], [10846.5, 2892.0], [10845.0, 2893.5], [10839.0, 2893.5], [10837.5, 2895.0], [10836.0, 2895.0], [10834.5, 2896.5], [10827.0, 2896.5], [10825.5, 2898.0], [10825.5, 2899.5], [10824.0, 2901.0], [10822.5, 2901.0], [10821.0, 2902.5], [10819.5, 2902.5], [10819.5, 2904.0], [10818.0, 2905.5], [10816.5, 2905.5], [10815.0, 2907.0], [10813.5, 2907.0], [10812.0, 2908.5], [10809.0, 2908.5], [10807.5, 2910.0], [10800.0, 2910.0], [10798.5, 2911.5], [10797.0, 2911.5], [10794.0, 2908.5], [10794.0, 2905.5], [10792.5, 2905.5], [10791.0, 2907.0], [10789.5, 2907.0], [10788.0, 2905.5], [10783.5, 2905.5], [10771.5, 2893.5], [10768.5, 2893.5], [10767.0, 2892.0], [10764.0, 2892.0], [10761.0, 2889.0], [10758.0, 2889.0], [10755.0, 2886.0], [10755.0, 2884.5], [10752.0, 2881.5], [10752.0, 2995.5], [10753.5, 2994.0], [10759.5, 2994.0], [10761.0, 2992.5], [10765.5, 2992.5], [10767.0, 2994.0], [10771.5, 2994.0], [10773.0, 2995.5], [10774.5, 2995.5], [10777.5, 2998.5], [10779.0, 2998.5], [10780.5, 3000.0], [10801.5, 3000.0], [10803.0, 3001.5], [10804.5, 3001.5], [10812.0, 3009.0], [10816.5, 3009.0], [10818.0, 3010.5], [10818.0, 3016.5], [10819.5, 3018.0], [10819.5, 3021.0], [10818.0, 3022.5], [10816.5, 3022.5], [10815.0, 3021.0], [10812.0, 3021.0], [10810.5, 3022.5], [10804.5, 3022.5], [10803.0, 3024.0], [10800.0, 3024.0], [10798.5, 3025.5], [10786.5, 3025.5], [10785.0, 3024.0], [10783.5, 3024.0], [10782.0, 3025.5], [10768.5, 3025.5], [10765.5, 3022.5], [10761.0, 3022.5], [10759.5, 3021.0], [10758.0, 3022.5], [10756.5, 3022.5], [10756.5, 3024.0], [10755.0, 3025.5], [10753.5, 3025.5], [10752.0, 3024.0], [10752.0, 3070.5], [11518.5, 3070.5], [11518.5, 2304.0], [11058.0, 2304.0], [11061.0, 2307.0], [11061.0, 2308.5], [11055.0, 2314.5], [11050.5, 2314.5], [11049.0, 2313.0], [11047.5, 2313.0], [11046.0, 2311.5], [11044.5, 2311.5], [11043.0, 2310.0], [11043.0, 2308.5], [11041.5, 2308.5], [11040.0, 2307.0], [11043.0, 2304.0], [10954.5, 2304.0], [10954.5, 2305.5]]]}}, {"type": "Feature", "properties": {"class_id": 5, "classification": "Edge & Air Bubble", "area": 168.75}, "geometry": {"type": "Polygon", "coordinates": [[[5631.0, 2292.0], [5629.5, 2293.5], [5623.5, 2293.5], [5622.0, 2295.0], [5625.0, 2298.0], [5626.5, 2298.0], [5628.0, 2299.5], [5628.0, 2301.0], [5629.5, 2302.5], [5634.0, 2302.5], [5635.5, 2301.0], [5637.0, 2301.0], [5640.0, 2298.0], [5643.0, 2298.0], [5644.5, 2296.5], [5646.0, 2296.5], [5647.5, 2295.0], [5647.5, 2293.5], [5646.0, 2292.0], [5631.0, 2292.0]]]}}, {"type": "Feature", "properties": {"class_id": 5, "classification": "Edge & Air Bubble", "area": 149.625}, "geometry": {"type": "Polygon", "coordinates": [[[5557.5, 2292.0], [5556.0, 2293.5], [5548.5, 2293.5], [5547.0, 2295.0], [5545.5, 2295.0], [5544.0, 2296.5], [5544.0, 2298.0], [5541.0, 2301.0], [5541.0, 2302.5], [5554.5, 2302.5], [5554.5, 2299.5], [5557.5, 2296.5], [5565.0, 2296.5], [5566.5, 2295.0], [5566.5, 2293.5], [5565.0, 2292.0], [5557.5, 2292.0]]]}}, {"type": "Feature", "properties": {"class_id": 5, "classification": "Edge & Air Bubble", "area": 1029.375}, "geometry": {"type": "Polygon", "coordinates": [[[9676.5, 2221.5], [9675.0, 2223.0], [9670.5, 2223.0], [9669.0, 2224.5], [9666.0, 2224.5], [9664.5, 2226.0], [9661.5, 2226.0], [9661.5, 2227.5], [9660.0, 2229.0], [9660.0, 2230.5], [9658.5, 2232.0], [9660.0, 2233.5], [9660.0, 2235.0], [9664.5, 2239.5], [9666.0, 2239.5], [9669.0, 2242.5], [9670.5, 2242.5], [9673.5, 2245.5], [9673.5, 2247.0], [9676.5, 2250.0], [9682.5, 2250.0], [9684.0, 2251.5], [9687.0, 2251.5], [9688.5, 2253.0], [9690.0, 2253.0], [9691.5, 2254.5], [9696.0, 2254.5], [9697.5, 2253.0], [9699.0, 2253.0], [9702.0, 2250.0], [9702.0, 2233.5], [9703.5, 2232.0], [9703.5, 2230.5], [9702.0, 2229.0], [9702.0, 2227.5], [9700.5, 2226.0], [9699.0, 2226.0], [9696.0, 2223.0], [9693.0, 2223.0], [9691.5, 2221.5], [9688.5, 2221.5], [9687.0, 2223.0], [9678.0, 2223.0], [9676.5, 2221.5]]]}}, {"type": "Feature", "properties": {"class_id": 5, "classification": "Edge & Air Bubble", "area": 2419.875}, "geometry": {"type": "Polygon", "coordinates": [[[7587.0, 2184.0], [7587.0, 2185.5], [7585.5, 2187.0], [7585.5, 2188.5], [7582.5, 2191.5], [7582.5, 2194.5], [7584.0, 2196.0], [7584.0, 2197.5], [7585.5, 2199.0], [7585.5, 2202.0], [7584.0, 2203.5], [7584.0, 2211.0], [7585.5, 2212.5], [7585.5, 2215.5], [7587.0, 2217.0], [7587.0, 2229.0], [7585.5, 2230.5], [7585.5, 2233.5], [7587.0, 2235.0], [7587.0, 2236.5], [7597.5, 2247.0], [7599.0, 2247.0], [7600.5, 2248.5], [7606.5, 2248.5], [7608.0, 2247.0], [7612.5, 2247.0], [7614.0, 2245.5], [7618.5, 2245.5], [7620.0, 2244.0], [7621.5, 2244.0], [7627.5, 2238.0], [7629.0, 2238.0], [7630.5, 2236.5], [7632.0, 2236.5], [7638.0, 2230.5], [7638.0, 2229.0], [7639.5, 2227.5], [7639.5, 2218.5], [7638.0, 2217.0], [7638.0, 2215.5], [7635.0, 2212.5], [7635.0, 2211.0], [7632.0, 2208.0], [7632.0, 2206.5], [7630.5, 2206.5], [7623.0, 2199.0], [7621.5, 2199.0], [7620.0, 2197.5], [7618.5, 2197.5], [7617.0, 2196.0], [7600.5, 2196.0], [7597.5, 2193.0], [7597.5, 2191.5], [7596.0, 2190.0], [7596.0, 2188.5], [7591.5, 2184.0], [7587.0, 2184.0]]]}}, {"type": "Feature", "properties": {"class_id": 5, "classification": "Edge & Air Bubble", "area": 2053.125}, "geometry": {"type": "Polygon", "coordinates": [[[9646.5, 2085.0], [9645.0, 2086.5], [9639.0, 2086.5], [9637.5, 2088.0], [9631.5, 2088.0], [9630.0, 2089.5], [9624.0, 2089.5], [9618.0, 2095.5], [9618.0, 2100.0], [9616.5, 2101.5], [9616.5, 2109.0], [9618.0, 2110.5], [9619.5, 2110.5], [9621.0, 2112.0], [9624.0, 2112.0], [9625.5, 2113.5], [9628.5, 2113.5], [9630.0, 2115.0], [9631.5, 2115.0], [9633.0, 2116.5], [9634.5, 2116.5], [9636.0, 2118.0], [9637.5, 2118.0], [9639.0, 2119.5], [9649.5, 2119.5], [9651.0, 2121.0], [9657.0, 2121.0], [9658.5, 2119.5], [9672.0, 2119.5], [9673.5, 2118.0], [9678.0, 2118.0], [9679.5, 2116.5], [9681.0, 2116.5], [9682.5, 2115.0], [9684.0, 2115.0], [9685.5, 2113.5], [9687.0, 2113.5], [9690.0, 2110.5], [9690.0, 2101.5], [9688.5, 2100.0], [9688.5, 2098.5], [9681.0, 2091.0], [9679.5, 2091.0], [9678.0, 2089.5], [9675.0, 2089.5], [9673.5, 2088.0], [9664.5, 2088.0], [9663.0, 2086.5], [9658.5, 2086.5], [9657.0, 2085.0], [9646.5, 2085.0]]]}}, {"type": "Feature", "properties": {"class_id": 5, "classification": "Edge & Air Bubble", "area": 222.75}, "geometry": {"type": "Polygon", "coordinates": [[[7020.0, 2032.5], [7018.5, 2034.0], [7015.5, 2034.0], [7014.0, 2035.5], [7012.5, 2035.5], [7011.0, 2037.0], [7009.5, 2037.0], [7008.0, 2038.5], [7008.0, 2043.0], [7011.0, 2046.0], [7012.5, 2046.0], [7014.0, 2047.5], [7017.0, 2047.5], [7018.5, 2046.0], [7021.5, 2046.0], [7030.5, 2037.0], [7030.5, 2035.5], [7029.0, 2034.0], [7026.0, 2034.0], [7024.5, 2032.5], [7020.0, 2032.5]]]}}, {"type": "Feature", "properties": {"class_id": 5, "classification": "Edge & Air Bubble", "area": 82.125}, "geometry": {"type": "Polygon", "coordinates": [[[7581.0, 2028.0], [7579.5, 2029.5], [7578.0, 2029.5], [7578.0, 2031.0], [7576.5, 2032.5], [7576.5, 2035.5], [7579.5, 2038.5], [7579.5, 2040.0], [7584.0, 2040.0], [7584.0, 2038.5], [7585.5, 2037.0], [7585.5, 2031.0], [7582.5, 2028.0], [7581.0, 2028.0]]]}}, {"type": "Feature", "properties": {"class_id": 5, "classification": "Edge & Air Bubble", "area": 290.25}, "geometry": {"type": "Polygon", "coordinates": [[[8440.5, 1983.0], [8439.0, 1984.5], [8437.5, 1984.5], [8436.0, 1986.0], [8434.5, 1986.0], [8430.0, 1990.5], [8428.5, 1990.5], [8428.5, 1992.0], [8427.0, 1993.5], [8427.0, 1996.5], [8433.0, 2002.5], [8434.5, 2002.5], [8436.0, 2004.0], [8439.0, 2004.0], [8440.5, 2002.5], [8442.0, 2002.5], [8445.0, 1999.5], [8446.5, 1999.5], [8446.5, 1986.0], [8445.0, 1986.0], [8442.0, 1983.0], [8440.5, 1983.0]]]}}, {"type": "Feature", "properties": {"class_id": 5, "classification": "Edge & Air Bubble", "area": 10806.75}, "geometry": {"type": "Polygon", "coordinates": [[[7798.5, 1917.0], [7797.0, 1918.5], [7795.5, 1918.5], [7794.0, 1920.0], [7792.5, 1920.0], [7791.0, 1921.5], [7788.0, 1921.5], [7786.5, 1923.0], [7783.5, 1923.0], [7782.0, 1924.5], [7764.0, 1924.5], [7762.5, 1926.0], [7761.0, 1926.0], [7759.5, 1927.5], [7759.5, 1939.5], [7756.5, 1942.5], [7756.5, 1944.0], [7743.0, 1957.5], [7741.5, 1957.5], [7738.5, 1960.5], [7735.5, 1960.5], [7734.0, 1962.0], [7729.5, 1962.0], [7728.0, 1963.5], [7726.5, 1963.5], [7726.5, 1965.0], [7725.0, 1966.5], [7725.0, 1972.5], [7726.5, 1974.0], [7726.5, 1975.5], [7728.0, 1977.0], [7728.0, 1978.5], [7729.5, 1980.0], [7729.5, 1981.5], [7731.0, 1983.0], [7731.0, 1984.5], [7732.5, 1986.0], [7732.5, 1993.5], [7731.0, 1995.0], [7731.0, 1996.5], [7729.5, 1998.0], [7729.5, 1999.5], [7728.0, 2001.0], [7728.0, 2004.0], [7726.5, 2005.5], [7726.5, 2008.5], [7728.0, 2010.0], [7728.0, 2013.0], [7729.5, 2013.0], [7732.5, 2010.0], [7740.0, 2010.0], [7743.0, 2013.0], [7743.0, 2014.5], [7744.5, 2016.0], [7744.5, 2022.0], [7746.0, 2023.5], [7746.0, 2025.0], [7747.5, 2026.5], [7749.0, 2026.5], [7750.5, 2028.0], [7758.0, 2028.0], [7759.5, 2026.5], [7765.5, 2026.5], [7767.0, 2025.0], [7768.5, 2026.5], [7771.5, 2026.5], [7773.0, 2028.0], [7774.5, 2028.0], [7776.0, 2029.5], [7777.5, 2029.5], [7779.0, 2031.0], [7782.0, 2031.0], [7785.0, 2034.0], [7786.5, 2034.0], [7788.0, 2035.5], [7794.0, 2035.5], [7795.5, 2034.0], [7798.5, 2034.0], [7800.0, 2032.5], [7801.5, 2032.5], [7803.0, 2031.0], [7804.5, 2031.0], [7806.0, 2029.5], [7807.5, 2029.5], [7809.0, 2028.0], [7812.0, 2028.0], [7845.0, 1995.0], [7845.0, 1993.5], [7846.5, 1992.0], [7846.5, 1989.0], [7848.0, 1987.5], [7848.0, 1986.0], [7849.5, 1984.5], [7849.5, 1983.0], [7851.0, 1981.5], [7851.0, 1978.5], [7852.5, 1977.0], [7852.5, 1974.0], [7854.0, 1972.5], [7854.0, 1963.5], [7858.5, 1959.0], [7858.5, 1953.0], [7857.0, 1951.5], [7857.0, 1950.0], [7854.0, 1947.0], [7852.5, 1947.0], [7851.0, 1945.5], [7849.5, 1945.5], [7848.0, 1944.0], [7845.0, 1944.0], [7839.0, 1938.0], [7839.0, 1936.5], [7836.0, 1933.5], [7834.5, 1933.5], [7833.0, 1932.0], [7831.5, 1932.0], [7822.5, 1923.0], [7821.0, 1923.0], [7819.5, 1921.5], [7818.0, 1921.5], [7816.5, 1920.0], [7812.0, 1920.0], [7810.5, 1918.5], [7807.5, 1918.5], [7806.0, 1917.0], [7798.5, 1917.0]]]}}, {"type": "Feature", "properties": {"class_id": 5, "classification": "Edge & Air Bubble", "area": 30353.625}, "geometry": {"type": "Polygon", "coordinates": [[[8269.5, 1867.5], [8268.0, 1869.0], [8260.5, 1869.0], [8259.0, 1870.5], [8254.5, 1870.5], [8253.0, 1872.0], [8236.5, 1872.0], [8235.0, 1873.5], [8233.5, 1873.5], [8232.0, 1875.0], [8230.5, 1875.0], [8229.0, 1876.5], [8226.0, 1876.5], [8223.0, 1879.5], [8221.5, 1879.5], [8215.5, 1885.5], [8215.5, 1887.0], [8211.0, 1891.5], [8211.0, 1893.0], [8209.5, 1894.5], [8209.5, 1896.0], [8208.0, 1897.5], [8208.0, 1899.0], [8206.5, 1900.5], [8206.5, 1908.0], [8208.0, 1909.5], [8208.0, 1921.5], [8203.5, 1926.0], [8203.5, 1927.5], [8202.0, 1929.0], [8202.0, 1938.0], [8203.5, 1939.5], [8203.5, 1945.5], [8205.0, 1947.0], [8205.0, 1948.5], [8206.5, 1950.0], [8206.5, 1953.0], [8208.0, 1954.5], [8208.0, 1956.0], [8212.5, 1960.5], [8212.5, 1966.5], [8211.0, 1968.0], [8211.0, 1969.5], [8209.5, 1971.0], [8209.5, 1975.5], [8208.0, 1977.0], [8208.0, 1978.5], [8209.5, 1980.0], [8209.5, 1981.5], [8217.0, 1989.0], [8217.0, 1999.5], [8220.0, 2002.5], [8227.5, 2002.5], [8229.0, 2004.0], [8235.0, 2004.0], [8236.5, 2005.5], [8238.0, 2005.5], [8239.5, 2007.0], [8241.0, 2007.0], [8244.0, 2010.0], [8245.5, 2010.0], [8247.0, 2011.5], [8248.5, 2011.5], [8250.0, 2013.0], [8254.5, 2013.0], [8256.0, 2014.5], [8259.0, 2014.5], [8266.5, 2022.0], [8266.5, 2023.5], [8268.0, 2023.5], [8271.0, 2026.5], [8274.0, 2026.5], [8275.5, 2028.0], [8278.5, 2028.0], [8280.0, 2029.5], [8283.0, 2029.5], [8284.5, 2031.0], [8289.0, 2031.0], [8290.5, 2032.5], [8293.5, 2032.5], [8295.0, 2034.0], [8296.5, 2034.0], [8298.0, 2035.5], [8299.5, 2035.5], [8301.0, 2037.0], [8301.0, 2038.5], [8302.5, 2040.0], [8302.5, 2041.5], [8305.5, 2044.5], [8305.5, 2046.0], [8308.5, 2049.0], [8310.0, 2049.0], [8316.0, 2055.0], [8317.5, 2055.0], [8319.0, 2056.5], [8320.5, 2056.5], [8322.0, 2058.0], [8323.5, 2058.0], [8325.0, 2059.5], [8326.5, 2059.5], [8328.0, 2061.0], [8329.5, 2061.0], [8343.0, 2074.5], [8344.5, 2074.5], [8347.5, 2077.5], [8349.0, 2077.5], [8350.5, 2079.0], [8352.0, 2079.0], [8353.5, 2080.5], [8358.0, 2080.5], [8359.5, 2079.0], [8370.0, 2079.0], [8371.5, 2077.5], [8373.0, 2077.5], [8374.5, 2076.0], [8376.0, 2076.0], [8377.5, 2074.5], [8379.0, 2074.5], [8382.0, 2071.5], [8382.0, 2070.0], [8383.5, 2068.5], [8383.5, 2053.5], [8385.0, 2052.0], [8385.0, 2044.5], [8383.5, 2043.0], [8383.5, 2041.5], [8382.0, 2040.0], [8380.5, 2040.0], [8379.0, 2038.5], [8374.5, 2038.5], [8373.0, 2037.0], [8370.0, 2037.0], [8368.5, 2035.5], [8367.0, 2035.5], [8364.0, 2032.5], [8364.0, 2031.0], [8365.5, 2029.5], [8365.5, 2028.0], [8370.0, 2023.5], [8371.5, 2023.5], [8379.0, 2016.0], [8379.0, 2014.5], [8380.5, 2013.0], [8382.0, 2013.0], [8385.0, 2010.0], [8388.0, 2010.0], [8389.5, 2008.5], [8397.0, 2008.5], [8398.5, 2007.0], [8403.0, 2007.0], [8404.5, 2005.5], [8406.0, 2005.5], [8409.0, 2002.5], [8409.0, 2001.0], [8410.5, 1999.5], [8410.5, 1998.0], [8412.0, 1996.5], [8412.0, 1995.0], [8415.0, 1992.0], [8415.0, 1990.5], [8416.5, 1989.0], [8416.5, 1984.5], [8413.5, 1981.5], [8413.5, 1980.0], [8412.0, 1978.5], [8412.0, 1975.5], [8410.5, 1974.0], [8410.5, 1959.0], [8412.0, 1957.5], [8412.0, 1951.5], [8413.5, 1950.0], [8413.5, 1945.5], [8415.0, 1944.0], [8415.0, 1936.5], [8413.5, 1935.0], [8413.5, 1930.5], [8412.0, 1929.0], [8412.0, 1926.0], [8410.5, 1924.5], [8410.5, 1923.0], [8409.0, 1921.5], [8409.0, 1920.0], [8406.0, 1917.0], [8404.5, 1917.0], [8403.0, 1915.5], [8400.0, 1915.5], [8398.5, 1914.0], [8397.0, 1914.0], [8395.5, 1912.5], [8392.5, 1912.5], [8391.0, 1911.0], [8389.5, 1911.0], [8388.0, 1909.5], [8388.0, 1908.0], [8386.5, 1906.5], [8386.5, 1905.0], [8385.0, 1903.5], [8385.0, 1902.0], [8382.0, 1899.0], [8380.5, 1899.0], [8379.0, 1897.5], [8373.0, 1897.5], [8371.5, 1896.0], [8367.0, 1896.0], [8365.5, 1894.5], [8364.0, 1894.5], [8362.5, 1893.0], [8361.0, 1893.0], [8359.5, 1891.5], [8356.5, 1891.5], [8355.0, 1890.0], [8337.0, 1890.0], [8335.5, 1888.5], [8328.0, 1888.5], [8317.5, 1878.0], [8316.0, 1878.0], [8314.5, 1876.5], [8310.0, 1876.5], [8308.5, 1875.0], [8302.5, 1875.0], [8301.0, 1873.5], [8299.5, 1873.5], [8298.0, 1872.0], [8296.5, 1872.0], [8295.0, 1870.5], [8292.0, 1870.5], [8290.5, 1869.0], [8274.0, 1869.0], [8272.5, 1867.5], [8269.5, 1867.5]]]}}, {"type": "Feature", "properties": {"class_id": 5, "classification": "Edge & Air Bubble", "area": 137.25}, "geometry": {"type": "Polygon", "coordinates": [[[20796.0, 1702.5], [20793.0, 1705.5], [20791.5, 1705.5], [20790.0, 1704.0], [20787.0, 1704.0], [20787.0, 1705.5], [20785.5, 1707.0], [20785.5, 1714.5], [20784.0, 1716.0], [20785.5, 1716.0], [20788.5, 1713.0], [20788.5, 1711.5], [20791.5, 1708.5], [20793.0, 1708.5], [20794.5, 1710.0], [20797.5, 1710.0], [20799.0, 1711.5], [20800.5, 1711.5], [20802.0, 1713.0], [20803.5, 1713.0], [20805.0, 1714.5], [20806.5, 1714.5], [20808.0, 1713.0], [20808.0, 1711.5], [20805.0, 1708.5], [20803.5, 1708.5], [20797.5, 1702.5], [20796.0, 1702.5]]]}}, {"type": "Feature", "properties": {"class_id": 5, "classification": "Edge & Air Bubble", "area": 414.0}, "geometry": {"type": "Polygon", "coordinates": [[[20760.0, 1699.5], [20758.5, 1701.0], [20755.5, 1701.0], [20754.0, 1702.5], [20743.5, 1702.5], [20742.0, 1704.0], [20740.5, 1704.0], [20739.0, 1705.5], [20736.0, 1705.5], [20736.0, 1720.5], [20740.5, 1720.5], [20742.0, 1719.0], [20743.5, 1719.0], [20745.0, 1717.5], [20752.5, 1717.5], [20754.0, 1716.0], [20755.5, 1716.0], [20761.5, 1710.0], [20763.0, 1710.0], [20764.5, 1708.5], [20766.0, 1708.5], [20766.0, 1699.5], [20760.0, 1699.5]]]}}, {"type": "Feature", "properties": {"class_id": 5, "classification": "Edge & Air Bubble", "area": 1018609.875}, "geometry": {"type": "Polygon", "coordinates": [[[8017.5, 1539.0], [8016.0, 1540.5], [8014.5, 1540.5], [8014.5, 1542.0], [8013.0, 1543.5], [8008.5, 1543.5], [8008.5, 1549.5], [8007.0, 1551.0], [8005.5, 1551.0], [8002.5, 1554.0], [8001.0, 1554.0], [7999.5, 1555.5], [7995.0, 1555.5], [7992.0, 1558.5], [7989.0, 1558.5], [7986.0, 1561.5], [7983.0, 1561.5], [7980.0, 1564.5], [7977.0, 1564.5], [7975.5, 1566.0], [7971.0, 1566.0], [7969.5, 1564.5], [7968.0, 1566.0], [7962.0, 1566.0], [7960.5, 1567.5], [7957.5, 1567.5], [7956.0, 1569.0], [7954.5, 1569.0], [7953.0, 1570.5], [7948.5, 1570.5], [7945.5, 1573.5], [7942.5, 1573.5], [7941.0, 1575.0], [7939.5, 1575.0], [7938.0, 1576.5], [7936.5, 1576.5], [7935.0, 1578.0], [7933.5, 1578.0], [7932.0, 1579.5], [7930.5, 1579.5], [7929.0, 1578.0], [7927.5, 1578.0], [7926.0, 1579.5], [7924.5, 1579.5], [7924.5, 1581.0], [7920.0, 1585.5], [7917.0, 1585.5], [7915.5, 1587.0], [7909.5, 1587.0], [7908.0, 1588.5], [7905.0, 1588.5], [7903.5, 1590.0], [7902.0, 1590.0], [7900.5, 1591.5], [7891.5, 1591.5], [7890.0, 1593.0], [7888.5, 1593.0], [7887.0, 1594.5], [7884.0, 1594.5], [7881.0, 1597.5], [7879.5, 1597.5], [7875.0, 1602.0], [7873.5, 1602.0], [7869.0, 1606.5], [7857.0, 1606.5], [7855.5, 1608.0], [7852.5, 1608.0], [7851.0, 1609.5], [7849.5, 1609.5], [7848.0, 1611.0], [7846.5, 1611.0], [7845.0, 1612.5], [7828.5, 1612.5], [7827.0, 1614.0], [7825.5, 1614.0], [7822.5, 1617.0], [7821.0, 1617.0], [7816.5, 1621.5], [7813.5, 1621.5], [7810.5, 1618.5], [7809.0, 1618.5], [7807.5, 1617.0], [7806.0, 1617.0], [7804.5, 1618.5], [7803.0, 1618.5], [7797.0, 1624.5], [7797.0, 1626.0], [7786.5, 1636.5], [7782.0, 1636.5], [7780.5, 1635.0], [7780.5, 1633.5], [7779.0, 1633.5], [7776.0, 1630.5], [7765.5, 1630.5], [7764.0, 1632.0], [7762.5, 1632.0], [7761.0, 1633.5], [7747.5, 1633.5], [7746.0, 1635.0], [7744.5, 1635.0], [7741.5, 1638.0], [7740.0, 1638.0], [7738.5, 1639.5], [7737.0, 1639.5], [7735.5, 1638.0], [7713.0, 1638.0], [7711.5, 1639.5], [7701.0, 1639.5], [7698.0, 1642.5], [7692.0, 1642.5], [7689.0, 1639.5], [7689.0, 1638.0], [7686.0, 1635.0], [7683.0, 1635.0], [7683.0, 1636.5], [7680.0, 1639.5], [7680.0, 1641.0], [7678.5, 1642.5], [7675.5, 1639.5], [7675.5, 1632.0], [7674.0, 1630.5], [7672.5, 1630.5], [7669.5, 1633.5], [7668.0, 1633.5], [7666.5, 1635.0], [7665.0, 1635.0], [7663.5, 1636.5], [7651.5, 1636.5], [7650.0, 1638.0], [7645.5, 1638.0], [7644.0, 1636.5], [7641.0, 1636.5], [7639.5, 1635.0], [7638.0, 1635.0], [7636.5, 1633.5], [7635.0, 1633.5], [7633.5, 1632.0], [7632.0, 1632.0], [7630.5, 1630.5], [7629.0, 1630.5], [7627.5, 1629.0], [7623.0, 1629.0], [7621.5, 1627.5], [7620.0, 1627.5], [7618.5, 1629.0], [7614.0, 1629.0], [7612.5, 1630.5], [7585.5, 1630.5], [7584.0, 1632.0], [7582.5, 1632.0], [7581.0, 1633.5], [7578.0, 1633.5], [7576.5, 1635.0], [7567.5, 1635.0], [7567.5, 1638.0], [7566.0, 1639.5], [7564.5, 1639.5], [7561.5, 1642.5], [7549.5, 1642.5], [7548.0, 1644.0], [7546.5, 1644.0], [7545.0, 1645.5], [7540.5, 1645.5], [7540.5, 1647.0], [7539.0, 1648.5], [7539.0, 1650.0], [7534.5, 1654.5], [7530.0, 1654.5], [7528.5, 1656.0], [7525.5, 1656.0], [7516.5, 1665.0], [7510.5, 1665.0], [7509.0, 1663.5], [7503.0, 1663.5], [7501.5, 1665.0], [7500.0, 1665.0], [7498.5, 1666.5], [7497.0, 1666.5], [7495.5, 1668.0], [7494.0, 1668.0], [7492.5, 1669.5], [7492.5, 1671.0], [7491.0, 1672.5], [7489.5, 1672.5], [7488.0, 1674.0], [7485.0, 1674.0], [7483.5, 1675.5], [7483.5, 1677.0], [7482.0, 1678.5], [7480.5, 1678.5], [7480.5, 1680.0], [7479.0, 1681.5], [7480.5, 1683.0], [7482.0, 1683.0], [7483.5, 1684.5], [7483.5, 1689.0], [7480.5, 1692.0], [7480.5, 1693.5], [7483.5, 1696.5], [7483.5, 1704.0], [7482.0, 1705.5], [7482.0, 1707.0], [7477.5, 1711.5], [7468.5, 1711.5], [7465.5, 1708.5], [7464.0, 1708.5], [7462.5, 1707.0], [7459.5, 1707.0], [7458.0, 1708.5], [7453.5, 1708.5], [7446.0, 1701.0], [7446.0, 1699.5], [7449.0, 1696.5], [7449.0, 1695.0], [7450.5, 1693.5], [7450.5, 1690.5], [7452.0, 1689.0], [7458.0, 1689.0], [7458.0, 1687.5], [7459.5, 1686.0], [7461.0, 1686.0], [7462.5, 1684.5], [7464.0, 1684.5], [7464.0, 1683.0], [7453.5, 1683.0], [7449.0, 1678.5], [7449.0, 1675.5], [7446.0, 1672.5], [7447.5, 1671.0], [7449.0, 1671.0], [7450.5, 1669.5], [7453.5, 1669.5], [7455.0, 1671.0], [7456.5, 1671.0], [7458.0, 1672.5], [7464.0, 1672.5], [7465.5, 1671.0], [7470.0, 1671.0], [7470.0, 1669.5], [7473.0, 1666.5], [7473.0, 1660.5], [7471.5, 1660.5], [7470.0, 1659.0], [7458.0, 1659.0], [7456.5, 1657.5], [7453.5, 1657.5], [7452.0, 1659.0], [7450.5, 1659.0], [7449.0, 1660.5], [7443.0, 1660.5], [7441.5, 1659.0], [7440.0, 1659.0], [7437.0, 1656.0], [7429.5, 1656.0], [7420.5, 1665.0], [7419.0, 1665.0], [7417.5, 1666.5], [7414.5, 1666.5], [7413.0, 1665.0], [7413.0, 1663.5], [7408.5, 1659.0], [7396.5, 1659.0], [7395.0, 1657.5], [7387.5, 1657.5], [7387.5, 1660.5], [7396.5, 1669.5], [7396.5, 1672.5], [7395.0, 1674.0], [7372.5, 1674.0], [7369.5, 1671.0], [7369.5, 1668.0], [7371.0, 1666.5], [7371.0, 1662.0], [7366.5, 1657.5], [7351.5, 1657.5], [7350.0, 1656.0], [7345.5, 1656.0], [7344.0, 1654.5], [7336.5, 1654.5], [7335.0, 1656.0], [7332.0, 1656.0], [7330.5, 1657.5], [7329.0, 1657.5], [7327.5, 1659.0], [7324.5, 1659.0], [7323.0, 1660.5], [7315.5, 1660.5], [7314.0, 1659.0], [7312.5, 1659.0], [7311.0, 1660.5], [7311.0, 1662.0], [7312.5, 1663.5], [7314.0, 1663.5], [7315.5, 1665.0], [7315.5, 1668.0], [7314.0, 1669.5], [7312.5, 1669.5], [7311.0, 1671.0], [7303.5, 1671.0], [7300.5, 1668.0], [7300.5, 1666.5], [7299.0, 1665.0], [7299.0, 1663.5], [7297.5, 1662.0], [7296.0, 1662.0], [7294.5, 1660.5], [7282.5, 1660.5], [7281.0, 1659.0], [7279.5, 1659.0], [7278.0, 1657.5], [7273.5, 1657.5], [7272.0, 1659.0], [7270.5, 1659.0], [7269.0, 1660.5], [7267.5, 1660.5], [7266.0, 1662.0], [7260.0, 1662.0], [7258.5, 1660.5], [7251.0, 1660.5], [7249.5, 1662.0], [7239.0, 1662.0], [7237.5, 1660.5], [7233.0, 1660.5], [7231.5, 1662.0], [7227.0, 1662.0], [7225.5, 1663.5], [7222.5, 1663.5], [7221.0, 1662.0], [7215.0, 1662.0], [7213.5, 1660.5], [7212.0, 1660.5], [7210.5, 1662.0], [7204.5, 1662.0], [7203.0, 1663.5], [7200.0, 1663.5], [7197.0, 1666.5], [7195.5, 1666.5], [7192.5, 1669.5], [7191.0, 1669.5], [7188.0, 1672.5], [7186.5, 1672.5], [7185.0, 1674.0], [7183.5, 1674.0], [7182.0, 1675.5], [7180.5, 1675.5], [7179.0, 1677.0], [7195.5, 1693.5], [7192.5, 1696.5], [7189.5, 1696.5], [7188.0, 1698.0], [7176.0, 1698.0], [7174.5, 1696.5], [7159.5, 1696.5], [7158.0, 1698.0], [7155.0, 1698.0], [7153.5, 1696.5], [7147.5, 1696.5], [7146.0, 1695.0], [7129.5, 1695.0], [7128.0, 1696.5], [7123.5, 1696.5], [7122.0, 1698.0], [7117.5, 1698.0], [7114.5, 1695.0], [7114.5, 1693.5], [7117.5, 1690.5], [7117.5, 1689.0], [7116.0, 1687.5], [7110.0, 1687.5], [7108.5, 1686.0], [7102.5, 1686.0], [7101.0, 1687.5], [7099.5, 1687.5], [7098.0, 1689.0], [7086.0, 1689.0], [7084.5, 1687.5], [7083.0, 1687.5], [7081.5, 1686.0], [7080.0, 1686.0], [7077.0, 1683.0], [7075.5, 1683.0], [7074.0, 1681.5], [7069.5, 1681.5], [7065.0, 1686.0], [7065.0, 1689.0], [7060.5, 1693.5], [7054.5, 1693.5], [7047.0, 1686.0], [7045.5, 1686.0], [7044.0, 1684.5], [7042.5, 1684.5], [7038.0, 1680.0], [7035.0, 1680.0], [7033.5, 1678.5], [7032.0, 1678.5], [7030.5, 1677.0], [7029.0, 1677.0], [7027.5, 1675.5], [7026.0, 1675.5], [7024.5, 1674.0], [7020.0, 1674.0], [7018.5, 1672.5], [7017.0, 1672.5], [7015.5, 1671.0], [7014.0, 1671.0], [7012.5, 1669.5], [7011.0, 1669.5], [7008.0, 1666.5], [7005.0, 1666.5], [7003.5, 1665.0], [6997.5, 1665.0], [6990.0, 1672.5], [6988.5, 1672.5], [6987.0, 1674.0], [6985.5, 1674.0], [6984.0, 1675.5], [6982.5, 1675.5], [6981.0, 1677.0], [6979.5, 1677.0], [6978.0, 1675.5], [6978.0, 1674.0], [6975.0, 1671.0], [6975.0, 1669.5], [6973.5, 1668.0], [6970.5, 1668.0], [6969.0, 1669.5], [6966.0, 1669.5], [6963.0, 1666.5], [6961.5, 1666.5], [6960.0, 1665.0], [6958.5, 1665.0], [6955.5, 1662.0], [6951.0, 1662.0], [6949.5, 1663.5], [6946.5, 1663.5], [6940.5, 1669.5], [6930.0, 1669.5], [6928.5, 1668.0], [6927.0, 1668.0], [6924.0, 1665.0], [6922.5, 1665.0], [6921.0, 1663.5], [6919.5, 1663.5], [6918.0, 1662.0], [6916.5, 1662.0], [6915.0, 1663.5], [6915.0, 1669.5], [6916.5, 1671.0], [6916.5, 1677.0], [6915.0, 1678.5], [6915.0, 1680.0], [6912.0, 1683.0], [6910.5, 1681.5], [6910.5, 1660.5], [6901.5, 1660.5], [6900.0, 1662.0], [6898.5, 1660.5], [6873.0, 1660.5], [6871.5, 1662.0], [6870.0, 1662.0], [6868.5, 1663.5], [6867.0, 1663.5], [6864.0, 1666.5], [6859.5, 1666.5], [6858.0, 1668.0], [6859.5, 1669.5], [6859.5, 1671.0], [6858.0, 1672.5], [6853.5, 1672.5], [6852.0, 1674.0], [6850.5, 1674.0], [6849.0, 1675.5], [6847.5, 1675.5], [6847.5, 1677.0], [6846.0, 1678.5], [6844.5, 1678.5], [6843.0, 1680.0], [6829.5, 1680.0], [6828.0, 1678.5], [6826.5, 1678.5], [6822.0, 1674.0], [6822.0, 1672.5], [6817.5, 1668.0], [6816.0, 1668.0], [6814.5, 1666.5], [6811.5, 1666.5], [6810.0, 1668.0], [6808.5, 1668.0], [6807.0, 1669.5], [6804.0, 1669.5], [6801.0, 1672.5], [6796.5, 1672.5], [6790.5, 1666.5], [6787.5, 1666.5], [6784.5, 1663.5], [6781.5, 1663.5], [6781.5, 1665.0], [6778.5, 1668.0], [6778.5, 1677.0], [6780.0, 1678.5], [6780.0, 1681.5], [6778.5, 1683.0], [6778.5, 1686.0], [6777.0, 1687.5], [6775.5, 1686.0], [6772.5, 1686.0], [6768.0, 1690.5], [6766.5, 1690.5], [6763.5, 1693.5], [6748.5, 1693.5], [6747.0, 1695.0], [6742.5, 1695.0], [6741.0, 1693.5], [6739.5, 1693.5], [6736.5, 1690.5], [6729.0, 1690.5], [6727.5, 1692.0], [6726.0, 1692.0], [6723.0, 1695.0], [6721.5, 1695.0], [6720.0, 1696.5], [6717.0, 1696.5], [6715.5, 1698.0], [6709.5, 1698.0], [6708.0, 1696.5], [6702.0, 1696.5], [6700.5, 1695.0], [6691.5, 1695.0], [6690.0, 1693.5], [6681.0, 1693.5], [6679.5, 1695.0], [6678.0, 1695.0], [6676.5, 1696.5], [6666.0, 1696.5], [6664.5, 1698.0], [6654.0, 1698.0], [6652.5, 1699.5], [6649.5, 1699.5], [6648.0, 1701.0], [6639.0, 1701.0], [6637.5, 1699.5], [6622.5, 1699.5], [6621.0, 1701.0], [6616.5, 1701.0], [6615.0, 1702.5], [6609.0, 1702.5], [6607.5, 1704.0], [6606.0, 1704.0], [6604.5, 1705.5], [6601.5, 1705.5], [6600.0, 1707.0], [6597.0, 1707.0], [6595.5, 1705.5], [6591.0, 1705.5], [6588.0, 1708.5], [6588.0, 1710.0], [6586.5, 1711.5], [6582.0, 1711.5], [6580.5, 1713.0], [6576.0, 1713.0], [6574.5, 1711.5], [6567.0, 1711.5], [6565.5, 1710.0], [6562.5, 1710.0], [6561.0, 1708.5], [6552.0, 1708.5], [6550.5, 1710.0], [6549.0, 1710.0], [6547.5, 1711.5], [6543.0, 1711.5], [6541.5, 1713.0], [6532.5, 1713.0], [6531.0, 1714.5], [6528.0, 1714.5], [6525.0, 1717.5], [6523.5, 1717.5], [6520.5, 1720.5], [6511.5, 1720.5], [6510.0, 1722.0], [6502.5, 1722.0], [6501.0, 1720.5], [6493.5, 1720.5], [6492.0, 1722.0], [6490.5, 1722.0], [6486.0, 1726.5], [6483.0, 1726.5], [6481.5, 1728.0], [6478.5, 1728.0], [6477.0, 1726.5], [6472.5, 1726.5], [6471.0, 1725.0], [6456.0, 1725.0], [6454.5, 1726.5], [6448.5, 1726.5], [6447.0, 1728.0], [6445.5, 1728.0], [6444.0, 1729.5], [6430.5, 1729.5], [6429.0, 1731.0], [6427.5, 1731.0], [6426.0, 1732.5], [6420.0, 1732.5], [6418.5, 1731.0], [6414.0, 1731.0], [6412.5, 1732.5], [6411.0, 1732.5], [6408.0, 1735.5], [6406.5, 1735.5], [6403.5, 1738.5], [6399.0, 1738.5], [6397.5, 1740.0], [6393.0, 1740.0], [6391.5, 1741.5], [6388.5, 1741.5], [6387.0, 1743.0], [6385.5, 1743.0], [6384.0, 1744.5], [6382.5, 1744.5], [6379.5, 1747.5], [6376.5, 1747.5], [6375.0, 1749.0], [6373.5, 1749.0], [6372.0, 1747.5], [6366.0, 1747.5], [6364.5, 1749.0], [6363.0, 1749.0], [6361.5, 1750.5], [6360.0, 1750.5], [6357.0, 1753.5], [6348.0, 1753.5], [6346.5, 1755.0], [6345.0, 1755.0], [6343.5, 1756.5], [6342.0, 1756.5], [6340.5, 1758.0], [6339.0, 1758.0], [6337.5, 1759.5], [6336.0, 1759.5], [6334.5, 1761.0], [6331.5, 1761.0], [6330.0, 1762.5], [6318.0, 1762.5], [6316.5, 1761.0], [6307.5, 1761.0], [6307.5, 1762.5], [6303.0, 1767.0], [6295.5, 1767.0], [6294.0, 1765.5], [6282.0, 1765.5], [6280.5, 1767.0], [6277.5, 1767.0], [6274.5, 1770.0], [6268.5, 1770.0], [6267.0, 1768.5], [6258.0, 1768.5], [6256.5, 1770.0], [6255.0, 1770.0], [6253.5, 1771.5], [6250.5, 1771.5], [6247.5, 1774.5], [6247.5, 1777.5], [6244.5, 1780.5], [6235.5, 1780.5], [6232.5, 1783.5], [6231.0, 1782.0], [6228.0, 1782.0], [6226.5, 1783.5], [6223.5, 1783.5], [6222.0, 1785.0], [6220.5, 1785.0], [6219.0, 1786.5], [6210.0, 1786.5], [6208.5, 1788.0], [6205.5, 1788.0], [6204.0, 1789.5], [6196.5, 1789.5], [6195.0, 1791.0], [6193.5, 1791.0], [6192.0, 1792.5], [6187.5, 1792.5], [6186.0, 1791.0], [6183.0, 1791.0], [6181.5, 1792.5], [6177.0, 1792.5], [6175.5, 1794.0], [6169.5, 1794.0], [6168.0, 1792.5], [6166.5, 1792.5], [6165.0, 1794.0], [6162.0, 1794.0], [6160.5, 1795.5], [6148.5, 1795.5], [6145.5, 1798.5], [6144.0, 1798.5], [6144.0, 1800.0], [6142.5, 1801.5], [6136.5, 1801.5], [6136.5, 1803.0], [6135.0, 1804.5], [6133.5, 1804.5], [6132.0, 1806.0], [6130.5, 1806.0], [6129.0, 1807.5], [6127.5, 1807.5], [6127.5, 1809.0], [6126.0, 1810.5], [6127.5, 1812.0], [6124.5, 1815.0], [6126.0, 1816.5], [6123.0, 1819.5], [6121.5, 1819.5], [6120.0, 1821.0], [6120.0, 1824.0], [6124.5, 1824.0], [6127.5, 1827.0], [6132.0, 1827.0], [6133.5, 1825.5], [6142.5, 1825.5], [6144.0, 1827.0], [6144.0, 1873.5], [6142.5, 1875.0], [6142.5, 1876.5], [6141.0, 1878.0], [6139.5, 1878.0], [6138.0, 1876.5], [6138.0, 1873.5], [6130.5, 1873.5], [6129.0, 1872.0], [6127.5, 1872.0], [6126.0, 1870.5], [6124.5, 1870.5], [6123.0, 1869.0], [6123.0, 1867.5], [6120.0, 1867.5], [6117.0, 1864.5], [6115.5, 1864.5], [6114.0, 1863.0], [6117.0, 1860.0], [6117.0, 1855.5], [6115.5, 1854.0], [6115.5, 1851.0], [6117.0, 1849.5], [6117.0, 1848.0], [6120.0, 1845.0], [6126.0, 1845.0], [6126.0, 1843.5], [6124.5, 1843.5], [6123.0, 1842.0], [6123.0, 1840.5], [6121.5, 1840.5], [6120.0, 1839.0], [6120.0, 1833.0], [6117.0, 1836.0], [6115.5, 1836.0], [6114.0, 1837.5], [6099.0, 1837.5], [6096.0, 1834.5], [6097.5, 1833.0], [6097.5, 1830.0], [6096.0, 1828.5], [6096.0, 1825.5], [6093.0, 1822.5], [6093.0, 1819.5], [6094.5, 1818.0], [6096.0, 1818.0], [6097.5, 1816.5], [6096.0, 1815.0], [6094.5, 1815.0], [6093.0, 1813.5], [6091.5, 1813.5], [6090.0, 1812.0], [6090.0, 1809.0], [6088.5, 1807.5], [6087.0, 1807.5], [6084.0, 1804.5], [6081.0, 1804.5], [6078.0, 1801.5], [6070.5, 1801.5], [6069.0, 1800.0], [6057.0, 1800.0], [6055.5, 1801.5], [6024.0, 1801.5], [6022.5, 1803.0], [6019.5, 1803.0], [6018.0, 1804.5], [6015.0, 1804.5], [6013.5, 1806.0], [6007.5, 1806.0], [6006.0, 1804.5], [6004.5, 1804.5], [6003.0, 1806.0], [5998.5, 1806.0], [5997.0, 1807.5], [5991.0, 1807.5], [5989.5, 1809.0], [5986.5, 1809.0], [5985.0, 1810.5], [5983.5, 1810.5], [5982.0, 1809.0], [5976.0, 1809.0], [5974.5, 1807.5], [5968.5, 1807.5], [5967.0, 1806.0], [5965.5, 1806.0], [5964.0, 1804.5], [5962.5, 1804.5], [5961.0, 1803.0], [5953.5, 1803.0], [5952.0, 1804.5], [5929.5, 1804.5], [5928.0, 1803.0], [5926.5, 1803.0], [5925.0, 1801.5], [5923.5, 1801.5], [5922.0, 1800.0], [5917.5, 1800.0], [5916.0, 1798.5], [5914.5, 1800.0], [5907.0, 1800.0], [5905.5, 1801.5], [5883.0, 1801.5], [5881.5, 1800.0], [5875.5, 1800.0], [5874.0, 1798.5], [5868.0, 1798.5], [5866.5, 1797.0], [5862.0, 1797.0], [5860.5, 1795.5], [5859.0, 1795.5], [5857.5, 1797.0], [5854.5, 1797.0], [5853.0, 1798.5], [5847.0, 1798.5], [5842.5, 1803.0], [5829.0, 1803.0], [5827.5, 1801.5], [5823.0, 1801.5], [5820.0, 1798.5], [5818.5, 1798.5], [5817.0, 1797.0], [5815.5, 1797.0], [5814.0, 1795.5], [5812.5, 1795.5], [5809.5, 1792.5], [5808.0, 1792.5], [5806.5, 1791.0], [5805.0, 1791.0], [5803.5, 1789.5], [5791.5, 1789.5], [5790.0, 1788.0], [5790.0, 1786.5], [5788.5, 1786.5], [5787.0, 1788.0], [5781.0, 1788.0], [5779.5, 1786.5], [5767.5, 1786.5], [5766.0, 1785.0], [5763.0, 1785.0], [5761.5, 1783.5], [5757.0, 1783.5], [5758.5, 1785.0], [5757.0, 1786.5], [5755.5, 1786.5], [5754.0, 1788.0], [5749.5, 1788.0], [5748.0, 1786.5], [5748.0, 1782.0], [5746.5, 1782.0], [5746.5, 1783.5], [5743.5, 1786.5], [5737.5, 1786.5], [5736.0, 1788.0], [5734.5, 1786.5], [5733.0, 1788.0], [5731.5, 1788.0], [5730.0, 1789.5], [5727.0, 1789.5], [5724.0, 1792.5], [5709.0, 1792.5], [5706.0, 1789.5], [5695.5, 1789.5], [5694.0, 1788.0], [5691.0, 1788.0], [5686.5, 1792.5], [5685.0, 1792.5], [5682.0, 1795.5], [5679.0, 1795.5], [5676.0, 1798.5], [5674.5, 1798.5], [5673.0, 1800.0], [5668.5, 1800.0], [5668.5, 1806.0], [5667.0, 1807.5], [5662.5, 1807.5], [5661.0, 1809.0], [5656.5, 1809.0], [5659.5, 1812.0], [5662.5, 1812.0], [5664.0, 1810.5], [5665.5, 1812.0], [5668.5, 1812.0], [5670.0, 1813.5], [5670.0, 1824.0], [5668.5, 1825.5], [5670.0, 1827.0], [5670.0, 1828.5], [5661.0, 1837.5], [5659.5, 1837.5], [5658.0, 1839.0], [5656.5, 1839.0], [5655.0, 1840.5], [5638.5, 1840.5], [5635.5, 1843.5], [5632.5, 1843.5], [5631.0, 1842.0], [5631.0, 1812.0], [5632.5, 1810.5], [5637.0, 1810.5], [5638.5, 1809.0], [5640.0, 1809.0], [5638.5, 1807.5], [5632.5, 1807.5], [5631.0, 1806.0], [5631.0, 1792.5], [5626.5, 1792.5], [5625.0, 1791.0], [5625.0, 1789.5], [5623.5, 1789.5], [5622.0, 1788.0], [5620.5, 1788.0], [5619.0, 1786.5], [5614.5, 1786.5], [5610.0, 1791.0], [5610.0, 1792.5], [5611.5, 1794.0], [5610.0, 1795.5], [5610.0, 1797.0], [5608.5, 1798.5], [5608.5, 1800.0], [5607.0, 1801.5], [5605.5, 1801.5], [5605.5, 1803.0], [5604.0, 1804.5], [5601.0, 1804.5], [5598.0, 1807.5], [5596.5, 1807.5], [5595.0, 1809.0], [5593.5, 1809.0], [5592.0, 1810.5], [5592.0, 1812.0], [5589.0, 1815.0], [5577.0, 1815.0], [5575.5, 1813.5], [5572.5, 1813.5], [5571.0, 1812.0], [5569.5, 1812.0], [5568.0, 1810.5], [5563.5, 1810.5], [5562.0, 1809.0], [5560.5, 1809.0], [5557.5, 1806.0], [5557.5, 1804.5], [5556.0, 1803.0], [5556.0, 1789.5], [5550.0, 1783.5], [5536.5, 1783.5], [5535.0, 1785.0], [5533.5, 1785.0], [5532.0, 1783.5], [5530.5, 1783.5], [5527.5, 1780.5], [5526.0, 1780.5], [5523.0, 1777.5], [5514.0, 1777.5], [5512.5, 1776.0], [5509.5, 1776.0], [5508.0, 1777.5], [5505.0, 1777.5], [5503.5, 1779.0], [5502.0, 1779.0], [5499.0, 1782.0], [5499.0, 1783.5], [5496.0, 1786.5], [5490.0, 1786.5], [5488.5, 1785.0], [5485.5, 1785.0], [5478.0, 1792.5], [5472.0, 1792.5], [5469.0, 1789.5], [5467.5, 1789.5], [5466.0, 1788.0], [5464.5, 1788.0], [5463.0, 1789.5], [5460.0, 1789.5], [5458.5, 1791.0], [5454.0, 1791.0], [5452.5, 1792.5], [5448.0, 1792.5], [5446.5, 1791.0], [5448.0, 1789.5], [5449.5, 1789.5], [5451.0, 1788.0], [5452.5, 1788.0], [5454.0, 1786.5], [5446.5, 1786.5], [5445.0, 1788.0], [5443.5, 1788.0], [5442.0, 1789.5], [5440.5, 1789.5], [5440.5, 1791.0], [5439.0, 1792.5], [5439.0, 1794.0], [5437.5, 1795.5], [5437.5, 1801.5], [5439.0, 1803.0], [5437.5, 1804.5], [5437.5, 1806.0], [5436.0, 1807.5], [5434.5, 1807.5], [5433.0, 1806.0], [5431.5, 1806.0], [5430.0, 1804.5], [5428.5, 1804.5], [5427.0, 1803.0], [5425.5, 1803.0], [5422.5, 1800.0], [5422.5, 1798.5], [5421.0, 1797.0], [5421.0, 1794.0], [5419.5, 1792.5], [5419.5, 1786.5], [5418.0, 1785.0], [5418.0, 1780.5], [5416.5, 1780.5], [5415.0, 1779.0], [5412.0, 1779.0], [5410.5, 1777.5], [5407.5, 1777.5], [5406.0, 1776.0], [5404.5, 1776.0], [5401.5, 1773.0], [5398.5, 1773.0], [5397.0, 1771.5], [5394.0, 1771.5], [5392.5, 1773.0], [5391.0, 1773.0], [5391.0, 1776.0], [5392.5, 1777.5], [5392.5, 1783.5], [5388.0, 1788.0], [5383.5, 1788.0], [5382.0, 1789.5], [5379.0, 1789.5], [5377.5, 1791.0], [5376.0, 1791.0], [5376.0, 1797.0], [5380.5, 1801.5], [5380.5, 1806.0], [5379.0, 1807.5], [5379.0, 1809.0], [5377.5, 1810.5], [5376.0, 1810.5], [5376.0, 2101.5], [5377.5, 2101.5], [5380.5, 2104.5], [5380.5, 2106.0], [5382.0, 2107.5], [5386.5, 2107.5], [5388.0, 2109.0], [5389.5, 2109.0], [5392.5, 2112.0], [5394.0, 2112.0], [5397.0, 2115.0], [5397.0, 2116.5], [5400.0, 2119.5], [5400.0, 2122.5], [5401.5, 2124.0], [5401.5, 2128.5], [5404.5, 2131.5], [5404.5, 2133.0], [5409.0, 2137.5], [5409.0, 2139.0], [5412.0, 2142.0], [5412.0, 2143.5], [5415.0, 2146.5], [5415.0, 2148.0], [5418.0, 2151.0], [5419.5, 2151.0], [5421.0, 2152.5], [5422.5, 2152.5], [5424.0, 2154.0], [5425.5, 2154.0], [5440.5, 2169.0], [5446.5, 2169.0], [5448.0, 2167.5], [5454.0, 2167.5], [5455.5, 2166.0], [5457.0, 2166.0], [5458.5, 2167.5], [5461.5, 2167.5], [5463.0, 2169.0], [5472.0, 2169.0], [5473.5, 2170.5], [5475.0, 2170.5], [5484.0, 2179.5], [5484.0, 2181.0], [5485.5, 2182.5], [5485.5, 2185.5], [5487.0, 2187.0], [5487.0, 2188.5], [5488.5, 2190.0], [5488.5, 2191.5], [5493.0, 2196.0], [5494.5, 2196.0], [5496.0, 2197.5], [5497.5, 2197.5], [5500.5, 2200.5], [5500.5, 2202.0], [5502.0, 2203.5], [5502.0, 2205.0], [5503.5, 2206.5], [5503.5, 2209.5], [5505.0, 2211.0], [5505.0, 2212.5], [5506.5, 2214.0], [5508.0, 2214.0], [5509.5, 2215.5], [5511.0, 2215.5], [5512.5, 2214.0], [5514.0, 2214.0], [5521.5, 2206.5], [5523.0, 2206.5], [5524.5, 2205.0], [5526.0, 2205.0], [5527.5, 2206.5], [5529.0, 2206.5], [5541.0, 2218.5], [5541.0, 2220.0], [5542.5, 2221.5], [5542.5, 2223.0], [5544.0, 2224.5], [5544.0, 2226.0], [5545.5, 2227.5], [5545.5, 2235.0], [5547.0, 2236.5], [5547.0, 2245.5], [5551.5, 2250.0], [5553.0, 2250.0], [5557.5, 2254.5], [5557.5, 2256.0], [5559.0, 2257.5], [5559.0, 2260.5], [5560.5, 2262.0], [5560.5, 2269.5], [5563.5, 2269.5], [5563.5, 2268.0], [5565.0, 2266.5], [5565.0, 2265.0], [5566.5, 2263.5], [5575.5, 2263.5], [5577.0, 2262.0], [5583.0, 2262.0], [5584.5, 2260.5], [5604.0, 2260.5], [5605.5, 2262.0], [5608.5, 2262.0], [5610.0, 2260.5], [5616.0, 2260.5], [5617.5, 2262.0], [5619.0, 2262.0], [5620.5, 2263.5], [5622.0, 2263.5], [5623.5, 2265.0], [5635.5, 2265.0], [5637.0, 2263.5], [5640.0, 2263.5], [5641.5, 2262.0], [5644.5, 2262.0], [5646.0, 2260.5], [5647.5, 2260.5], [5649.0, 2259.0], [5655.0, 2259.0], [5661.0, 2265.0], [5661.0, 2266.5], [5662.5, 2268.0], [5662.5, 2269.5], [5668.5, 2275.5], [5668.5, 2277.0], [5671.5, 2277.0], [5673.0, 2278.5], [5683.5, 2278.5], [5689.5, 2284.5], [5691.0, 2284.5], [5692.5, 2286.0], [5694.0, 2286.0], [5697.0, 2289.0], [5695.5, 2290.5], [5695.5, 2293.5], [5694.0, 2295.0], [5697.0, 2298.0], [5703.0, 2298.0], [5704.5, 2299.5], [5707.5, 2299.5], [5709.0, 2301.0], [5712.0, 2301.0], [5713.5, 2302.5], [6142.5, 2302.5], [6142.5, 2113.5], [6144.0, 2112.0], [6148.5, 2116.5], [6148.5, 2122.5], [6147.0, 2124.0], [6147.0, 2125.5], [6148.5, 2127.0], [6148.5, 2130.0], [6159.0, 2130.0], [6160.5, 2131.5], [6162.0, 2131.5], [6163.5, 2133.0], [6165.0, 2133.0], [6166.5, 2134.5], [6168.0, 2134.5], [6169.5, 2136.0], [6171.0, 2136.0], [6178.5, 2143.5], [6180.0, 2143.5], [6181.5, 2145.0], [6184.5, 2145.0], [6201.0, 2161.5], [6201.0, 2166.0], [6196.5, 2170.5], [6196.5, 2172.0], [6195.0, 2173.5], [6195.0, 2175.0], [6193.5, 2176.5], [6193.5, 2178.0], [6187.5, 2184.0], [6184.5, 2184.0], [6183.0, 2185.5], [6181.5, 2185.5], [6180.0, 2187.0], [6180.0, 2188.5], [6178.5, 2190.0], [6178.5, 2191.5], [6177.0, 2193.0], [6177.0, 2203.5], [6178.5, 2205.0], [6178.5, 2214.0], [6177.0, 2215.5], [6177.0, 2223.0], [6175.5, 2224.5], [6175.5, 2227.5], [6174.0, 2229.0], [6174.0, 2244.0], [6175.5, 2245.5], [6175.5, 2247.0], [6178.5, 2250.0], [6178.5, 2251.5], [6181.5, 2254.5], [6181.5, 2256.0], [6184.5, 2259.0], [6186.0, 2259.0], [6192.0, 2265.0], [6192.0, 2266.5], [6193.5, 2268.0], [6193.5, 2280.0], [6195.0, 2281.5], [6195.0, 2283.0], [6193.5, 2284.5], [6193.5, 2287.5], [6192.0, 2289.0], [6192.0, 2290.5], [6189.0, 2293.5], [6189.0, 2301.0], [6190.5, 2302.5], [6828.0, 2302.5], [6828.0, 2298.0], [6825.0, 2295.0], [6825.0, 2292.0], [6823.5, 2292.0], [6822.0, 2290.5], [6822.0, 2287.5], [6823.5, 2286.0], [6823.5, 2284.5], [6825.0, 2283.0], [6825.0, 2281.5], [6826.5, 2280.0], [6828.0, 2280.0], [6828.0, 2278.5], [6829.5, 2277.0], [6832.5, 2277.0], [6834.0, 2275.5], [6835.5, 2275.5], [6837.0, 2274.0], [6841.5, 2274.0], [6843.0, 2272.5], [6844.5, 2272.5], [6846.0, 2271.0], [6852.0, 2271.0], [6853.5, 2269.5], [6855.0, 2271.0], [6859.5, 2271.0], [6862.5, 2274.0], [6864.0, 2274.0], [6865.5, 2275.5], [6867.0, 2275.5], [6868.5, 2277.0], [6870.0, 2277.0], [6873.0, 2280.0], [6876.0, 2280.0], [6879.0, 2277.0], [6883.5, 2277.0], [6885.0, 2275.5], [6885.0, 2268.0], [6888.0, 2265.0], [6889.5, 2265.0], [6892.5, 2262.0], [6892.5, 2260.5], [6895.5, 2257.5], [6897.0, 2257.5], [6898.5, 2256.0], [6904.5, 2256.0], [6906.0, 2257.5], [6909.0, 2257.5], [6910.5, 2259.0], [6942.0, 2259.0], [6945.0, 2262.0], [6960.0, 2262.0], [6963.0, 2259.0], [6964.5, 2259.0], [6966.0, 2260.5], [6967.5, 2259.0], [6970.5, 2259.0], [6972.0, 2260.5], [6975.0, 2260.5], [6976.5, 2262.0], [6981.0, 2262.0], [6985.5, 2266.5], [6985.5, 2268.0], [6988.5, 2271.0], [6988.5, 2272.5], [6990.0, 2274.0], [6991.5, 2274.0], [6996.0, 2278.5], [6996.0, 2280.0], [6997.5, 2281.5], [6997.5, 2286.0], [7000.5, 2289.0], [7000.5, 2292.0], [7002.0, 2293.5], [7002.0, 2296.5], [7003.5, 2298.0], [7003.5, 2302.5], [7102.5, 2302.5], [7102.5, 2301.0], [7105.5, 2298.0], [7107.0, 2298.0], [7108.5, 2296.5], [7108.5, 2272.5], [7110.0, 2271.0], [7110.0, 2263.5], [7111.5, 2262.0], [7111.5, 2260.5], [7113.0, 2259.0], [7113.0, 2257.5], [7116.0, 2254.5], [7117.5, 2254.5], [7122.0, 2250.0], [7123.5, 2250.0], [7125.0, 2248.5], [7125.0, 2247.0], [7126.5, 2245.5], [7126.5, 2241.0], [7128.0, 2239.5], [7128.0, 2236.5], [7129.5, 2235.0], [7129.5, 2232.0], [7131.0, 2230.5], [7131.0, 2215.5], [7132.5, 2214.0], [7132.5, 2203.5], [7131.0, 2202.0], [7131.0, 2199.0], [7129.5, 2197.5], [7129.5, 2188.5], [7131.0, 2187.0], [7131.0, 2184.0], [7129.5, 2182.5], [7129.5, 2181.0], [7128.0, 2179.5], [7126.5, 2179.5], [7123.5, 2176.5], [7122.0, 2176.5], [7107.0, 2161.5], [7105.5, 2161.5], [7102.5, 2158.5], [7101.0, 2158.5], [7099.5, 2157.0], [7098.0, 2157.0], [7096.5, 2155.5], [7093.5, 2155.5], [7092.0, 2154.0], [7084.5, 2154.0], [7083.0, 2152.5], [7081.5, 2152.5], [7077.0, 2148.0], [7077.0, 2146.5], [7075.5, 2145.0], [7075.5, 2143.5], [7074.0, 2142.0], [7074.0, 2140.5], [7071.0, 2137.5], [7065.0, 2137.5], [7063.5, 2136.0], [7059.0, 2136.0], [7057.5, 2134.5], [7056.0, 2134.5], [7054.5, 2133.0], [7053.0, 2133.0], [7047.0, 2127.0], [7047.0, 2125.5], [7044.0, 2122.5], [7044.0, 2119.5], [7042.5, 2118.0], [7042.5, 2110.5], [7041.0, 2109.0], [7041.0, 2106.0], [7039.5, 2104.5], [7039.5, 2103.0], [7041.0, 2101.5], [7041.0, 2098.5], [7042.5, 2097.0], [7042.5, 2094.0], [7044.0, 2092.5], [7044.0, 2088.0], [7045.5, 2086.5], [7045.5, 2085.0], [7047.0, 2083.5], [7047.0, 2079.0], [7045.5, 2077.5], [7045.5, 2076.0], [7044.0, 2074.5], [7044.0, 2073.0], [7041.0, 2070.0], [7041.0, 2068.5], [7039.5, 2068.5], [7038.0, 2067.0], [7038.0, 2065.5], [7036.5, 2064.0], [7035.0, 2064.0], [7032.0, 2061.0], [7029.0, 2061.0], [7027.5, 2059.5], [7018.5, 2059.5], [7017.0, 2058.0], [7015.5, 2059.5], [7014.0, 2059.5], [7011.0, 2062.5], [7009.5, 2062.5], [7003.5, 2068.5], [7003.5, 2070.0], [7002.0, 2071.5], [6999.0, 2071.5], [6997.5, 2070.0], [6994.5, 2070.0], [6994.5, 2071.5], [6993.0, 2073.0], [6993.0, 2074.5], [6990.0, 2077.5], [6990.0, 2079.0], [6988.5, 2080.5], [6988.5, 2082.0], [6987.0, 2083.5], [6985.5, 2083.5], [6982.5, 2086.5], [6978.0, 2086.5], [6976.5, 2088.0], [6970.5, 2088.0], [6966.0, 2092.5], [6966.0, 2094.0], [6964.5, 2095.5], [6964.5, 2097.0], [6957.0, 2104.5], [6957.0, 2106.0], [6955.5, 2107.5], [6955.5, 2109.0], [6954.0, 2110.5], [6954.0, 2112.0], [6952.5, 2113.5], [6952.5, 2116.5], [6951.0, 2118.0], [6951.0, 2119.5], [6936.0, 2134.5], [6936.0, 2136.0], [6934.5, 2137.5], [6934.5, 2139.0], [6933.0, 2140.5], [6931.5, 2140.5], [6928.5, 2143.5], [6927.0, 2143.5], [6925.5, 2145.0], [6918.0, 2145.0], [6916.5, 2146.5], [6912.0, 2146.5], [6910.5, 2145.0], [6910.5, 1726.5], [6912.0, 1725.0], [6913.5, 1726.5], [6915.0, 1726.5], [6916.5, 1728.0], [6922.5, 1728.0], [6924.0, 1726.5], [6925.5, 1728.0], [6930.0, 1728.0], [6931.5, 1729.5], [6933.0, 1729.5], [6936.0, 1732.5], [6937.5, 1732.5], [6939.0, 1734.0], [6940.5, 1734.0], [6942.0, 1735.5], [6948.0, 1735.5], [6949.5, 1737.0], [6954.0, 1737.0], [6955.5, 1738.5], [6957.0, 1738.5], [6958.5, 1740.0], [6960.0, 1740.0], [6961.5, 1741.5], [6961.5, 1743.0], [6964.5, 1746.0], [6966.0, 1746.0], [6967.5, 1747.5], [6969.0, 1747.5], [6970.5, 1749.0], [6972.0, 1749.0], [6973.5, 1750.5], [6976.5, 1750.5], [6978.0, 1752.0], [6984.0, 1752.0], [6985.5, 1753.5], [6994.5, 1753.5], [6997.5, 1750.5], [6999.0, 1750.5], [7000.5, 1749.0], [7002.0, 1749.0], [7002.0, 1747.5], [7003.5, 1746.0], [7003.5, 1743.0], [7006.5, 1740.0], [7008.0, 1740.0], [7009.5, 1738.5], [7011.0, 1738.5], [7012.5, 1740.0], [7015.5, 1740.0], [7021.5, 1746.0], [7023.0, 1746.0], [7024.5, 1747.5], [7026.0, 1747.5], [7032.0, 1753.5], [7033.5, 1753.5], [7035.0, 1755.0], [7036.5, 1753.5], [7041.0, 1753.5], [7042.5, 1752.0], [7044.0, 1752.0], [7051.5, 1744.5], [7053.0, 1744.5], [7054.5, 1743.0], [7065.0, 1743.0], [7066.5, 1744.5], [7068.0, 1743.0], [7071.0, 1743.0], [7072.5, 1741.5], [7081.5, 1741.5], [7084.5, 1744.5], [7086.0, 1744.5], [7096.5, 1755.0], [7096.5, 1756.5], [7098.0, 1758.0], [7098.0, 1761.0], [7104.0, 1767.0], [7111.5, 1767.0], [7113.0, 1765.5], [7120.5, 1765.5], [7122.0, 1767.0], [7128.0, 1767.0], [7129.5, 1768.5], [7131.0, 1768.5], [7132.5, 1770.0], [7134.0, 1770.0], [7135.5, 1771.5], [7137.0, 1771.5], [7140.0, 1774.5], [7141.5, 1774.5], [7143.0, 1776.0], [7144.5, 1776.0], [7146.0, 1777.5], [7147.5, 1777.5], [7149.0, 1779.0], [7150.5, 1779.0], [7155.0, 1783.5], [7155.0, 1785.0], [7156.5, 1786.5], [7156.5, 1788.0], [7158.0, 1789.5], [7158.0, 1795.5], [7159.5, 1797.0], [7159.5, 1800.0], [7162.5, 1803.0], [7162.5, 1804.5], [7164.0, 1806.0], [7164.0, 1813.5], [7162.5, 1815.0], [7162.5, 1822.5], [7161.0, 1824.0], [7161.0, 1825.5], [7158.0, 1828.5], [7158.0, 1830.0], [7156.5, 1831.5], [7156.5, 1834.5], [7155.0, 1836.0], [7155.0, 1840.5], [7161.0, 1846.5], [7162.5, 1846.5], [7164.0, 1848.0], [7167.0, 1848.0], [7173.0, 1854.0], [7173.0, 1855.5], [7174.5, 1857.0], [7174.5, 1858.5], [7176.0, 1860.0], [7176.0, 1861.5], [7177.5, 1863.0], [7177.5, 1864.5], [7170.0, 1872.0], [7168.5, 1872.0], [7164.0, 1876.5], [7162.5, 1876.5], [7161.0, 1878.0], [7159.5, 1878.0], [7156.5, 1881.0], [7147.5, 1881.0], [7146.0, 1882.5], [7144.5, 1882.5], [7141.5, 1885.5], [7141.5, 1887.0], [7140.0, 1888.5], [7140.0, 1890.0], [7138.5, 1891.5], [7138.5, 1906.5], [7137.0, 1908.0], [7137.0, 1911.0], [7135.5, 1912.5], [7135.5, 1914.0], [7129.5, 1920.0], [7129.5, 1929.0], [7132.5, 1932.0], [7135.5, 1932.0], [7137.0, 1930.5], [7144.5, 1930.5], [7146.0, 1932.0], [7147.5, 1932.0], [7149.0, 1933.5], [7150.5, 1933.5], [7152.0, 1935.0], [7153.5, 1935.0], [7155.0, 1936.5], [7156.5, 1936.5], [7158.0, 1938.0], [7159.5, 1936.5], [7173.0, 1936.5], [7174.5, 1935.0], [7183.5, 1935.0], [7185.0, 1933.5], [7186.5, 1933.5], [7188.0, 1935.0], [7191.0, 1935.0], [7192.5, 1936.5], [7194.0, 1936.5], [7195.5, 1938.0], [7197.0, 1938.0], [7198.5, 1939.5], [7201.5, 1939.5], [7203.0, 1941.0], [7207.5, 1941.0], [7212.0, 1936.5], [7216.5, 1936.5], [7218.0, 1938.0], [7221.0, 1938.0], [7222.5, 1939.5], [7224.0, 1939.5], [7225.5, 1941.0], [7230.0, 1941.0], [7231.5, 1939.5], [7236.0, 1939.5], [7237.5, 1941.0], [7239.0, 1941.0], [7243.5, 1945.5], [7243.5, 1947.0], [7251.0, 1954.5], [7251.0, 1956.0], [7252.5, 1957.5], [7255.5, 1957.5], [7260.0, 1953.0], [7267.5, 1953.0], [7272.0, 1957.5], [7272.0, 1959.0], [7273.5, 1960.5], [7273.5, 1962.0], [7278.0, 1966.5], [7279.5, 1966.5], [7281.0, 1968.0], [7284.0, 1968.0], [7287.0, 1971.0], [7288.5, 1971.0], [7294.5, 1977.0], [7294.5, 1984.5], [7296.0, 1986.0], [7296.0, 1990.5], [7297.5, 1992.0], [7297.5, 1993.5], [7302.0, 1998.0], [7303.5, 1998.0], [7305.0, 1999.5], [7308.0, 1999.5], [7309.5, 2001.0], [7311.0, 2001.0], [7312.5, 2002.5], [7312.5, 2004.0], [7315.5, 2007.0], [7315.5, 2008.5], [7320.0, 2013.0], [7321.5, 2013.0], [7327.5, 2019.0], [7327.5, 2020.5], [7329.0, 2022.0], [7329.0, 2023.5], [7330.5, 2023.5], [7332.0, 2025.0], [7335.0, 2025.0], [7336.5, 2026.5], [7350.0, 2026.5], [7351.5, 2028.0], [7353.0, 2028.0], [7354.5, 2029.5], [7354.5, 2031.0], [7357.5, 2034.0], [7357.5, 2035.5], [7363.5, 2041.5], [7375.5, 2041.5], [7378.5, 2038.5], [7389.0, 2038.5], [7390.5, 2040.0], [7398.0, 2040.0], [7399.5, 2038.5], [7401.0, 2038.5], [7404.0, 2035.5], [7405.5, 2035.5], [7407.0, 2034.0], [7407.0, 2032.5], [7410.0, 2029.5], [7410.0, 2028.0], [7411.5, 2026.5], [7411.5, 2025.0], [7414.5, 2022.0], [7414.5, 2020.5], [7416.0, 2019.0], [7416.0, 2017.5], [7417.5, 2016.0], [7417.5, 2014.5], [7422.0, 2010.0], [7422.0, 2008.5], [7423.5, 2007.0], [7423.5, 2005.5], [7425.0, 2004.0], [7425.0, 2002.5], [7426.5, 2001.0], [7428.0, 2001.0], [7431.0, 1998.0], [7431.0, 1996.5], [7434.0, 1993.5], [7434.0, 1986.0], [7435.5, 1984.5], [7435.5, 1983.0], [7437.0, 1981.5], [7437.0, 1980.0], [7444.5, 1972.5], [7446.0, 1972.5], [7447.5, 1971.0], [7456.5, 1971.0], [7462.5, 1965.0], [7464.0, 1965.0], [7468.5, 1960.5], [7473.0, 1960.5], [7474.5, 1959.0], [7477.5, 1959.0], [7479.0, 1957.5], [7482.0, 1957.5], [7483.5, 1959.0], [7486.5, 1959.0], [7489.5, 1962.0], [7494.0, 1962.0], [7498.5, 1957.5], [7498.5, 1956.0], [7501.5, 1953.0], [7503.0, 1953.0], [7503.0, 1951.5], [7506.0, 1948.5], [7506.0, 1926.0], [7503.0, 1923.0], [7503.0, 1915.5], [7504.5, 1914.0], [7504.5, 1912.5], [7509.0, 1908.0], [7509.0, 1905.0], [7510.5, 1903.5], [7510.5, 1893.0], [7509.0, 1891.5], [7507.5, 1891.5], [7506.0, 1890.0], [7503.0, 1890.0], [7501.5, 1888.5], [7498.5, 1888.5], [7495.5, 1885.5], [7495.5, 1884.0], [7494.0, 1882.5], [7494.0, 1881.0], [7492.5, 1879.5], [7492.5, 1873.5], [7494.0, 1872.0], [7495.5, 1872.0], [7497.0, 1870.5], [7497.0, 1869.0], [7501.5, 1864.5], [7503.0, 1864.5], [7504.5, 1863.0], [7506.0, 1863.0], [7507.5, 1861.5], [7512.0, 1861.5], [7513.5, 1860.0], [7515.0, 1860.0], [7516.5, 1861.5], [7518.0, 1861.5], [7519.5, 1863.0], [7522.5, 1863.0], [7524.0, 1864.5], [7525.5, 1864.5], [7527.0, 1866.0], [7528.5, 1866.0], [7534.5, 1860.0], [7536.0, 1860.0], [7537.5, 1858.5], [7542.0, 1858.5], [7543.5, 1860.0], [7545.0, 1860.0], [7546.5, 1861.5], [7548.0, 1861.5], [7551.0, 1864.5], [7554.0, 1864.5], [7555.5, 1866.0], [7557.0, 1866.0], [7558.5, 1867.5], [7560.0, 1867.5], [7566.0, 1873.5], [7566.0, 1875.0], [7567.5, 1876.5], [7567.5, 1878.0], [7569.0, 1879.5], [7569.0, 1882.5], [7572.0, 1885.5], [7573.5, 1885.5], [7575.0, 1887.0], [7597.5, 1887.0], [7602.0, 1891.5], [7602.0, 1893.0], [7603.5, 1894.5], [7603.5, 1896.0], [7605.0, 1897.5], [7605.0, 1899.0], [7606.5, 1900.5], [7606.5, 1902.0], [7611.0, 1906.5], [7612.5, 1906.5], [7614.0, 1908.0], [7621.5, 1908.0], [7623.0, 1906.5], [7626.0, 1906.5], [7627.5, 1905.0], [7629.0, 1905.0], [7632.0, 1902.0], [7633.5, 1902.0], [7636.5, 1899.0], [7639.5, 1899.0], [7641.0, 1897.5], [7642.5, 1897.5], [7647.0, 1893.0], [7650.0, 1893.0], [7651.5, 1891.5], [7654.5, 1891.5], [7656.0, 1893.0], [7657.5, 1893.0], [7660.5, 1896.0], [7660.5, 1897.5], [7662.0, 1899.0], [7662.0, 1902.0], [7666.5, 1906.5], [7668.0, 1906.5], [7671.0, 1909.5], [7674.0, 1909.5], [7675.5, 1908.0], [7675.5, 1906.5], [7677.0, 1905.0], [7678.5, 1905.0], [7678.5, 1873.5], [7677.0, 1872.0], [7677.0, 1870.5], [7678.5, 1869.0], [7678.5, 1768.5], [7675.5, 1765.5], [7675.5, 1761.0], [7678.5, 1758.0], [7678.5, 1756.5], [7675.5, 1753.5], [7675.5, 1750.5], [7677.0, 1749.0], [7677.0, 1747.5], [7678.5, 1746.0], [7678.5, 1698.0], [7680.0, 1696.5], [7681.5, 1698.0], [7695.0, 1698.0], [7696.5, 1699.5], [7698.0, 1699.5], [7699.5, 1701.0], [7701.0, 1701.0], [7702.5, 1702.5], [7704.0, 1702.5], [7705.5, 1704.0], [7708.5, 1704.0], [7710.0, 1705.5], [7714.5, 1705.5], [7716.0, 1707.0], [7722.0, 1707.0], [7723.5, 1705.5], [7725.0, 1705.5], [7726.5, 1707.0], [7731.0, 1707.0], [7734.0, 1710.0], [7741.5, 1710.0], [7743.0, 1711.5], [7747.5, 1711.5], [7749.0, 1710.0], [7750.5, 1710.0], [7752.0, 1708.5], [7753.5, 1708.5], [7756.5, 1705.5], [7758.0, 1705.5], [7759.5, 1704.0], [7762.5, 1704.0], [7764.0, 1702.5], [7765.5, 1702.5], [7767.0, 1701.0], [7768.5, 1701.0], [7770.0, 1699.5], [7771.5, 1699.5], [7773.0, 1698.0], [7774.5, 1698.0], [7776.0, 1696.5], [7779.0, 1696.5], [7780.5, 1695.0], [7782.0, 1695.0], [7783.5, 1693.5], [7785.0, 1693.5], [7788.0, 1690.5], [7789.5, 1690.5], [7791.0, 1689.0], [7792.5, 1689.0], [7794.0, 1687.5], [7804.5, 1687.5], [7806.0, 1686.0], [7809.0, 1686.0], [7810.5, 1684.5], [7812.0, 1684.5], [7813.5, 1683.0], [7815.0, 1683.0], [7816.5, 1681.5], [7818.0, 1681.5], [7825.5, 1674.0], [7827.0, 1674.0], [7827.0, 1672.5], [7828.5, 1671.0], [7830.0, 1671.0], [7831.5, 1669.5], [7833.0, 1669.5], [7834.5, 1668.0], [7837.5, 1668.0], [7839.0, 1666.5], [7842.0, 1666.5], [7843.5, 1665.0], [7846.5, 1665.0], [7848.0, 1663.5], [7858.5, 1663.5], [7860.0, 1665.0], [7888.5, 1665.0], [7893.0, 1669.5], [7894.5, 1669.5], [7899.0, 1674.0], [7905.0, 1674.0], [7906.5, 1675.5], [7915.5, 1675.5], [7917.0, 1674.0], [7920.0, 1674.0], [7921.5, 1672.5], [7923.0, 1672.5], [7923.0, 1671.0], [7924.5, 1669.5], [7924.5, 1668.0], [7929.0, 1663.5], [7930.5, 1663.5], [7933.5, 1660.5], [7935.0, 1660.5], [7938.0, 1657.5], [7939.5, 1657.5], [7942.5, 1654.5], [7944.0, 1654.5], [7962.0, 1636.5], [7965.0, 1636.5], [7966.5, 1635.0], [7969.5, 1635.0], [7971.0, 1633.5], [7972.5, 1633.5], [7975.5, 1630.5], [7977.0, 1630.5], [7981.5, 1626.0], [7983.0, 1626.0], [7986.0, 1623.0], [7986.0, 1621.5], [7987.5, 1620.0], [7987.5, 1618.5], [7992.0, 1614.0], [7992.0, 1612.5], [8001.0, 1603.5], [8001.0, 1600.5], [8002.5, 1599.0], [8002.5, 1597.5], [8004.0, 1596.0], [8004.0, 1594.5], [8014.5, 1584.0], [8014.5, 1582.5], [8019.0, 1578.0], [8019.0, 1576.5], [8020.5, 1575.0], [8020.5, 1573.5], [8022.0, 1572.0], [8022.0, 1570.5], [8023.5, 1569.0], [8023.5, 1564.5], [8025.0, 1563.0], [8025.0, 1560.0], [8026.5, 1558.5], [8026.5, 1555.5], [8028.0, 1554.0], [8028.0, 1552.5], [8029.5, 1551.0], [8029.5, 1549.5], [8031.0, 1548.0], [8031.0, 1545.0], [8032.5, 1543.5], [8032.5, 1536.0], [8017.5, 1536.0], [8017.5, 1539.0]]]}}, {"type": "Feature", "properties": {"class_id": 5, "classification": "Edge & Air Bubble", "area": 25.875}, "geometry": {"type": "Polygon", "coordinates": [[[20629.5, 1528.5], [20628.0, 1530.0], [20628.0, 1534.5], [20632.5, 1534.5], [20632.5, 1528.5], [20629.5, 1528.5]]]}}, {"type": "Feature", "properties": {"class_id": 5, "classification": "Edge & Air Bubble", "area": 27.0}, "geometry": {"type": "Polygon", "coordinates": [[[8122.5, 1527.0], [8121.0, 1528.5], [8119.5, 1528.5], [8118.0, 1530.0], [8118.0, 1531.5], [8122.5, 1531.5], [8124.0, 1530.0], [8127.0, 1530.0], [8127.0, 1528.5], [8125.5, 1527.0], [8122.5, 1527.0]]]}}, {"type": "Feature", "properties": {"class_id": 5, "classification": "Edge & Air Bubble", "area": 41.625}, "geometry": {"type": "Polygon", "coordinates": [[[26112.0, 1530.0], [26112.0, 1534.5], [26113.5, 1534.5], [26113.5, 1531.5], [26115.0, 1530.0], [26116.5, 1531.5], [26118.0, 1531.5], [26121.0, 1528.5], [26124.0, 1528.5], [26122.5, 1527.0], [26119.5, 1527.0], [26118.0, 1525.5], [26116.5, 1525.5], [26112.0, 1530.0]]]}}, {"type": "Feature", "properties": {"class_id": 5, "classification": "Edge & Air Bubble", "area": 248.625}, "geometry": {"type": "Polygon", "coordinates": [[[25425.0, 1515.0], [25423.5, 1516.5], [25422.0, 1516.5], [25420.5, 1518.0], [25419.0, 1518.0], [25414.5, 1522.5], [25414.5, 1524.0], [25413.0, 1525.5], [25413.0, 1527.0], [25417.5, 1531.5], [25417.5, 1533.0], [25419.0, 1534.5], [25423.5, 1534.5], [25423.5, 1533.0], [25429.5, 1527.0], [25432.5, 1527.0], [25434.0, 1525.5], [25434.0, 1522.5], [25429.5, 1518.0], [25429.5, 1516.5], [25428.0, 1515.0], [25425.0, 1515.0]]]}}, {"type": "Feature", "properties": {"class_id": 5, "classification": "Edge & Air Bubble", "area": 510.75}, "geometry": {"type": "Polygon", "coordinates": [[[11107.5, 1504.5], [11106.0, 1506.0], [11106.0, 1507.5], [11104.5, 1509.0], [11104.5, 1512.0], [11101.5, 1515.0], [11101.5, 1516.5], [11098.5, 1519.5], [11098.5, 1524.0], [11097.0, 1525.5], [11100.0, 1528.5], [11101.5, 1528.5], [11103.0, 1530.0], [11106.0, 1530.0], [11107.5, 1531.5], [11109.0, 1531.5], [11110.5, 1533.0], [11113.5, 1533.0], [11115.0, 1531.5], [11116.5, 1531.5], [11118.0, 1530.0], [11122.5, 1530.0], [11125.5, 1527.0], [11125.5, 1525.5], [11124.0, 1524.0], [11124.0, 1519.5], [11122.5, 1518.0], [11122.5, 1516.5], [11115.0, 1509.0], [11115.0, 1507.5], [11113.5, 1506.0], [11113.5, 1504.5], [11107.5, 1504.5]]]}}, {"type": "Feature", "properties": {"class_id": 5, "classification": "Edge & Air Bubble", "area": 504.0}, "geometry": {"type": "Polygon", "coordinates": [[[25393.5, 1501.5], [25390.5, 1504.5], [25389.0, 1504.5], [25387.5, 1506.0], [25387.5, 1507.5], [25384.5, 1510.5], [25384.5, 1513.5], [25383.0, 1515.0], [25383.0, 1521.0], [25381.5, 1522.5], [25381.5, 1527.0], [25384.5, 1527.0], [25386.0, 1528.5], [25393.5, 1528.5], [25395.0, 1527.0], [25396.5, 1527.0], [25398.0, 1525.5], [25398.0, 1522.5], [25401.0, 1519.5], [25402.5, 1519.5], [25408.5, 1513.5], [25408.5, 1507.5], [25402.5, 1501.5], [25393.5, 1501.5]]]}}, {"type": "Feature", "properties": {"class_id": 5, "classification": "Edge & Air Bubble", "area": 3847.5}, "geometry": {"type": "Polygon", "coordinates": [[[25891.5, 1497.0], [25890.0, 1498.5], [25887.0, 1498.5], [25882.5, 1503.0], [25882.5, 1509.0], [25878.0, 1513.5], [25876.5, 1513.5], [25873.5, 1516.5], [25873.5, 1522.5], [25872.0, 1524.0], [25872.0, 1525.5], [25870.5, 1527.0], [25870.5, 1528.5], [25872.0, 1530.0], [25885.5, 1530.0], [25890.0, 1534.5], [25999.5, 1534.5], [26002.5, 1531.5], [26004.0, 1531.5], [26005.5, 1530.0], [26014.5, 1530.0], [26016.0, 1531.5], [26020.5, 1531.5], [26022.0, 1533.0], [26025.0, 1533.0], [26028.0, 1530.0], [26029.5, 1530.0], [26031.0, 1528.5], [26032.5, 1528.5], [26034.0, 1527.0], [26034.0, 1525.5], [26031.0, 1522.5], [26031.0, 1519.5], [26017.5, 1519.5], [26016.0, 1518.0], [26014.5, 1518.0], [26013.0, 1516.5], [26010.0, 1516.5], [26008.5, 1518.0], [26007.0, 1518.0], [26005.5, 1519.5], [26001.0, 1519.5], [25999.5, 1518.0], [25999.5, 1516.5], [25996.5, 1513.5], [25995.0, 1513.5], [25993.5, 1512.0], [25990.5, 1512.0], [25989.0, 1510.5], [25972.5, 1510.5], [25971.0, 1509.0], [25968.0, 1509.0], [25966.5, 1507.5], [25948.5, 1507.5], [25947.0, 1509.0], [25944.0, 1509.0], [25942.5, 1510.5], [25939.5, 1510.5], [25938.0, 1509.0], [25935.0, 1509.0], [25933.5, 1507.5], [25930.5, 1507.5], [25929.0, 1506.0], [25924.5, 1506.0], [25923.0, 1504.5], [25920.0, 1504.5], [25917.0, 1501.5], [25914.0, 1501.5], [25912.5, 1500.0], [25911.0, 1500.0], [25909.5, 1501.5], [25900.5, 1501.5], [25899.0, 1500.0], [25897.5, 1500.0], [25896.0, 1498.5], [25893.0, 1498.5], [25891.5, 1497.0]]]}}, {"type": "Feature", "properties": {"class_id": 5, "classification": "Edge & Air Bubble", "area": 883.125}, "geometry": {"type": "Polygon", "coordinates": [[[8394.0, 1494.0], [8394.0, 1498.5], [8395.5, 1500.0], [8394.0, 1501.5], [8394.0, 1504.5], [8392.5, 1506.0], [8392.5, 1509.0], [8391.0, 1510.5], [8391.0, 1512.0], [8389.5, 1513.5], [8389.5, 1515.0], [8386.5, 1518.0], [8386.5, 1521.0], [8388.0, 1522.5], [8388.0, 1524.0], [8389.5, 1525.5], [8391.0, 1525.5], [8392.5, 1527.0], [8394.0, 1527.0], [8395.5, 1528.5], [8397.0, 1528.5], [8400.0, 1531.5], [8400.0, 1533.0], [8401.5, 1534.5], [8425.5, 1534.5], [8425.5, 1533.0], [8424.0, 1531.5], [8425.5, 1530.0], [8425.5, 1528.5], [8427.0, 1527.0], [8427.0, 1519.5], [8425.5, 1518.0], [8425.5, 1516.5], [8422.5, 1513.5], [8415.0, 1513.5], [8413.5, 1512.0], [8412.0, 1512.0], [8410.5, 1510.5], [8407.5, 1510.5], [8406.0, 1509.0], [8404.5, 1509.0], [8403.0, 1507.5], [8401.5, 1507.5], [8400.0, 1506.0], [8400.0, 1504.5], [8398.5, 1503.0], [8398.5, 1497.0], [8397.0, 1495.5], [8397.0, 1494.0], [8394.0, 1494.0]]]}}, {"type": "Feature", "properties": {"class_id": 5, "classification": "Edge & Air Bubble", "area": 2730.375}, "geometry": {"type": "Polygon", "coordinates": [[[25690.5, 1489.5], [25689.0, 1491.0], [25686.0, 1491.0], [25684.5, 1492.5], [25683.0, 1492.5], [25681.5, 1494.0], [25678.5, 1494.0], [25677.0, 1495.5], [25675.5, 1495.5], [25674.0, 1497.0], [25672.5, 1497.0], [25671.0, 1498.5], [25668.0, 1498.5], [25663.5, 1503.0], [25662.0, 1503.0], [25659.0, 1506.0], [25656.0, 1506.0], [25651.5, 1510.5], [25651.5, 1512.0], [25653.0, 1513.5], [25653.0, 1518.0], [25654.5, 1519.5], [25654.5, 1525.5], [25653.0, 1527.0], [25653.0, 1530.0], [25654.5, 1531.5], [25654.5, 1534.5], [25729.5, 1534.5], [25728.0, 1533.0], [25728.0, 1530.0], [25729.5, 1528.5], [25729.5, 1524.0], [25728.0, 1522.5], [25728.0, 1521.0], [25725.0, 1518.0], [25725.0, 1516.5], [25723.5, 1515.0], [25723.5, 1513.5], [25722.0, 1512.0], [25722.0, 1510.5], [25720.5, 1509.0], [25720.5, 1504.5], [25719.0, 1503.0], [25719.0, 1501.5], [25710.0, 1492.5], [25702.5, 1492.5], [25701.0, 1491.0], [25699.5, 1491.0], [25698.0, 1489.5], [25690.5, 1489.5]]]}}, {"type": "Feature", "properties": {"class_id": 5, "classification": "Edge & Air Bubble", "area": 1.125}, "geometry": {"type": "Polygon", "coordinates": [[[11119.5, 1491.0], [11121.0, 1489.5], [11119.5, 1489.5], [11119.5, 1491.0]]]}}, {"type": "Feature", "properties": {"class_id": 5, "classification": "Edge & Air Bubble", "area": 1623.375}, "geometry": {"type": "Polygon", "coordinates": [[[25461.0, 1488.0], [25459.5, 1489.5], [25458.0, 1489.5], [25453.5, 1494.0], [25453.5, 1495.5], [25443.0, 1506.0], [25441.5, 1506.0], [25440.0, 1507.5], [25435.5, 1507.5], [25434.0, 1509.0], [25435.5, 1510.5], [25443.0, 1510.5], [25444.5, 1512.0], [25446.0, 1512.0], [25447.5, 1513.5], [25449.0, 1513.5], [25455.0, 1519.5], [25456.5, 1519.5], [25459.5, 1522.5], [25459.5, 1525.5], [25462.5, 1528.5], [25465.5, 1528.5], [25467.0, 1530.0], [25470.0, 1530.0], [25474.5, 1534.5], [25495.5, 1534.5], [25497.0, 1533.0], [25495.5, 1531.5], [25497.0, 1530.0], [25495.5, 1528.5], [25495.5, 1525.5], [25494.0, 1524.0], [25494.0, 1522.5], [25485.0, 1513.5], [25485.0, 1509.0], [25486.5, 1507.5], [25486.5, 1506.0], [25488.0, 1504.5], [25488.0, 1501.5], [25489.5, 1500.0], [25489.5, 1497.0], [25488.0, 1495.5], [25488.0, 1494.0], [25486.5, 1494.0], [25485.0, 1492.5], [25482.0, 1492.5], [25480.5, 1491.0], [25476.0, 1491.0], [25474.5, 1489.5], [25471.5, 1489.5], [25470.0, 1488.0], [25461.0, 1488.0]]]}}, {"type": "Feature", "properties": {"class_id": 5, "classification": "Edge & Air Bubble", "area": 5187.375}, "geometry": {"type": "Polygon", "coordinates": [[[8287.5, 1483.5], [8286.0, 1485.0], [8286.0, 1486.5], [8284.5, 1488.0], [8284.5, 1491.0], [8281.5, 1494.0], [8280.0, 1494.0], [8272.5, 1486.5], [8266.5, 1486.5], [8263.5, 1489.5], [8262.0, 1489.5], [8257.5, 1494.0], [8254.5, 1494.0], [8251.5, 1491.0], [8250.0, 1491.0], [8248.5, 1489.5], [8244.0, 1489.5], [8242.5, 1491.0], [8242.5, 1492.5], [8244.0, 1494.0], [8244.0, 1497.0], [8241.0, 1500.0], [8233.5, 1500.0], [8232.0, 1501.5], [8229.0, 1501.5], [8227.5, 1503.0], [8208.0, 1503.0], [8206.5, 1501.5], [8205.0, 1501.5], [8202.0, 1504.5], [8203.5, 1506.0], [8203.5, 1516.5], [8197.5, 1522.5], [8194.5, 1522.5], [8193.0, 1524.0], [8188.5, 1524.0], [8187.0, 1525.5], [8185.5, 1525.5], [8184.0, 1527.0], [8182.5, 1527.0], [8181.0, 1528.5], [8179.5, 1528.5], [8178.0, 1530.0], [8176.5, 1530.0], [8175.0, 1531.5], [8176.5, 1533.0], [8176.5, 1534.5], [8320.5, 1534.5], [8325.0, 1530.0], [8328.0, 1530.0], [8329.5, 1528.5], [8332.5, 1528.5], [8334.0, 1527.0], [8335.5, 1527.0], [8335.5, 1524.0], [8334.0, 1522.5], [8334.0, 1521.0], [8331.0, 1518.0], [8329.5, 1518.0], [8328.0, 1516.5], [8326.5, 1516.5], [8319.0, 1509.0], [8319.0, 1507.5], [8313.0, 1501.5], [8313.0, 1500.0], [8311.5, 1498.5], [8311.5, 1492.5], [8308.5, 1489.5], [8308.5, 1488.0], [8307.0, 1486.5], [8307.0, 1485.0], [8296.5, 1485.0], [8295.0, 1483.5], [8287.5, 1483.5]]]}}, {"type": "Feature", "properties": {"class_id": 5, "classification": "Edge & Air Bubble", "area": 76.5}, "geometry": {"type": "Polygon", "coordinates": [[[19302.0, 1471.5], [19300.5, 1473.0], [19299.0, 1473.0], [19299.0, 1474.5], [19297.5, 1476.0], [19297.5, 1477.5], [19299.0, 1479.0], [19302.0, 1479.0], [19303.5, 1480.5], [19305.0, 1480.5], [19306.5, 1479.0], [19308.0, 1479.0], [19309.5, 1477.5], [19309.5, 1474.5], [19308.0, 1473.0], [19306.5, 1473.0], [19305.0, 1471.5], [19302.0, 1471.5]]]}}, {"type": "Feature", "properties": {"class_id": 5, "classification": "Edge & Air Bubble", "area": 6.75}, "geometry": {"type": "Polygon", "coordinates": [[[19672.5, 1425.0], [19671.0, 1426.5], [19672.5, 1428.0], [19674.0, 1426.5], [19675.5, 1426.5], [19674.0, 1425.0], [19672.5, 1425.0]]]}}, {"type": "Feature", "properties": {"class_id": 5, "classification": "Edge & Air Bubble", "area": 2745.0}, "geometry": {"type": "Polygon", "coordinates": [[[11692.5, 1405.5], [11692.5, 1407.0], [11691.0, 1408.5], [11689.5, 1407.0], [11683.5, 1407.0], [11682.0, 1408.5], [11680.5, 1408.5], [11680.5, 1410.0], [11679.0, 1411.5], [11679.0, 1413.0], [11677.5, 1414.5], [11677.5, 1416.0], [11676.0, 1417.5], [11671.5, 1417.5], [11668.5, 1420.5], [11667.0, 1420.5], [11664.0, 1423.5], [11661.0, 1423.5], [11658.0, 1426.5], [11655.0, 1426.5], [11653.5, 1428.0], [11653.5, 1429.5], [11652.0, 1431.0], [11647.5, 1431.0], [11646.0, 1432.5], [11635.5, 1432.5], [11634.0, 1431.0], [11632.5, 1431.0], [11631.0, 1429.5], [11617.5, 1429.5], [11616.0, 1428.0], [11614.5, 1428.0], [11613.0, 1426.5], [11611.5, 1426.5], [11611.5, 1428.0], [11610.0, 1429.5], [11610.0, 1435.5], [11613.0, 1438.5], [11614.5, 1438.5], [11623.5, 1447.5], [11623.5, 1449.0], [11629.5, 1455.0], [11631.0, 1455.0], [11632.5, 1456.5], [11634.0, 1456.5], [11635.5, 1458.0], [11637.0, 1458.0], [11638.5, 1459.5], [11640.0, 1458.0], [11643.0, 1458.0], [11644.5, 1456.5], [11646.0, 1456.5], [11647.5, 1455.0], [11650.5, 1455.0], [11652.0, 1453.5], [11658.0, 1453.5], [11659.5, 1452.0], [11661.0, 1452.0], [11662.5, 1450.5], [11674.5, 1450.5], [11676.0, 1449.0], [11682.0, 1449.0], [11683.5, 1447.5], [11688.0, 1447.5], [11689.5, 1446.0], [11691.0, 1446.0], [11692.5, 1444.5], [11694.0, 1444.5], [11700.0, 1438.5], [11701.5, 1438.5], [11706.0, 1434.0], [11706.0, 1432.5], [11707.5, 1431.0], [11707.5, 1429.5], [11709.0, 1428.0], [11709.0, 1425.0], [11713.5, 1420.5], [11716.5, 1420.5], [11718.0, 1419.0], [11718.0, 1417.5], [11713.5, 1413.0], [11710.5, 1413.0], [11709.0, 1411.5], [11704.5, 1411.5], [11703.0, 1410.0], [11701.5, 1410.0], [11698.5, 1407.0], [11697.0, 1407.0], [11695.5, 1405.5], [11692.5, 1405.5]]]}}, {"type": "Feature", "properties": {"class_id": 5, "classification": "Edge & Air Bubble", "area": 61.875}, "geometry": {"type": "Polygon", "coordinates": [[[11674.5, 1392.0], [11674.5, 1395.0], [11673.0, 1396.5], [11673.0, 1398.0], [11676.0, 1401.0], [11682.0, 1401.0], [11682.0, 1399.5], [11683.5, 1398.0], [11683.5, 1396.5], [11682.0, 1395.0], [11680.5, 1395.0], [11679.0, 1393.5], [11676.0, 1393.5], [11674.5, 1392.0]]]}}, {"type": "Feature", "properties": {"class_id": 5, "classification": "Edge & Air Bubble", "area": 418.5}, "geometry": {"type": "Polygon", "coordinates": [[[11626.5, 1387.5], [11625.0, 1387.5], [11623.5, 1389.0], [11622.0, 1389.0], [11620.5, 1390.5], [11617.5, 1390.5], [11613.0, 1395.0], [11613.0, 1398.0], [11611.5, 1399.5], [11611.5, 1405.5], [11610.0, 1407.0], [11617.5, 1407.0], [11620.5, 1404.0], [11622.0, 1404.0], [11623.5, 1402.5], [11625.0, 1402.5], [11626.5, 1401.0], [11629.5, 1401.0], [11631.0, 1399.5], [11632.5, 1399.5], [11634.0, 1398.0], [11637.0, 1398.0], [11640.0, 1395.0], [11643.0, 1395.0], [11646.0, 1392.0], [11656.5, 1392.0], [11658.0, 1390.5], [11646.0, 1390.5], [11644.5, 1389.0], [11640.0, 1389.0], [11638.5, 1387.5], [11634.0, 1387.5], [11632.5, 1386.0], [11631.0, 1386.0], [11629.5, 1384.5], [11626.5, 1387.5]]]}}, {"type": "Feature", "properties": {"class_id": 5, "classification": "Edge & Air Bubble", "area": 59.625}, "geometry": {"type": "Polygon", "coordinates": [[[11859.0, 1087.5], [11863.5, 1092.0], [11865.0, 1092.0], [11868.0, 1095.0], [11869.5, 1095.0], [11871.0, 1093.5], [11872.5, 1093.5], [11874.0, 1092.0], [11875.5, 1092.0], [11875.5, 1090.5], [11874.0, 1090.5], [11872.5, 1089.0], [11865.0, 1089.0], [11863.5, 1087.5], [11859.0, 1087.5]]]}}, {"type": "Feature", "properties": {"class_id": 5, "classification": "Edge & Air Bubble", "area": 1.125}, "geometry": {"type": "Polygon", "coordinates": [[[11506.5, 1083.0], [11508.0, 1081.5], [11506.5, 1081.5], [11506.5, 1083.0]]]}}, {"type": "Feature", "properties": {"class_id": 5, "classification": "Edge & Air Bubble", "area": 110.25}, "geometry": {"type": "Polygon", "coordinates": [[[12264.0, 1077.0], [12262.5, 1078.5], [12259.5, 1078.5], [12258.0, 1080.0], [12250.5, 1080.0], [12249.0, 1081.5], [12247.5, 1081.5], [12247.5, 1083.0], [12250.5, 1086.0], [12252.0, 1086.0], [12253.5, 1087.5], [12255.0, 1087.5], [12256.5, 1086.0], [12259.5, 1086.0], [12261.0, 1084.5], [12262.5, 1084.5], [12265.5, 1081.5], [12265.5, 1080.0], [12268.5, 1077.0], [12264.0, 1077.0]]]}}, {"type": "Feature", "properties": {"class_id": 5, "classification": "Edge & Air Bubble", "area": 6.75}, "geometry": {"type": "Polygon", "coordinates": [[[10851.0, 1071.0], [10852.5, 1072.5], [10855.5, 1072.5], [10857.0, 1071.0], [10851.0, 1071.0]]]}}, {"type": "Feature", "properties": {"class_id": 5, "classification": "Edge & Air Bubble", "area": 19.125}, "geometry": {"type": "Polygon", "coordinates": [[[12199.5, 1068.0], [12202.5, 1068.0], [12204.0, 1069.5], [12207.0, 1069.5], [12210.0, 1072.5], [12210.0, 1071.0], [12205.5, 1066.5], [12201.0, 1066.5], [12199.5, 1068.0]]]}}, {"type": "Feature", "properties": {"class_id": 5, "classification": "Edge & Air Bubble", "area": 254.25}, "geometry": {"type": "Polygon", "coordinates": [[[11214.0, 1054.5], [11217.0, 1054.5], [11218.5, 1056.0], [11220.0, 1056.0], [11221.5, 1057.5], [11223.0, 1057.5], [11226.0, 1060.5], [11227.5, 1060.5], [11230.5, 1063.5], [11232.0, 1063.5], [11233.5, 1065.0], [11238.0, 1065.0], [11239.5, 1066.5], [11247.0, 1066.5], [11248.5, 1068.0], [11248.5, 1066.5], [11247.0, 1065.0], [11247.0, 1063.5], [11245.5, 1062.0], [11245.5, 1060.5], [11242.5, 1057.5], [11242.5, 1056.0], [11239.5, 1053.0], [11212.5, 1053.0], [11214.0, 1054.5]]]}}, {"type": "Feature", "properties": {"class_id": 5, "classification": "Edge & Air Bubble", "area": 54.0}, "geometry": {"type": "Polygon", "coordinates": [[[16959.0, 1047.0], [16957.5, 1048.5], [16954.5, 1048.5], [16953.0, 1050.0], [16950.0, 1050.0], [16950.0, 1051.5], [16953.0, 1051.5], [16954.5, 1053.0], [16957.5, 1053.0], [16959.0, 1051.5], [16960.5, 1051.5], [16962.0, 1050.0], [16963.5, 1050.0], [16965.0, 1048.5], [16968.0, 1048.5], [16968.0, 1047.0], [16959.0, 1047.0]]]}}, {"type": "Feature", "properties": {"class_id": 5, "classification": "Edge & Air Bubble", "area": 373051.125}, "geometry": {"type": "Polygon", "coordinates": [[[18750.0, 1047.0], [18748.5, 1048.5], [18747.0, 1048.5], [18744.0, 1051.5], [18732.0, 1051.5], [18730.5, 1053.0], [18729.0, 1053.0], [18727.5, 1051.5], [18723.0, 1051.5], [18721.5, 1053.0], [18720.0, 1053.0], [18718.5, 1054.5], [18717.0, 1054.5], [18715.5, 1053.0], [18709.5, 1053.0], [18708.0, 1054.5], [18702.0, 1054.5], [18700.5, 1056.0], [18696.0, 1056.0], [18694.5, 1057.5], [18694.5, 1059.0], [18693.0, 1060.5], [18675.0, 1060.5], [18673.5, 1062.0], [18663.0, 1062.0], [18661.5, 1063.5], [18652.5, 1063.5], [18651.0, 1065.0], [18649.5, 1065.0], [18648.0, 1063.5], [18645.0, 1063.5], [18643.5, 1065.0], [18642.0, 1065.0], [18640.5, 1063.5], [18631.5, 1063.5], [18631.5, 1065.0], [18630.0, 1066.5], [18627.0, 1066.5], [18627.0, 1069.5], [18625.5, 1071.0], [18622.5, 1071.0], [18621.0, 1072.5], [18622.5, 1074.0], [18621.0, 1075.5], [18619.5, 1075.5], [18612.0, 1068.0], [18609.0, 1068.0], [18609.0, 1069.5], [18606.0, 1072.5], [18606.0, 1074.0], [18604.5, 1075.5], [18603.0, 1075.5], [18601.5, 1077.0], [18600.0, 1077.0], [18598.5, 1078.5], [18595.5, 1078.5], [18592.5, 1075.5], [18591.0, 1075.5], [18588.0, 1078.5], [18586.5, 1078.5], [18583.5, 1075.5], [18573.0, 1075.5], [18571.5, 1074.0], [18571.5, 1072.5], [18570.0, 1071.0], [18570.0, 1066.5], [18565.5, 1066.5], [18562.5, 1063.5], [18559.5, 1063.5], [18558.0, 1065.0], [18556.5, 1065.0], [18555.0, 1066.5], [18553.5, 1066.5], [18550.5, 1069.5], [18537.0, 1069.5], [18534.0, 1072.5], [18532.5, 1071.0], [18531.0, 1071.0], [18529.5, 1072.5], [18528.0, 1072.5], [18523.5, 1077.0], [18522.0, 1077.0], [18520.5, 1078.5], [18519.0, 1078.5], [18517.5, 1077.0], [18513.0, 1077.0], [18513.0, 1081.5], [18511.5, 1083.0], [18510.0, 1083.0], [18508.5, 1084.5], [18507.0, 1084.5], [18507.0, 1086.0], [18505.5, 1087.5], [18505.5, 1090.5], [18504.0, 1092.0], [18502.5, 1090.5], [18495.0, 1090.5], [18493.5, 1089.0], [18489.0, 1089.0], [18487.5, 1087.5], [18483.0, 1087.5], [18481.5, 1086.0], [18478.5, 1086.0], [18477.0, 1084.5], [18471.0, 1084.5], [18469.5, 1083.0], [18468.0, 1083.0], [18466.5, 1081.5], [18465.0, 1081.5], [18462.0, 1078.5], [18460.5, 1078.5], [18459.0, 1080.0], [18453.0, 1080.0], [18450.0, 1077.0], [18447.0, 1077.0], [18445.5, 1078.5], [18432.0, 1078.5], [18432.0, 1534.5], [19129.5, 1534.5], [19129.5, 1533.0], [19128.0, 1531.5], [19128.0, 1530.0], [19126.5, 1528.5], [19126.5, 1527.0], [19125.0, 1525.5], [19123.5, 1525.5], [19122.0, 1524.0], [19120.5, 1524.0], [19116.0, 1519.5], [19116.0, 1518.0], [19114.5, 1516.5], [19114.5, 1515.0], [19113.0, 1513.5], [19113.0, 1510.5], [19119.0, 1504.5], [19119.0, 1503.0], [19120.5, 1501.5], [19120.5, 1500.0], [19123.5, 1497.0], [19123.5, 1495.5], [19128.0, 1491.0], [19129.5, 1491.0], [19135.5, 1485.0], [19137.0, 1485.0], [19137.0, 1483.5], [19141.5, 1479.0], [19143.0, 1479.0], [19144.5, 1477.5], [19146.0, 1477.5], [19147.5, 1479.0], [19149.0, 1479.0], [19150.5, 1480.5], [19152.0, 1480.5], [19156.5, 1485.0], [19158.0, 1485.0], [19159.5, 1486.5], [19165.5, 1486.5], [19167.0, 1485.0], [19167.0, 1483.5], [19168.5, 1482.0], [19168.5, 1480.5], [19170.0, 1479.0], [19170.0, 1456.5], [19176.0, 1450.5], [19182.0, 1450.5], [19183.5, 1452.0], [19185.0, 1452.0], [19192.5, 1459.5], [19192.5, 1458.0], [19194.0, 1456.5], [19194.0, 1453.5], [19197.0, 1450.5], [19198.5, 1450.5], [19198.5, 1107.0], [19200.0, 1105.5], [19204.5, 1110.0], [19207.5, 1107.0], [19207.5, 1105.5], [19209.0, 1104.0], [19213.5, 1104.0], [19219.5, 1110.0], [19219.5, 1111.5], [19224.0, 1116.0], [19227.0, 1116.0], [19228.5, 1117.5], [19230.0, 1117.5], [19231.5, 1119.0], [19234.5, 1119.0], [19236.0, 1120.5], [19242.0, 1120.5], [19243.5, 1122.0], [19245.0, 1122.0], [19246.5, 1123.5], [19248.0, 1123.5], [19249.5, 1125.0], [19249.5, 1126.5], [19261.5, 1138.5], [19263.0, 1138.5], [19264.5, 1140.0], [19267.5, 1140.0], [19269.0, 1141.5], [19272.0, 1141.5], [19273.5, 1143.0], [19275.0, 1143.0], [19278.0, 1146.0], [19281.0, 1146.0], [19282.5, 1147.5], [19284.0, 1147.5], [19288.5, 1152.0], [19288.5, 1153.5], [19290.0, 1155.0], [19290.0, 1159.5], [19291.5, 1161.0], [19291.5, 1165.5], [19293.0, 1167.0], [19293.0, 1168.5], [19291.5, 1170.0], [19291.5, 1173.0], [19293.0, 1174.5], [19293.0, 1177.5], [19294.5, 1179.0], [19294.5, 1180.5], [19296.0, 1182.0], [19296.0, 1183.5], [19300.5, 1188.0], [19309.5, 1188.0], [19311.0, 1189.5], [19317.0, 1189.5], [19318.5, 1191.0], [19320.0, 1191.0], [19321.5, 1192.5], [19323.0, 1192.5], [19324.5, 1194.0], [19326.0, 1194.0], [19327.5, 1195.5], [19330.5, 1195.5], [19332.0, 1197.0], [19336.5, 1197.0], [19338.0, 1198.5], [19339.5, 1198.5], [19341.0, 1200.0], [19342.5, 1200.0], [19344.0, 1201.5], [19345.5, 1201.5], [19347.0, 1203.0], [19357.5, 1203.0], [19359.0, 1201.5], [19363.5, 1201.5], [19365.0, 1200.0], [19371.0, 1200.0], [19375.5, 1195.5], [19375.5, 1194.0], [19378.5, 1191.0], [19378.5, 1189.5], [19380.0, 1188.0], [19380.0, 1177.5], [19383.0, 1174.5], [19383.0, 1173.0], [19384.5, 1171.5], [19384.5, 1164.0], [19386.0, 1162.5], [19386.0, 1161.0], [19387.5, 1159.5], [19387.5, 1155.0], [19389.0, 1153.5], [19389.0, 1152.0], [19390.5, 1150.5], [19390.5, 1143.0], [19392.0, 1141.5], [19392.0, 1122.0], [19393.5, 1120.5], [19393.5, 1117.5], [19395.0, 1116.0], [19395.0, 1113.0], [19392.0, 1110.0], [19392.0, 1108.5], [19390.5, 1108.5], [19389.0, 1107.0], [19387.5, 1108.5], [19384.5, 1108.5], [19383.0, 1110.0], [19381.5, 1110.0], [19380.0, 1111.5], [19380.0, 1120.5], [19378.5, 1122.0], [19377.0, 1122.0], [19375.5, 1123.5], [19374.0, 1123.5], [19371.0, 1120.5], [19371.0, 1119.0], [19369.5, 1117.5], [19371.0, 1116.0], [19371.0, 1113.0], [19372.5, 1111.5], [19372.5, 1107.0], [19371.0, 1105.5], [19371.0, 1102.5], [19368.0, 1099.5], [19368.0, 1093.5], [19371.0, 1090.5], [19383.0, 1090.5], [19383.0, 1089.0], [19384.5, 1087.5], [19384.5, 1084.5], [19383.0, 1083.0], [19383.0, 1081.5], [19381.5, 1080.0], [19380.0, 1080.0], [19378.5, 1078.5], [19377.0, 1078.5], [19374.0, 1075.5], [19374.0, 1074.0], [19372.5, 1072.5], [19372.5, 1069.5], [19371.0, 1068.0], [19371.0, 1063.5], [19375.5, 1059.0], [19377.0, 1059.0], [19378.5, 1057.5], [19378.5, 1054.5], [19372.5, 1054.5], [19371.0, 1053.0], [19353.0, 1053.0], [19351.5, 1051.5], [19345.5, 1051.5], [19344.0, 1050.0], [19341.0, 1050.0], [19339.5, 1051.5], [19338.0, 1051.5], [19338.0, 1053.0], [19336.5, 1054.5], [19335.0, 1054.5], [19335.0, 1056.0], [19332.0, 1059.0], [19323.0, 1059.0], [19321.5, 1057.5], [19320.0, 1057.5], [19320.0, 1060.5], [19318.5, 1062.0], [19314.0, 1062.0], [19312.5, 1060.5], [19311.0, 1060.5], [19309.5, 1059.0], [19306.5, 1059.0], [19305.0, 1060.5], [19299.0, 1060.5], [19297.5, 1059.0], [19288.5, 1059.0], [19287.0, 1060.5], [19284.0, 1057.5], [19278.0, 1057.5], [19273.5, 1062.0], [19272.0, 1062.0], [19270.5, 1063.5], [19267.5, 1063.5], [19264.5, 1066.5], [19257.0, 1066.5], [19255.5, 1065.0], [19252.5, 1065.0], [19249.5, 1062.0], [19248.0, 1062.0], [19246.5, 1060.5], [19246.5, 1059.0], [19245.0, 1059.0], [19243.5, 1057.5], [19240.5, 1057.5], [19237.5, 1060.5], [19236.0, 1060.5], [19233.0, 1063.5], [19224.0, 1063.5], [19222.5, 1065.0], [19221.0, 1065.0], [19219.5, 1066.5], [19212.0, 1066.5], [19210.5, 1068.0], [19206.0, 1068.0], [19204.5, 1066.5], [19200.0, 1066.5], [19198.5, 1065.0], [19198.5, 1063.5], [19197.0, 1065.0], [19194.0, 1065.0], [19192.5, 1066.5], [19177.5, 1066.5], [19176.0, 1068.0], [19174.5, 1068.0], [19173.0, 1069.5], [19171.5, 1068.0], [19170.0, 1069.5], [19168.5, 1069.5], [19167.0, 1068.0], [19156.5, 1068.0], [19155.0, 1066.5], [19149.0, 1066.5], [19147.5, 1068.0], [19146.0, 1068.0], [19144.5, 1069.5], [19144.5, 1071.0], [19143.0, 1072.5], [19140.0, 1072.5], [19138.5, 1074.0], [19137.0, 1074.0], [19132.5, 1069.5], [19126.5, 1069.5], [19125.0, 1071.0], [19123.5, 1071.0], [19119.0, 1066.5], [19116.0, 1066.5], [19116.0, 1068.0], [19114.5, 1069.5], [19113.0, 1069.5], [19111.5, 1068.0], [19111.5, 1066.5], [19110.0, 1066.5], [19108.5, 1065.0], [19107.0, 1065.0], [19105.5, 1063.5], [19104.0, 1063.5], [19102.5, 1065.0], [19101.0, 1065.0], [19099.5, 1063.5], [19092.0, 1063.5], [19090.5, 1065.0], [19089.0, 1065.0], [19087.5, 1063.5], [19078.5, 1063.5], [19075.5, 1066.5], [19065.0, 1066.5], [19063.5, 1065.0], [19062.0, 1065.0], [19060.5, 1063.5], [19056.0, 1063.5], [19054.5, 1062.0], [19053.0, 1062.0], [19051.5, 1060.5], [19048.5, 1060.5], [19047.0, 1062.0], [19045.5, 1062.0], [19042.5, 1059.0], [19042.5, 1057.5], [19038.0, 1057.5], [19036.5, 1059.0], [19035.0, 1059.0], [19033.5, 1060.5], [19032.0, 1060.5], [19032.0, 1062.0], [19030.5, 1063.5], [19029.0, 1063.5], [19027.5, 1065.0], [19020.0, 1065.0], [19018.5, 1063.5], [19017.0, 1063.5], [19015.5, 1062.0], [19009.5, 1062.0], [19008.0, 1063.5], [19006.5, 1062.0], [19006.5, 1060.5], [18994.5, 1060.5], [18993.0, 1062.0], [18991.5, 1062.0], [18990.0, 1063.5], [18981.0, 1063.5], [18979.5, 1065.0], [18976.5, 1065.0], [18973.5, 1062.0], [18973.5, 1060.5], [18964.5, 1060.5], [18963.0, 1062.0], [18960.0, 1062.0], [18957.0, 1065.0], [18955.5, 1065.0], [18954.0, 1066.5], [18951.0, 1063.5], [18949.5, 1063.5], [18946.5, 1066.5], [18945.0, 1065.0], [18943.5, 1065.0], [18943.5, 1066.5], [18942.0, 1068.0], [18940.5, 1068.0], [18939.0, 1066.5], [18936.0, 1066.5], [18934.5, 1065.0], [18931.5, 1065.0], [18930.0, 1063.5], [18915.0, 1063.5], [18913.5, 1062.0], [18912.0, 1062.0], [18910.5, 1060.5], [18900.0, 1060.5], [18898.5, 1062.0], [18897.0, 1062.0], [18895.5, 1060.5], [18894.0, 1060.5], [18892.5, 1062.0], [18891.0, 1062.0], [18888.0, 1065.0], [18883.5, 1065.0], [18882.0, 1063.5], [18880.5, 1063.5], [18879.0, 1065.0], [18876.0, 1065.0], [18874.5, 1066.5], [18873.0, 1065.0], [18868.5, 1065.0], [18867.0, 1066.5], [18861.0, 1066.5], [18859.5, 1065.0], [18859.5, 1062.0], [18858.0, 1062.0], [18856.5, 1060.5], [18853.5, 1060.5], [18852.0, 1059.0], [18847.5, 1059.0], [18846.0, 1060.5], [18841.5, 1056.0], [18841.5, 1054.5], [18837.0, 1054.5], [18834.0, 1057.5], [18834.0, 1059.0], [18832.5, 1060.5], [18826.5, 1060.5], [18825.0, 1062.0], [18823.5, 1060.5], [18822.0, 1060.5], [18819.0, 1057.5], [18801.0, 1057.5], [18799.5, 1059.0], [18798.0, 1059.0], [18796.5, 1057.5], [18790.5, 1057.5], [18789.0, 1056.0], [18781.5, 1056.0], [18780.0, 1057.5], [18774.0, 1057.5], [18772.5, 1056.0], [18772.5, 1054.5], [18771.0, 1053.0], [18768.0, 1053.0], [18766.5, 1051.5], [18765.0, 1051.5], [18762.0, 1048.5], [18760.5, 1050.0], [18759.0, 1050.0], [18757.5, 1048.5], [18756.0, 1048.5], [18754.5, 1047.0], [18754.5, 1045.5], [18750.0, 1045.5], [18750.0, 1047.0]]]}}, {"type": "Feature", "properties": {"class_id": 5, "classification": "Edge & Air Bubble", "area": 85.5}, "geometry": {"type": "Polygon", "coordinates": [[[12339.0, 1045.5], [12337.5, 1047.0], [12337.5, 1048.5], [12340.5, 1051.5], [12355.5, 1051.5], [12355.5, 1050.0], [12352.5, 1047.0], [12348.0, 1047.0], [12346.5, 1045.5], [12339.0, 1045.5]]]}}, {"type": "Feature", "properties": {"class_id": 5, "classification": "Edge & Air Bubble", "area": 85.5}, "geometry": {"type": "Polygon", "coordinates": [[[20203.5, 1036.5], [20200.5, 1039.5], [20200.5, 1044.0], [20205.0, 1048.5], [20206.5, 1048.5], [20208.0, 1047.0], [20209.5, 1047.0], [20209.5, 1039.5], [20206.5, 1036.5], [20203.5, 1036.5]]]}}, {"type": "Feature", "properties": {"class_id": 5, "classification": "Edge & Air Bubble", "area": 389583.0}, "geometry": {"type": "Polygon", "coordinates": [[[20730.0, 1000.5], [20727.0, 1003.5], [20722.5, 1003.5], [20721.0, 1005.0], [20716.5, 1005.0], [20715.0, 1006.5], [20712.0, 1006.5], [20710.5, 1008.0], [20709.0, 1008.0], [20707.5, 1009.5], [20706.0, 1009.5], [20704.5, 1011.0], [20703.0, 1011.0], [20701.5, 1012.5], [20698.5, 1012.5], [20694.0, 1008.0], [20688.0, 1008.0], [20686.5, 1006.5], [20685.0, 1006.5], [20683.5, 1005.0], [20680.5, 1005.0], [20680.5, 1008.0], [20682.0, 1009.5], [20682.0, 1011.0], [20683.5, 1011.0], [20686.5, 1014.0], [20686.5, 1015.5], [20683.5, 1018.5], [20682.0, 1018.5], [20682.0, 1020.0], [20680.5, 1021.5], [20679.0, 1021.5], [20679.0, 1023.0], [20677.5, 1024.5], [20637.0, 1024.5], [20635.5, 1026.0], [20634.0, 1026.0], [20632.5, 1027.5], [20631.0, 1027.5], [20628.0, 1030.5], [20626.5, 1030.5], [20625.0, 1032.0], [20622.0, 1032.0], [20620.5, 1033.5], [20611.5, 1033.5], [20610.0, 1035.0], [20607.0, 1035.0], [20604.0, 1038.0], [20602.5, 1038.0], [20601.0, 1039.5], [20599.5, 1039.5], [20598.0, 1041.0], [20593.5, 1041.0], [20592.0, 1042.5], [20581.5, 1042.5], [20580.0, 1044.0], [20577.0, 1044.0], [20575.5, 1045.5], [20574.0, 1045.5], [20572.5, 1047.0], [20571.0, 1047.0], [20569.5, 1048.5], [20568.0, 1048.5], [20566.5, 1050.0], [20563.5, 1050.0], [20562.0, 1048.5], [20557.5, 1048.5], [20556.0, 1047.0], [20554.5, 1047.0], [20553.0, 1045.5], [20551.5, 1047.0], [20544.0, 1047.0], [20542.5, 1045.5], [20529.0, 1045.5], [20527.5, 1047.0], [20526.0, 1047.0], [20524.5, 1048.5], [20523.0, 1048.5], [20521.5, 1050.0], [20520.0, 1050.0], [20518.5, 1051.5], [20517.0, 1051.5], [20515.5, 1053.0], [20515.5, 1054.5], [20517.0, 1056.0], [20517.0, 1057.5], [20515.5, 1059.0], [20514.0, 1059.0], [20512.5, 1060.5], [20505.0, 1060.5], [20502.0, 1057.5], [20502.0, 1056.0], [20500.5, 1054.5], [20499.0, 1054.5], [20497.5, 1053.0], [20493.0, 1053.0], [20491.5, 1051.5], [20487.0, 1051.5], [20485.5, 1050.0], [20485.5, 1048.5], [20482.5, 1048.5], [20481.0, 1050.0], [20479.5, 1050.0], [20478.0, 1051.5], [20475.0, 1051.5], [20473.5, 1053.0], [20470.5, 1053.0], [20469.0, 1054.5], [20466.0, 1054.5], [20464.5, 1056.0], [20458.5, 1056.0], [20457.0, 1054.5], [20455.5, 1054.5], [20454.0, 1053.0], [20452.5, 1053.0], [20451.0, 1051.5], [20449.5, 1053.0], [20443.5, 1053.0], [20442.0, 1054.5], [20440.5, 1054.5], [20440.5, 1057.5], [20439.0, 1059.0], [20439.0, 1060.5], [20436.0, 1063.5], [20434.5, 1063.5], [20433.0, 1065.0], [20431.5, 1063.5], [20430.0, 1063.5], [20428.5, 1065.0], [20427.0, 1065.0], [20425.5, 1066.5], [20422.5, 1066.5], [20419.5, 1069.5], [20415.0, 1069.5], [20413.5, 1068.0], [20413.5, 1066.5], [20410.5, 1066.5], [20407.5, 1069.5], [20401.5, 1069.5], [20400.0, 1071.0], [20397.0, 1071.0], [20395.5, 1069.5], [20389.5, 1069.5], [20388.0, 1068.0], [20382.0, 1068.0], [20380.5, 1069.5], [20379.0, 1069.5], [20376.0, 1072.5], [20374.5, 1072.5], [20373.0, 1074.0], [20368.5, 1069.5], [20365.5, 1069.5], [20362.5, 1066.5], [20334.0, 1066.5], [20332.5, 1065.0], [20332.5, 1062.0], [20329.5, 1059.0], [20329.5, 1057.5], [20326.5, 1054.5], [20322.0, 1054.5], [20320.5, 1053.0], [20317.5, 1053.0], [20316.0, 1051.5], [20314.5, 1053.0], [20310.0, 1053.0], [20308.5, 1054.5], [20298.0, 1054.5], [20298.0, 1056.0], [20296.5, 1057.5], [20293.5, 1057.5], [20292.0, 1059.0], [20292.0, 1062.0], [20295.0, 1065.0], [20293.5, 1066.5], [20272.5, 1066.5], [20271.0, 1065.0], [20268.0, 1065.0], [20266.5, 1063.5], [20257.5, 1063.5], [20256.0, 1065.0], [20253.0, 1065.0], [20251.5, 1063.5], [20250.0, 1063.5], [20248.5, 1062.0], [20247.0, 1062.0], [20242.5, 1057.5], [20242.5, 1056.0], [20241.0, 1054.5], [20226.0, 1054.5], [20224.5, 1053.0], [20215.5, 1053.0], [20214.0, 1051.5], [20211.0, 1051.5], [20211.0, 1053.0], [20212.5, 1054.5], [20212.5, 1057.5], [20208.0, 1062.0], [20206.5, 1062.0], [20205.0, 1063.5], [20199.0, 1063.5], [20199.0, 1065.0], [20196.0, 1068.0], [20194.5, 1068.0], [20193.0, 1069.5], [20181.0, 1069.5], [20179.5, 1068.0], [20170.5, 1068.0], [20169.0, 1066.5], [20167.5, 1068.0], [20163.0, 1068.0], [20161.5, 1069.5], [20160.0, 1068.0], [20160.0, 1066.5], [20157.0, 1063.5], [20151.0, 1063.5], [20149.5, 1065.0], [20149.5, 1066.5], [20146.5, 1069.5], [20142.0, 1069.5], [20140.5, 1068.0], [20136.0, 1068.0], [20134.5, 1066.5], [20131.5, 1066.5], [20128.5, 1063.5], [20122.5, 1063.5], [20122.5, 1065.0], [20121.0, 1066.5], [20115.0, 1066.5], [20113.5, 1068.0], [20112.0, 1068.0], [20110.5, 1069.5], [20103.0, 1069.5], [20101.5, 1071.0], [20100.0, 1071.0], [20098.5, 1069.5], [20094.0, 1069.5], [20092.5, 1071.0], [20091.0, 1071.0], [20089.5, 1072.5], [20076.0, 1072.5], [20074.5, 1074.0], [20073.0, 1072.5], [20071.5, 1074.0], [20070.0, 1074.0], [20068.5, 1072.5], [20067.0, 1072.5], [20065.5, 1074.0], [20064.0, 1074.0], [20062.5, 1072.5], [20059.5, 1072.5], [20058.0, 1074.0], [20052.0, 1074.0], [20050.5, 1075.5], [20047.5, 1075.5], [20044.5, 1078.5], [20043.0, 1077.0], [20043.0, 1075.5], [20041.5, 1074.0], [20041.5, 1072.5], [20035.5, 1072.5], [20035.5, 1074.0], [20034.0, 1075.5], [20034.0, 1078.5], [20035.5, 1080.0], [20034.0, 1081.5], [20031.0, 1081.5], [20028.0, 1078.5], [20023.5, 1078.5], [20020.5, 1081.5], [20016.0, 1081.5], [20014.5, 1083.0], [20010.0, 1083.0], [20008.5, 1081.5], [20005.5, 1081.5], [20002.5, 1084.5], [19998.0, 1084.5], [19995.0, 1087.5], [19995.0, 1089.0], [19990.5, 1093.5], [19989.0, 1092.0], [19986.0, 1092.0], [19984.5, 1090.5], [19983.0, 1090.5], [19980.0, 1087.5], [19980.0, 1089.0], [19978.5, 1090.5], [19977.0, 1090.5], [19977.0, 1092.0], [19974.0, 1095.0], [19972.5, 1095.0], [19971.0, 1096.5], [19968.0, 1096.5], [19968.0, 1150.5], [19969.5, 1152.0], [19969.5, 1155.0], [19968.0, 1156.5], [19968.0, 1297.5], [19966.5, 1299.0], [19965.0, 1297.5], [19965.0, 1296.0], [19963.5, 1294.5], [19963.5, 1290.0], [19962.0, 1288.5], [19962.0, 1285.5], [19960.5, 1284.0], [19960.5, 1282.5], [19959.0, 1281.0], [19959.0, 1276.5], [19957.5, 1275.0], [19951.5, 1275.0], [19950.0, 1273.5], [19948.5, 1273.5], [19939.5, 1264.5], [19939.5, 1263.0], [19938.0, 1261.5], [19938.0, 1260.0], [19926.0, 1248.0], [19926.0, 1246.5], [19923.0, 1243.5], [19923.0, 1242.0], [19921.5, 1240.5], [19921.5, 1236.0], [19920.0, 1234.5], [19920.0, 1231.5], [19918.5, 1230.0], [19918.5, 1228.5], [19917.0, 1227.0], [19917.0, 1225.5], [19915.5, 1224.0], [19915.5, 1222.5], [19914.0, 1221.0], [19914.0, 1219.5], [19909.5, 1215.0], [19909.5, 1213.5], [19908.0, 1212.0], [19908.0, 1210.5], [19905.0, 1207.5], [19905.0, 1206.0], [19896.0, 1197.0], [19894.5, 1197.0], [19893.0, 1195.5], [19891.5, 1195.5], [19884.0, 1188.0], [19884.0, 1185.0], [19876.5, 1177.5], [19875.0, 1177.5], [19869.0, 1171.5], [19867.5, 1171.5], [19866.0, 1170.0], [19864.5, 1170.0], [19863.0, 1168.5], [19855.5, 1168.5], [19849.5, 1174.5], [19849.5, 1176.0], [19846.5, 1179.0], [19846.5, 1182.0], [19845.0, 1183.5], [19845.0, 1189.5], [19846.5, 1191.0], [19846.5, 1195.5], [19848.0, 1197.0], [19848.0, 1200.0], [19849.5, 1201.5], [19849.5, 1203.0], [19851.0, 1204.5], [19851.0, 1213.5], [19849.5, 1215.0], [19849.5, 1218.0], [19846.5, 1221.0], [19846.5, 1222.5], [19843.5, 1225.5], [19843.5, 1227.0], [19842.0, 1228.5], [19842.0, 1233.0], [19840.5, 1234.5], [19840.5, 1249.5], [19839.0, 1251.0], [19839.0, 1269.0], [19840.5, 1270.5], [19840.5, 1275.0], [19842.0, 1276.5], [19842.0, 1284.0], [19843.5, 1285.5], [19843.5, 1296.0], [19845.0, 1297.5], [19845.0, 1302.0], [19843.5, 1303.5], [19843.5, 1306.5], [19842.0, 1308.0], [19842.0, 1311.0], [19840.5, 1312.5], [19840.5, 1314.0], [19833.0, 1321.5], [19833.0, 1332.0], [19834.5, 1333.5], [19834.5, 1335.0], [19836.0, 1336.5], [19836.0, 1338.0], [19837.5, 1339.5], [19837.5, 1372.5], [19836.0, 1374.0], [19836.0, 1378.5], [19834.5, 1380.0], [19834.5, 1383.0], [19819.5, 1398.0], [19819.5, 1399.5], [19816.5, 1402.5], [19816.5, 1404.0], [19815.0, 1405.5], [19815.0, 1416.0], [19813.5, 1417.5], [19813.5, 1420.5], [19815.0, 1422.0], [19815.0, 1425.0], [19816.5, 1426.5], [19816.5, 1428.0], [19818.0, 1429.5], [19818.0, 1441.5], [19816.5, 1443.0], [19816.5, 1446.0], [19818.0, 1446.0], [19819.5, 1447.5], [19821.0, 1447.5], [19824.0, 1450.5], [19824.0, 1453.5], [19825.5, 1455.0], [19825.5, 1456.5], [19827.0, 1458.0], [19827.0, 1459.5], [19831.5, 1464.0], [19833.0, 1464.0], [19836.0, 1467.0], [19840.5, 1467.0], [19842.0, 1468.5], [19845.0, 1468.5], [19846.5, 1470.0], [19848.0, 1470.0], [19851.0, 1473.0], [19864.5, 1473.0], [19866.0, 1471.5], [19870.5, 1471.5], [19872.0, 1470.0], [19882.5, 1470.0], [19884.0, 1471.5], [19885.5, 1471.5], [19887.0, 1473.0], [19888.5, 1473.0], [19890.0, 1474.5], [19890.0, 1476.0], [19893.0, 1479.0], [19893.0, 1480.5], [19896.0, 1483.5], [19896.0, 1485.0], [19900.5, 1489.5], [19908.0, 1489.5], [19912.5, 1485.0], [19912.5, 1483.5], [19914.0, 1482.0], [19914.0, 1480.5], [19917.0, 1477.5], [19917.0, 1476.0], [19918.5, 1474.5], [19918.5, 1473.0], [19921.5, 1470.0], [19921.5, 1468.5], [19923.0, 1467.0], [19924.5, 1467.0], [19926.0, 1465.5], [19927.5, 1465.5], [19929.0, 1464.0], [19932.0, 1464.0], [19933.5, 1462.5], [19935.0, 1462.5], [19939.5, 1458.0], [19941.0, 1458.0], [19944.0, 1455.0], [19945.5, 1455.0], [19947.0, 1453.5], [19957.5, 1453.5], [19959.0, 1455.0], [19960.5, 1453.5], [19962.0, 1453.5], [19963.5, 1452.0], [19966.5, 1452.0], [19968.0, 1453.5], [19968.0, 1489.5], [19972.5, 1494.0], [19972.5, 1513.5], [19974.0, 1515.0], [19974.0, 1521.0], [19975.5, 1522.5], [19975.5, 1525.5], [19980.0, 1530.0], [19981.5, 1530.0], [19983.0, 1531.5], [19983.0, 1534.5], [20598.0, 1534.5], [20599.5, 1533.0], [20598.0, 1531.5], [20598.0, 1528.5], [20595.0, 1525.5], [20593.5, 1525.5], [20592.0, 1524.0], [20589.0, 1524.0], [20587.5, 1522.5], [20584.5, 1522.5], [20583.0, 1521.0], [20581.5, 1521.0], [20580.0, 1519.5], [20578.5, 1519.5], [20574.0, 1515.0], [20574.0, 1513.5], [20572.5, 1512.0], [20572.5, 1510.5], [20571.0, 1509.0], [20571.0, 1507.5], [20569.5, 1506.0], [20569.5, 1504.5], [20566.5, 1501.5], [20566.5, 1500.0], [20565.0, 1498.5], [20565.0, 1497.0], [20562.0, 1494.0], [20562.0, 1491.0], [20560.5, 1489.5], [20560.5, 1470.0], [20568.0, 1462.5], [20569.5, 1462.5], [20571.0, 1461.0], [20572.5, 1461.0], [20574.0, 1459.5], [20575.5, 1459.5], [20577.0, 1458.0], [20578.5, 1458.0], [20580.0, 1456.5], [20583.0, 1456.5], [20584.5, 1455.0], [20587.5, 1455.0], [20595.0, 1462.5], [20595.0, 1464.0], [20596.5, 1465.5], [20596.5, 1468.5], [20598.0, 1470.0], [20598.0, 1471.5], [20596.5, 1473.0], [20598.0, 1474.5], [20598.0, 1476.0], [20599.5, 1477.5], [20599.5, 1479.0], [20602.5, 1482.0], [20604.0, 1482.0], [20605.5, 1483.5], [20607.0, 1483.5], [20608.5, 1485.0], [20610.0, 1485.0], [20611.5, 1486.5], [20613.0, 1486.5], [20617.5, 1491.0], [20619.0, 1491.0], [20622.0, 1494.0], [20629.5, 1494.0], [20631.0, 1492.5], [20632.5, 1492.5], [20634.0, 1491.0], [20635.5, 1491.0], [20637.0, 1489.5], [20640.0, 1489.5], [20641.5, 1488.0], [20646.0, 1488.0], [20647.5, 1489.5], [20655.0, 1489.5], [20655.0, 1488.0], [20656.5, 1486.5], [20656.5, 1482.0], [20658.0, 1480.5], [20658.0, 1477.5], [20659.5, 1476.0], [20659.5, 1474.5], [20661.0, 1473.0], [20662.5, 1473.0], [20664.0, 1471.5], [20671.5, 1471.5], [20673.0, 1470.0], [20674.5, 1470.0], [20685.0, 1459.5], [20685.0, 1455.0], [20686.5, 1453.5], [20686.5, 1447.5], [20688.0, 1446.0], [20688.0, 1441.5], [20689.5, 1440.0], [20689.5, 1437.0], [20692.5, 1434.0], [20694.0, 1434.0], [20695.5, 1432.5], [20697.0, 1434.0], [20698.5, 1434.0], [20704.5, 1440.0], [20704.5, 1447.5], [20703.0, 1449.0], [20703.0, 1452.0], [20701.5, 1453.5], [20701.5, 1455.0], [20704.5, 1458.0], [20704.5, 1459.5], [20709.0, 1464.0], [20710.5, 1464.0], [20718.0, 1471.5], [20719.5, 1471.5], [20721.0, 1473.0], [20722.5, 1473.0], [20724.0, 1474.5], [20725.5, 1474.5], [20727.0, 1476.0], [20728.5, 1476.0], [20730.0, 1474.5], [20734.5, 1474.5], [20734.5, 1332.0], [20733.0, 1330.5], [20734.5, 1329.0], [20734.5, 1002.0], [20731.5, 1002.0], [20730.0, 1000.5]]]}}, {"type": "Feature", "properties": {"class_id": 5, "classification": "Edge & Air Bubble", "area": 294.75}, "geometry": {"type": "Polygon", "coordinates": [[[12573.0, 999.0], [12571.5, 999.0], [12562.5, 1008.0], [12559.5, 1008.0], [12558.0, 1009.5], [12555.0, 1009.5], [12549.0, 1015.5], [12552.0, 1015.5], [12553.5, 1017.0], [12553.5, 1018.5], [12550.5, 1021.5], [12550.5, 1023.0], [12549.0, 1024.5], [12547.5, 1023.0], [12547.5, 1020.0], [12544.5, 1023.0], [12544.5, 1024.5], [12543.0, 1026.0], [12543.0, 1027.5], [12544.5, 1027.5], [12546.0, 1026.0], [12549.0, 1026.0], [12552.0, 1029.0], [12553.5, 1029.0], [12555.0, 1027.5], [12556.5, 1027.5], [12556.5, 1026.0], [12558.0, 1024.5], [12558.0, 1017.0], [12559.5, 1015.5], [12559.5, 1014.0], [12561.0, 1012.5], [12564.0, 1012.5], [12567.0, 1015.5], [12570.0, 1015.5], [12570.0, 1011.0], [12571.5, 1009.5], [12571.5, 1008.0], [12574.5, 1005.0], [12574.5, 1003.5], [12576.0, 1002.0], [12576.0, 1000.5], [12577.5, 999.0], [12579.0, 999.0], [12579.0, 997.5], [12574.5, 997.5], [12573.0, 999.0]]]}}, {"type": "Feature", "properties": {"class_id": 5, "classification": "Edge & Air Bubble", "area": 69.75}, "geometry": {"type": "Polygon", "coordinates": [[[16890.0, 471.0], [16888.5, 472.5], [16887.0, 472.5], [16884.0, 475.5], [16887.0, 478.5], [16888.5, 478.5], [16890.0, 480.0], [16894.5, 480.0], [16894.5, 471.0], [16890.0, 471.0]]]}}, {"type": "Feature", "properties": {"class_id": 5, "classification": "Edge & Air Bubble", "area": 4.5}, "geometry": {"type": "Polygon", "coordinates": [[[16891.5, 417.0], [16893.0, 418.5], [16894.5, 418.5], [16894.5, 417.0], [16891.5, 417.0]]]}}, {"type": "Feature", "properties": {"class_id": 6, "classification": "OOF", "area": 21.375}, "geometry": {"type": "Polygon", "coordinates": [[[18237.0, 22267.5], [18235.5, 22269.0], [18235.5, 22270.5], [18244.5, 22270.5], [18241.5, 22267.5], [18237.0, 22267.5]]]}}, {"type": "Feature", "properties": {"class_id": 6, "classification": "OOF", "area": 1.125}, "geometry": {"type": "Polygon", "coordinates": [[[20188.5, 22269.0], [20188.5, 22267.5], [20187.0, 22267.5], [20188.5, 22269.0]]]}}, {"type": "Feature", "properties": {"class_id": 6, "classification": "OOF", "area": 15.75}, "geometry": {"type": "Polygon", "coordinates": [[[17667.0, 22266.0], [17665.5, 22267.5], [17667.0, 22269.0], [17667.0, 22270.5], [17668.5, 22270.5], [17670.0, 22269.0], [17670.0, 22267.5], [17668.5, 22266.0], [17668.5, 22264.5], [17667.0, 22264.5], [17667.0, 22266.0]]]}}, {"type": "Feature", "properties": {"class_id": 6, "classification": "OOF", "area": 67.5}, "geometry": {"type": "Polygon", "coordinates": [[[17689.5, 22263.0], [17688.0, 22264.5], [17686.5, 22264.5], [17686.5, 22266.0], [17685.0, 22267.5], [17685.0, 22269.0], [17686.5, 22270.5], [17697.0, 22270.5], [17697.0, 22267.5], [17694.0, 22264.5], [17692.5, 22264.5], [17691.0, 22263.0], [17689.5, 22263.0]]]}}, {"type": "Feature", "properties": {"class_id": 6, "classification": "OOF", "area": 225.0}, "geometry": {"type": "Polygon", "coordinates": [[[20512.5, 22258.5], [20511.0, 22260.0], [20509.5, 22260.0], [20505.0, 22264.5], [20505.0, 22266.0], [20503.5, 22267.5], [20503.5, 22270.5], [20527.5, 22270.5], [20527.5, 22267.5], [20526.0, 22266.0], [20526.0, 22264.5], [20520.0, 22258.5], [20512.5, 22258.5]]]}}, {"type": "Feature", "properties": {"class_id": 6, "classification": "OOF", "area": 808.875}, "geometry": {"type": "Polygon", "coordinates": [[[18051.0, 22249.5], [18049.5, 22249.5], [18043.5, 22255.5], [18042.0, 22255.5], [18040.5, 22257.0], [18039.0, 22257.0], [18033.0, 22263.0], [18033.0, 22266.0], [18031.5, 22267.5], [18031.5, 22270.5], [18043.5, 22270.5], [18045.0, 22269.0], [18048.0, 22269.0], [18049.5, 22270.5], [18085.5, 22270.5], [18084.0, 22269.0], [18084.0, 22266.0], [18085.5, 22264.5], [18087.0, 22264.5], [18087.0, 22263.0], [18085.5, 22261.5], [18082.5, 22261.5], [18079.5, 22258.5], [18072.0, 22258.5], [18069.0, 22255.5], [18067.5, 22255.5], [18064.5, 22252.5], [18063.0, 22252.5], [18058.5, 22248.0], [18052.5, 22248.0], [18051.0, 22249.5]]]}}, {"type": "Feature", "properties": {"class_id": 6, "classification": "OOF", "area": 2.25}, "geometry": {"type": "Polygon", "coordinates": [[[19699.5, 22246.5], [19699.5, 22248.0], [19701.0, 22246.5], [19701.0, 22245.0], [19699.5, 22246.5]]]}}, {"type": "Feature", "properties": {"class_id": 6, "classification": "OOF", "area": 2.25}, "geometry": {"type": "Polygon", "coordinates": [[[18349.5, 22237.5], [18349.5, 22239.0], [18351.0, 22239.0], [18351.0, 22237.5], [18349.5, 22237.5]]]}}, {"type": "Feature", "properties": {"class_id": 6, "classification": "OOF", "area": 68.625}, "geometry": {"type": "Polygon", "coordinates": [[[18463.5, 22216.5], [18463.5, 22218.0], [18462.0, 22219.5], [18460.5, 22219.5], [18459.0, 22221.0], [18459.0, 22227.0], [18460.5, 22227.0], [18462.0, 22228.5], [18465.0, 22225.5], [18466.5, 22225.5], [18468.0, 22224.0], [18468.0, 22222.5], [18466.5, 22221.0], [18466.5, 22216.5], [18463.5, 22216.5]]]}}, {"type": "Feature", "properties": {"class_id": 6, "classification": "OOF", "area": 156.375}, "geometry": {"type": "Polygon", "coordinates": [[[18603.0, 22204.5], [18603.0, 22207.5], [18601.5, 22209.0], [18603.0, 22210.5], [18603.0, 22212.0], [18604.5, 22213.5], [18604.5, 22215.0], [18606.0, 22215.0], [18607.5, 22216.5], [18613.5, 22216.5], [18615.0, 22215.0], [18616.5, 22215.0], [18616.5, 22213.5], [18618.0, 22212.0], [18618.0, 22210.5], [18616.5, 22209.0], [18616.5, 22204.5], [18603.0, 22204.5]]]}}, {"type": "Feature", "properties": {"class_id": 6, "classification": "OOF", "area": 536.625}, "geometry": {"type": "Polygon", "coordinates": [[[17946.0, 22194.0], [17944.5, 22195.5], [17943.0, 22195.5], [17943.0, 22197.0], [17941.5, 22198.5], [17940.0, 22198.5], [17940.0, 22201.5], [17937.0, 22204.5], [17937.0, 22206.0], [17935.5, 22207.5], [17934.0, 22207.5], [17934.0, 22209.0], [17935.5, 22209.0], [17937.0, 22210.5], [17938.5, 22210.5], [17943.0, 22215.0], [17943.0, 22216.5], [17949.0, 22222.5], [17950.5, 22222.5], [17952.0, 22224.0], [17955.0, 22224.0], [17956.5, 22222.5], [17956.5, 22221.0], [17958.0, 22219.5], [17958.0, 22218.0], [17959.5, 22216.5], [17959.5, 22215.0], [17967.0, 22207.5], [17967.0, 22206.0], [17961.0, 22200.0], [17961.0, 22197.0], [17959.5, 22195.5], [17959.5, 22194.0], [17958.0, 22195.5], [17955.0, 22195.5], [17956.5, 22197.0], [17956.5, 22198.5], [17953.5, 22201.5], [17950.5, 22201.5], [17949.0, 22200.0], [17949.0, 22197.0], [17947.5, 22195.5], [17947.5, 22194.0], [17946.0, 22194.0]]]}}, {"type": "Feature", "properties": {"class_id": 6, "classification": "OOF", "area": 66.375}, "geometry": {"type": "Polygon", "coordinates": [[[20412.0, 22185.0], [20412.0, 22186.5], [20410.5, 22188.0], [20412.0, 22189.5], [20412.0, 22191.0], [20413.5, 22191.0], [20415.0, 22192.5], [20418.0, 22192.5], [20419.5, 22194.0], [20422.5, 22191.0], [20421.0, 22189.5], [20421.0, 22188.0], [20418.0, 22185.0], [20412.0, 22185.0]]]}}, {"type": "Feature", "properties": {"class_id": 6, "classification": "OOF", "area": 6.75}, "geometry": {"type": "Polygon", "coordinates": [[[19725.0, 22183.5], [19725.0, 22185.0], [19723.5, 22186.5], [19723.5, 22188.0], [19726.5, 22185.0], [19726.5, 22182.0], [19725.0, 22183.5]]]}}, {"type": "Feature", "properties": {"class_id": 6, "classification": "OOF", "area": 533.25}, "geometry": {"type": "Polygon", "coordinates": [[[19770.0, 22176.0], [19770.0, 22180.5], [19767.0, 22183.5], [19765.5, 22183.5], [19765.5, 22185.0], [19764.0, 22186.5], [19761.0, 22186.5], [19761.0, 22188.0], [19759.5, 22189.5], [19755.0, 22189.5], [19753.5, 22191.0], [19750.5, 22191.0], [19750.5, 22192.5], [19749.0, 22194.0], [19749.0, 22201.5], [19746.0, 22204.5], [19744.5, 22204.5], [19744.5, 22206.0], [19743.0, 22207.5], [19743.0, 22209.0], [19741.5, 22210.5], [19740.0, 22210.5], [19740.0, 22213.5], [19738.5, 22215.0], [19738.5, 22216.5], [19737.0, 22218.0], [19737.0, 22225.5], [19734.0, 22228.5], [19734.0, 22231.5], [19735.5, 22233.0], [19735.5, 22234.5], [19737.0, 22233.0], [19740.0, 22233.0], [19743.0, 22230.0], [19743.0, 22227.0], [19744.5, 22225.5], [19744.5, 22221.0], [19746.0, 22219.5], [19746.0, 22215.0], [19749.0, 22212.0], [19749.0, 22210.5], [19752.0, 22207.5], [19752.0, 22206.0], [19758.0, 22200.0], [19759.5, 22200.0], [19768.5, 22191.0], [19768.5, 22189.5], [19770.0, 22188.0], [19770.0, 22186.5], [19777.5, 22179.0], [19779.0, 22179.0], [19782.0, 22176.0], [19780.5, 22174.5], [19776.0, 22174.5], [19774.5, 22176.0], [19773.0, 22176.0], [19771.5, 22174.5], [19770.0, 22176.0]]]}}, {"type": "Feature", "properties": {"class_id": 6, "classification": "OOF", "area": 20865.375}, "geometry": {"type": "Polygon", "coordinates": [[[20254.5, 22162.5], [20250.0, 22167.0], [20250.0, 22170.0], [20244.0, 22176.0], [20239.5, 22176.0], [20238.0, 22177.5], [20235.0, 22177.5], [20233.5, 22179.0], [20232.0, 22179.0], [20230.5, 22180.5], [20229.0, 22180.5], [20226.0, 22183.5], [20224.5, 22183.5], [20218.5, 22189.5], [20218.5, 22191.0], [20214.0, 22195.5], [20212.5, 22195.5], [20211.0, 22197.0], [20208.0, 22197.0], [20206.5, 22195.5], [20206.5, 22191.0], [20208.0, 22189.5], [20208.0, 22186.5], [20206.5, 22185.0], [20200.5, 22185.0], [20197.5, 22188.0], [20197.5, 22189.5], [20199.0, 22191.0], [20199.0, 22192.5], [20200.5, 22194.0], [20200.5, 22195.5], [20202.0, 22197.0], [20202.0, 22198.5], [20203.5, 22200.0], [20203.5, 22204.5], [20205.0, 22206.0], [20205.0, 22207.5], [20211.0, 22213.5], [20214.0, 22213.5], [20215.5, 22215.0], [20223.0, 22215.0], [20224.5, 22216.5], [20224.5, 22219.5], [20223.0, 22221.0], [20223.0, 22222.5], [20221.5, 22224.0], [20221.5, 22231.5], [20223.0, 22233.0], [20223.0, 22236.0], [20224.5, 22237.5], [20224.5, 22242.0], [20226.0, 22243.5], [20226.0, 22245.0], [20229.0, 22248.0], [20229.0, 22249.5], [20230.5, 22251.0], [20229.0, 22252.5], [20229.0, 22254.0], [20226.0, 22257.0], [20221.5, 22257.0], [20220.0, 22258.5], [20217.0, 22258.5], [20215.5, 22260.0], [20215.5, 22270.5], [20413.5, 22270.5], [20413.5, 22267.5], [20412.0, 22266.0], [20412.0, 22263.0], [20415.0, 22260.0], [20424.0, 22260.0], [20425.5, 22258.5], [20427.0, 22260.0], [20433.0, 22260.0], [20437.5, 22264.5], [20437.5, 22267.5], [20436.0, 22269.0], [20437.5, 22270.5], [20485.5, 22270.5], [20485.5, 22267.5], [20484.0, 22266.0], [20484.0, 22264.5], [20482.5, 22263.0], [20482.5, 22261.5], [20478.0, 22257.0], [20478.0, 22255.5], [20476.5, 22254.0], [20476.5, 22252.5], [20473.5, 22249.5], [20473.5, 22248.0], [20466.0, 22240.5], [20466.0, 22239.0], [20464.5, 22237.5], [20464.5, 22236.0], [20463.0, 22234.5], [20463.0, 22233.0], [20461.5, 22231.5], [20455.5, 22231.5], [20454.0, 22233.0], [20451.0, 22233.0], [20446.5, 22228.5], [20446.5, 22227.0], [20445.0, 22225.5], [20445.0, 22224.0], [20443.5, 22222.5], [20443.5, 22219.5], [20442.0, 22218.0], [20442.0, 22210.5], [20440.5, 22209.0], [20440.5, 22207.5], [20433.0, 22200.0], [20431.5, 22200.0], [20430.0, 22198.5], [20424.0, 22198.5], [20421.0, 22201.5], [20412.0, 22201.5], [20410.5, 22200.0], [20401.5, 22200.0], [20398.5, 22197.0], [20400.0, 22195.5], [20400.0, 22191.0], [20401.5, 22189.5], [20401.5, 22188.0], [20398.5, 22185.0], [20397.0, 22185.0], [20395.5, 22183.5], [20388.0, 22183.5], [20386.5, 22185.0], [20383.5, 22185.0], [20382.0, 22186.5], [20368.5, 22186.5], [20367.0, 22188.0], [20367.0, 22191.0], [20365.5, 22192.5], [20365.5, 22194.0], [20364.0, 22195.5], [20361.0, 22195.5], [20358.0, 22192.5], [20356.5, 22192.5], [20355.0, 22191.0], [20353.5, 22191.0], [20352.0, 22189.5], [20349.0, 22189.5], [20338.5, 22179.0], [20337.0, 22179.0], [20335.5, 22177.5], [20332.5, 22177.5], [20331.0, 22176.0], [20328.0, 22176.0], [20326.5, 22174.5], [20322.0, 22174.5], [20320.5, 22173.0], [20319.0, 22173.0], [20317.5, 22174.5], [20308.5, 22174.5], [20307.0, 22173.0], [20304.0, 22173.0], [20302.5, 22171.5], [20296.5, 22171.5], [20295.0, 22173.0], [20293.5, 22173.0], [20289.0, 22177.5], [20287.5, 22177.5], [20286.0, 22179.0], [20283.0, 22176.0], [20283.0, 22171.5], [20278.5, 22167.0], [20274.0, 22167.0], [20272.5, 22165.5], [20268.0, 22165.5], [20266.5, 22164.0], [20265.0, 22164.0], [20263.5, 22162.5], [20254.5, 22162.5]]]}}, {"type": "Feature", "properties": {"class_id": 6, "classification": "OOF", "area": 1338.75}, "geometry": {"type": "Polygon", "coordinates": [[[20163.0, 22150.5], [20161.5, 22152.0], [20158.5, 22152.0], [20157.0, 22153.5], [20154.0, 22153.5], [20151.0, 22156.5], [20148.0, 22156.5], [20146.5, 22158.0], [20143.5, 22158.0], [20142.0, 22159.5], [20139.0, 22159.5], [20137.5, 22161.0], [20136.0, 22161.0], [20133.0, 22164.0], [20133.0, 22168.5], [20134.5, 22170.0], [20134.5, 22171.5], [20136.0, 22173.0], [20136.0, 22174.5], [20137.5, 22176.0], [20139.0, 22176.0], [20142.0, 22179.0], [20145.0, 22179.0], [20146.5, 22180.5], [20149.5, 22180.5], [20151.0, 22182.0], [20152.5, 22182.0], [20154.0, 22183.5], [20160.0, 22183.5], [20161.5, 22185.0], [20163.0, 22185.0], [20164.5, 22186.5], [20172.0, 22186.5], [20173.5, 22185.0], [20185.5, 22185.0], [20188.5, 22182.0], [20188.5, 22179.0], [20187.0, 22177.5], [20187.0, 22173.0], [20185.5, 22171.5], [20185.5, 22170.0], [20176.5, 22161.0], [20176.5, 22159.5], [20173.5, 22156.5], [20173.5, 22153.5], [20172.0, 22152.0], [20169.0, 22152.0], [20167.5, 22150.5], [20163.0, 22150.5]]]}}, {"type": "Feature", "properties": {"class_id": 6, "classification": "OOF", "area": 106.875}, "geometry": {"type": "Polygon", "coordinates": [[[20266.5, 22117.5], [20263.5, 22120.5], [20263.5, 22125.0], [20265.0, 22126.5], [20266.5, 22126.5], [20268.0, 22128.0], [20271.0, 22128.0], [20272.5, 22126.5], [20275.5, 22126.5], [20277.0, 22125.0], [20277.0, 22123.5], [20275.5, 22122.0], [20275.5, 22120.5], [20274.0, 22119.0], [20272.5, 22119.0], [20271.0, 22117.5], [20266.5, 22117.5]]]}}, {"type": "Feature", "properties": {"class_id": 6, "classification": "OOF", "area": 102.375}, "geometry": {"type": "Polygon", "coordinates": [[[19788.0, 22093.5], [19788.0, 22095.0], [19786.5, 22096.5], [19785.0, 22096.5], [19785.0, 22098.0], [19783.5, 22099.5], [19783.5, 22101.0], [19786.5, 22101.0], [19789.5, 22098.0], [19791.0, 22099.5], [19794.0, 22099.5], [19795.5, 22098.0], [19797.0, 22098.0], [19788.0, 22089.0], [19788.0, 22087.5], [19785.0, 22084.5], [19785.0, 22090.5], [19788.0, 22093.5]]]}}, {"type": "Feature", "properties": {"class_id": 6, "classification": "OOF", "area": 344.25}, "geometry": {"type": "Polygon", "coordinates": [[[17688.0, 22051.5], [17680.5, 22059.0], [17679.0, 22059.0], [17676.0, 22062.0], [17674.5, 22062.0], [17674.5, 22068.0], [17677.5, 22071.0], [17689.5, 22071.0], [17692.5, 22068.0], [17695.5, 22068.0], [17697.0, 22066.5], [17698.5, 22066.5], [17698.5, 22060.5], [17700.0, 22059.0], [17698.5, 22057.5], [17698.5, 22054.5], [17697.0, 22054.5], [17695.5, 22053.0], [17692.5, 22053.0], [17691.0, 22051.5], [17688.0, 22051.5]]]}}, {"type": "Feature", "properties": {"class_id": 6, "classification": "OOF", "area": 95.625}, "geometry": {"type": "Polygon", "coordinates": [[[20170.5, 21990.0], [20170.5, 21996.0], [20172.0, 21997.5], [20173.5, 21997.5], [20175.0, 21999.0], [20179.5, 21999.0], [20184.0, 21994.5], [20182.5, 21993.0], [20182.5, 21991.5], [20181.0, 21991.5], [20179.5, 21990.0], [20170.5, 21990.0]]]}}, {"type": "Feature", "properties": {"class_id": 6, "classification": "OOF", "area": 83.25}, "geometry": {"type": "Polygon", "coordinates": [[[20254.5, 21942.0], [20254.5, 21946.5], [20256.0, 21948.0], [20256.0, 21951.0], [20257.5, 21952.5], [20257.5, 21954.0], [20260.5, 21957.0], [20262.0, 21957.0], [20263.5, 21955.5], [20263.5, 21952.5], [20262.0, 21951.0], [20262.0, 21948.0], [20260.5, 21946.5], [20260.5, 21943.5], [20259.0, 21942.0], [20254.5, 21942.0]]]}}, {"type": "Feature", "properties": {"class_id": 6, "classification": "OOF", "area": 92955.375}, "geometry": {"type": "Polygon", "coordinates": [[[18360.0, 21906.0], [18360.0, 21907.5], [18357.0, 21910.5], [18351.0, 21910.5], [18348.0, 21913.5], [18346.5, 21913.5], [18339.0, 21921.0], [18337.5, 21921.0], [18334.5, 21924.0], [18333.0, 21924.0], [18330.0, 21927.0], [18328.5, 21927.0], [18327.0, 21928.5], [18325.5, 21928.5], [18322.5, 21931.5], [18322.5, 21933.0], [18319.5, 21936.0], [18319.5, 21939.0], [18318.0, 21940.5], [18318.0, 21946.5], [18316.5, 21948.0], [18316.5, 21949.5], [18313.5, 21952.5], [18310.5, 21952.5], [18309.0, 21954.0], [18307.5, 21952.5], [18300.0, 21952.5], [18298.5, 21951.0], [18295.5, 21951.0], [18294.0, 21949.5], [18292.5, 21949.5], [18291.0, 21948.0], [18288.0, 21948.0], [18286.5, 21946.5], [18282.0, 21946.5], [18280.5, 21948.0], [18277.5, 21948.0], [18274.5, 21951.0], [18273.0, 21951.0], [18270.0, 21954.0], [18268.5, 21954.0], [18265.5, 21957.0], [18265.5, 21958.5], [18256.5, 21967.5], [18255.0, 21967.5], [18253.5, 21969.0], [18249.0, 21969.0], [18247.5, 21970.5], [18246.0, 21970.5], [18244.5, 21972.0], [18243.0, 21972.0], [18243.0, 21973.5], [18241.5, 21975.0], [18241.5, 21978.0], [18240.0, 21979.5], [18240.0, 21987.0], [18241.5, 21988.5], [18241.5, 21996.0], [18238.5, 21999.0], [18228.0, 21999.0], [18226.5, 22000.5], [18231.0, 22000.5], [18232.5, 22002.0], [18234.0, 22002.0], [18240.0, 22008.0], [18241.5, 22008.0], [18243.0, 22009.5], [18246.0, 22009.5], [18247.5, 22011.0], [18250.5, 22011.0], [18253.5, 22008.0], [18258.0, 22008.0], [18258.0, 22006.5], [18256.5, 22005.0], [18256.5, 22003.5], [18255.0, 22002.0], [18255.0, 22000.5], [18253.5, 21999.0], [18253.5, 21997.5], [18252.0, 21996.0], [18252.0, 21993.0], [18253.5, 21991.5], [18253.5, 21981.0], [18255.0, 21979.5], [18255.0, 21978.0], [18265.5, 21967.5], [18267.0, 21967.5], [18268.5, 21966.0], [18276.0, 21966.0], [18277.5, 21964.5], [18279.0, 21964.5], [18283.5, 21960.0], [18285.0, 21960.0], [18286.5, 21958.5], [18288.0, 21958.5], [18289.5, 21960.0], [18292.5, 21960.0], [18294.0, 21961.5], [18295.5, 21961.5], [18300.0, 21966.0], [18298.5, 21967.5], [18298.5, 21969.0], [18297.0, 21970.5], [18292.5, 21970.5], [18291.0, 21972.0], [18289.5, 21972.0], [18288.0, 21973.5], [18286.5, 21973.5], [18285.0, 21975.0], [18283.5, 21975.0], [18282.0, 21976.5], [18280.5, 21976.5], [18276.0, 21981.0], [18276.0, 21982.5], [18274.5, 21984.0], [18274.5, 21988.5], [18273.0, 21990.0], [18273.0, 21996.0], [18276.0, 21996.0], [18279.0, 21999.0], [18283.5, 21999.0], [18285.0, 22000.5], [18286.5, 22000.5], [18288.0, 22002.0], [18289.5, 22002.0], [18291.0, 22003.5], [18292.5, 22003.5], [18294.0, 22005.0], [18295.5, 22005.0], [18300.0, 22009.5], [18300.0, 22011.0], [18301.5, 22012.5], [18301.5, 22014.0], [18300.0, 22015.5], [18243.0, 22015.5], [18240.0, 22018.5], [18237.0, 22018.5], [18235.5, 22020.0], [18232.5, 22020.0], [18231.0, 22021.5], [18222.0, 22012.5], [18220.5, 22012.5], [18217.5, 22009.5], [18214.5, 22009.5], [18208.5, 22015.5], [18208.5, 22017.0], [18205.5, 22020.0], [18205.5, 22021.5], [18204.0, 22023.0], [18204.0, 22024.5], [18201.0, 22027.5], [18201.0, 22029.0], [18199.5, 22030.5], [18199.5, 22056.0], [18201.0, 22057.5], [18201.0, 22059.0], [18199.5, 22060.5], [18198.0, 22060.5], [18196.5, 22062.0], [18195.0, 22062.0], [18193.5, 22063.5], [18195.0, 22065.0], [18202.5, 22065.0], [18205.5, 22068.0], [18207.0, 22068.0], [18210.0, 22071.0], [18211.5, 22071.0], [18213.0, 22072.5], [18214.5, 22072.5], [18216.0, 22074.0], [18219.0, 22074.0], [18220.5, 22075.5], [18220.5, 22077.0], [18216.0, 22081.5], [18216.0, 22089.0], [18214.5, 22090.5], [18214.5, 22092.0], [18213.0, 22093.5], [18211.5, 22093.5], [18208.5, 22096.5], [18207.0, 22095.0], [18205.5, 22095.0], [18204.0, 22093.5], [18202.5, 22093.5], [18199.5, 22090.5], [18198.0, 22090.5], [18193.5, 22086.0], [18192.0, 22086.0], [18190.5, 22084.5], [18189.0, 22084.5], [18186.0, 22081.5], [18184.5, 22081.5], [18183.0, 22080.0], [18183.0, 22095.0], [18184.5, 22096.5], [18184.5, 22101.0], [18183.0, 22102.5], [18174.0, 22102.5], [18172.5, 22104.0], [18169.5, 22104.0], [18168.0, 22105.5], [18166.5, 22105.5], [18165.0, 22107.0], [18163.5, 22107.0], [18163.5, 22108.5], [18162.0, 22110.0], [18162.0, 22111.5], [18160.5, 22113.0], [18160.5, 22117.5], [18162.0, 22119.0], [18162.0, 22120.5], [18165.0, 22123.5], [18165.0, 22125.0], [18166.5, 22126.5], [18166.5, 22129.5], [18168.0, 22131.0], [18168.0, 22135.5], [18169.5, 22137.0], [18169.5, 22138.5], [18171.0, 22140.0], [18171.0, 22143.0], [18172.5, 22144.5], [18172.5, 22147.5], [18171.0, 22149.0], [18165.0, 22149.0], [18163.5, 22147.5], [18160.5, 22147.5], [18159.0, 22146.0], [18157.5, 22146.0], [18156.0, 22144.5], [18153.0, 22144.5], [18151.5, 22143.0], [18144.0, 22143.0], [18142.5, 22144.5], [18138.0, 22144.5], [18136.5, 22146.0], [18135.0, 22146.0], [18127.5, 22153.5], [18127.5, 22155.0], [18121.5, 22161.0], [18121.5, 22162.5], [18118.5, 22165.5], [18118.5, 22168.5], [18120.0, 22170.0], [18120.0, 22171.5], [18121.5, 22173.0], [18123.0, 22173.0], [18126.0, 22176.0], [18127.5, 22176.0], [18129.0, 22177.5], [18130.5, 22177.5], [18132.0, 22179.0], [18133.5, 22179.0], [18135.0, 22180.5], [18138.0, 22180.5], [18139.5, 22182.0], [18144.0, 22182.0], [18145.5, 22180.5], [18159.0, 22180.5], [18160.5, 22182.0], [18166.5, 22182.0], [18169.5, 22185.0], [18169.5, 22189.5], [18166.5, 22192.5], [18163.5, 22192.5], [18165.0, 22194.0], [18168.0, 22194.0], [18169.5, 22195.5], [18172.5, 22195.5], [18174.0, 22197.0], [18178.5, 22197.0], [18180.0, 22198.5], [18181.5, 22198.5], [18183.0, 22200.0], [18184.5, 22200.0], [18186.0, 22201.5], [18187.5, 22201.5], [18189.0, 22203.0], [18193.5, 22203.0], [18195.0, 22204.5], [18196.5, 22204.5], [18198.0, 22206.0], [18199.5, 22206.0], [18201.0, 22207.5], [18202.5, 22207.5], [18204.0, 22209.0], [18205.5, 22209.0], [18208.5, 22212.0], [18211.5, 22212.0], [18213.0, 22213.5], [18213.0, 22216.5], [18216.0, 22219.5], [18216.0, 22221.0], [18214.5, 22222.5], [18213.0, 22222.5], [18213.0, 22224.0], [18211.5, 22225.5], [18210.0, 22225.5], [18208.5, 22227.0], [18210.0, 22228.5], [18210.0, 22230.0], [18208.5, 22231.5], [18204.0, 22231.5], [18204.0, 22233.0], [18202.5, 22234.5], [18199.5, 22231.5], [18198.0, 22231.5], [18198.0, 22233.0], [18196.5, 22234.5], [18193.5, 22234.5], [18193.5, 22237.5], [18199.5, 22243.5], [18201.0, 22243.5], [18202.5, 22245.0], [18204.0, 22245.0], [18207.0, 22248.0], [18207.0, 22249.5], [18204.0, 22252.5], [18193.5, 22252.5], [18190.5, 22255.5], [18189.0, 22255.5], [18184.5, 22260.0], [18181.5, 22260.0], [18180.0, 22261.5], [18175.5, 22261.5], [18174.0, 22260.0], [18172.5, 22260.0], [18171.0, 22258.5], [18169.5, 22258.5], [18168.0, 22257.0], [18166.5, 22257.0], [18165.0, 22255.5], [18163.5, 22255.5], [18162.0, 22254.0], [18160.5, 22254.0], [18159.0, 22252.5], [18157.5, 22252.5], [18150.0, 22245.0], [18150.0, 22242.0], [18148.5, 22240.5], [18148.5, 22237.5], [18147.0, 22236.0], [18147.0, 22228.5], [18139.5, 22228.5], [18133.5, 22222.5], [18133.5, 22230.0], [18136.5, 22233.0], [18136.5, 22239.0], [18133.5, 22242.0], [18133.5, 22243.5], [18130.5, 22246.5], [18130.5, 22248.0], [18129.0, 22249.5], [18129.0, 22258.5], [18130.5, 22260.0], [18130.5, 22264.5], [18132.0, 22266.0], [18130.5, 22267.5], [18130.5, 22270.5], [18223.5, 22270.5], [18222.0, 22269.0], [18222.0, 22267.5], [18220.5, 22266.0], [18220.5, 22261.5], [18222.0, 22260.0], [18223.5, 22260.0], [18223.5, 22257.0], [18222.0, 22255.5], [18222.0, 22251.0], [18223.5, 22249.5], [18225.0, 22251.0], [18226.5, 22251.0], [18228.0, 22252.5], [18229.5, 22252.5], [18231.0, 22254.0], [18232.5, 22254.0], [18234.0, 22255.5], [18234.0, 22257.0], [18235.5, 22257.0], [18238.5, 22260.0], [18241.5, 22260.0], [18243.0, 22261.5], [18244.5, 22261.5], [18246.0, 22263.0], [18246.0, 22264.5], [18247.5, 22264.5], [18250.5, 22267.5], [18250.5, 22269.0], [18252.0, 22269.0], [18253.5, 22267.5], [18255.0, 22267.5], [18256.5, 22269.0], [18255.0, 22270.5], [18282.0, 22270.5], [18280.5, 22269.0], [18280.5, 22267.5], [18279.0, 22267.5], [18277.5, 22266.0], [18277.5, 22264.5], [18276.0, 22264.5], [18274.5, 22263.0], [18273.0, 22263.0], [18271.5, 22261.5], [18270.0, 22261.5], [18268.5, 22260.0], [18268.5, 22258.5], [18265.5, 22258.5], [18262.5, 22255.5], [18261.0, 22255.5], [18259.5, 22254.0], [18259.5, 22252.5], [18258.0, 22251.0], [18258.0, 22249.5], [18252.0, 22249.5], [18247.5, 22245.0], [18247.5, 22240.5], [18249.0, 22239.0], [18252.0, 22239.0], [18253.5, 22240.5], [18258.0, 22240.5], [18259.5, 22242.0], [18267.0, 22242.0], [18268.5, 22240.5], [18270.0, 22240.5], [18271.5, 22242.0], [18276.0, 22242.0], [18280.5, 22237.5], [18280.5, 22234.5], [18282.0, 22233.0], [18283.5, 22233.0], [18285.0, 22231.5], [18286.5, 22231.5], [18288.0, 22230.0], [18289.5, 22230.0], [18292.5, 22227.0], [18295.5, 22227.0], [18297.0, 22225.5], [18300.0, 22225.5], [18301.5, 22227.0], [18307.5, 22227.0], [18309.0, 22228.5], [18310.5, 22228.5], [18312.0, 22227.0], [18315.0, 22227.0], [18316.5, 22228.5], [18318.0, 22228.5], [18319.5, 22230.0], [18321.0, 22230.0], [18322.5, 22231.5], [18324.0, 22231.5], [18325.5, 22233.0], [18327.0, 22233.0], [18333.0, 22239.0], [18334.5, 22239.0], [18336.0, 22240.5], [18336.0, 22242.0], [18337.5, 22242.0], [18342.0, 22246.5], [18343.5, 22246.5], [18346.5, 22249.5], [18346.5, 22251.0], [18351.0, 22255.5], [18351.0, 22257.0], [18337.5, 22270.5], [18387.0, 22270.5], [18390.0, 22267.5], [18391.5, 22267.5], [18393.0, 22266.0], [18399.0, 22266.0], [18403.5, 22270.5], [18405.0, 22270.5], [18405.0, 22266.0], [18403.5, 22264.5], [18403.5, 22261.5], [18402.0, 22260.0], [18402.0, 22257.0], [18400.5, 22255.5], [18400.5, 22254.0], [18396.0, 22249.5], [18394.5, 22249.5], [18393.0, 22248.0], [18369.0, 22248.0], [18367.5, 22246.5], [18367.5, 22245.0], [18366.0, 22243.5], [18366.0, 22245.0], [18364.5, 22246.5], [18363.0, 22246.5], [18361.5, 22245.0], [18360.0, 22245.0], [18358.5, 22246.5], [18349.5, 22246.5], [18346.5, 22243.5], [18346.5, 22239.0], [18345.0, 22237.5], [18336.0, 22237.5], [18327.0, 22228.5], [18325.5, 22228.5], [18322.5, 22225.5], [18322.5, 22224.0], [18319.5, 22221.0], [18319.5, 22219.5], [18315.0, 22219.5], [18313.5, 22218.0], [18312.0, 22218.0], [18307.5, 22213.5], [18306.0, 22213.5], [18304.5, 22212.0], [18303.0, 22212.0], [18300.0, 22209.0], [18300.0, 22207.5], [18298.5, 22206.0], [18298.5, 22195.5], [18300.0, 22194.0], [18300.0, 22192.5], [18301.5, 22191.0], [18301.5, 22188.0], [18309.0, 22180.5], [18310.5, 22180.5], [18312.0, 22179.0], [18313.5, 22179.0], [18315.0, 22177.5], [18316.5, 22179.0], [18322.5, 22179.0], [18324.0, 22180.5], [18328.5, 22180.5], [18330.0, 22182.0], [18343.5, 22182.0], [18345.0, 22183.5], [18348.0, 22183.5], [18349.5, 22182.0], [18352.5, 22185.0], [18361.5, 22185.0], [18363.0, 22186.5], [18364.5, 22186.5], [18366.0, 22188.0], [18366.0, 22194.0], [18367.5, 22195.5], [18367.5, 22197.0], [18369.0, 22198.5], [18369.0, 22203.0], [18370.5, 22204.5], [18370.5, 22213.5], [18369.0, 22215.0], [18370.5, 22216.5], [18370.5, 22218.0], [18373.5, 22215.0], [18375.0, 22216.5], [18376.5, 22216.5], [18379.5, 22219.5], [18381.0, 22219.5], [18384.0, 22222.5], [18387.0, 22222.5], [18388.5, 22224.0], [18399.0, 22224.0], [18400.5, 22222.5], [18402.0, 22222.5], [18402.0, 22218.0], [18399.0, 22215.0], [18397.5, 22215.0], [18396.0, 22213.5], [18396.0, 22209.0], [18397.5, 22207.5], [18402.0, 22207.5], [18403.5, 22209.0], [18405.0, 22209.0], [18408.0, 22212.0], [18409.5, 22212.0], [18414.0, 22216.5], [18414.0, 22218.0], [18415.5, 22219.5], [18415.5, 22221.0], [18417.0, 22221.0], [18421.5, 22225.5], [18423.0, 22225.5], [18423.0, 22224.0], [18424.5, 22222.5], [18424.5, 22215.0], [18430.5, 22209.0], [18430.5, 22198.5], [18433.5, 22195.5], [18430.5, 22192.5], [18430.5, 22140.0], [18432.0, 22138.5], [18433.5, 22140.0], [18438.0, 22140.0], [18441.0, 22137.0], [18444.0, 22137.0], [18445.5, 22135.5], [18448.5, 22135.5], [18450.0, 22137.0], [18454.5, 22137.0], [18456.0, 22138.5], [18457.5, 22138.5], [18459.0, 22140.0], [18465.0, 22140.0], [18469.5, 22144.5], [18472.5, 22144.5], [18474.0, 22146.0], [18481.5, 22146.0], [18483.0, 22147.5], [18484.5, 22147.5], [18486.0, 22149.0], [18486.0, 22153.5], [18487.5, 22155.0], [18487.5, 22158.0], [18489.0, 22159.5], [18489.0, 22174.5], [18487.5, 22176.0], [18487.5, 22182.0], [18490.5, 22185.0], [18489.0, 22186.5], [18489.0, 22188.0], [18490.5, 22189.5], [18490.5, 22191.0], [18492.0, 22192.5], [18492.0, 22198.5], [18493.5, 22200.0], [18493.5, 22203.0], [18495.0, 22204.5], [18495.0, 22209.0], [18498.0, 22212.0], [18499.5, 22212.0], [18501.0, 22213.5], [18501.0, 22216.5], [18498.0, 22219.5], [18498.0, 22225.5], [18499.5, 22227.0], [18499.5, 22228.5], [18498.0, 22230.0], [18498.0, 22234.5], [18496.5, 22236.0], [18495.0, 22236.0], [18493.5, 22237.5], [18492.0, 22237.5], [18489.0, 22240.5], [18489.0, 22242.0], [18487.5, 22243.5], [18487.5, 22245.0], [18486.0, 22246.5], [18486.0, 22248.0], [18481.5, 22252.5], [18480.0, 22252.5], [18477.0, 22255.5], [18474.0, 22255.5], [18474.0, 22257.0], [18472.5, 22258.5], [18471.0, 22258.5], [18468.0, 22261.5], [18465.0, 22261.5], [18463.5, 22263.0], [18456.0, 22263.0], [18453.0, 22266.0], [18453.0, 22269.0], [18456.0, 22269.0], [18457.5, 22270.5], [18583.5, 22270.5], [18583.5, 22267.5], [18585.0, 22266.0], [18585.0, 22264.5], [18591.0, 22258.5], [18597.0, 22258.5], [18601.5, 22263.0], [18601.5, 22270.5], [18625.5, 22270.5], [18625.5, 22269.0], [18631.5, 22263.0], [18631.5, 22261.5], [18630.0, 22260.0], [18633.0, 22257.0], [18636.0, 22260.0], [18640.5, 22260.0], [18640.5, 22258.5], [18642.0, 22257.0], [18642.0, 22255.5], [18640.5, 22254.0], [18642.0, 22252.5], [18642.0, 22249.5], [18643.5, 22248.0], [18643.5, 22246.5], [18645.0, 22245.0], [18646.5, 22245.0], [18648.0, 22243.5], [18652.5, 22243.5], [18654.0, 22245.0], [18657.0, 22242.0], [18673.5, 22242.0], [18676.5, 22239.0], [18684.0, 22239.0], [18687.0, 22242.0], [18688.5, 22242.0], [18690.0, 22243.5], [18690.0, 22245.0], [18697.5, 22245.0], [18699.0, 22246.5], [18700.5, 22246.5], [18702.0, 22248.0], [18705.0, 22248.0], [18711.0, 22254.0], [18712.5, 22254.0], [18715.5, 22257.0], [18718.5, 22257.0], [18721.5, 22260.0], [18726.0, 22260.0], [18729.0, 22263.0], [18732.0, 22263.0], [18735.0, 22266.0], [18736.5, 22266.0], [18741.0, 22270.5], [18801.0, 22270.5], [18802.5, 22269.0], [18813.0, 22269.0], [18814.5, 22270.5], [18849.0, 22270.5], [18850.5, 22269.0], [18850.5, 22267.5], [18855.0, 22263.0], [18856.5, 22263.0], [18858.0, 22261.5], [18862.5, 22261.5], [18867.0, 22266.0], [18867.0, 22267.5], [18868.5, 22269.0], [18868.5, 22270.5], [18886.5, 22270.5], [18886.5, 22267.5], [18891.0, 22263.0], [18891.0, 22261.5], [18892.5, 22260.0], [18894.0, 22260.0], [18897.0, 22257.0], [18898.5, 22257.0], [18900.0, 22255.5], [18901.5, 22257.0], [18904.5, 22257.0], [18907.5, 22260.0], [18913.5, 22260.0], [18915.0, 22261.5], [18915.0, 22263.0], [18916.5, 22264.5], [18919.5, 22264.5], [18921.0, 22266.0], [18921.0, 22267.5], [18922.5, 22269.0], [18922.5, 22270.5], [18942.0, 22270.5], [18942.0, 22263.0], [18931.5, 22252.5], [18930.0, 22252.5], [18924.0, 22246.5], [18922.5, 22246.5], [18921.0, 22245.0], [18919.5, 22245.0], [18916.5, 22242.0], [18913.5, 22242.0], [18912.0, 22240.5], [18909.0, 22240.5], [18907.5, 22239.0], [18903.0, 22239.0], [18901.5, 22237.5], [18898.5, 22237.5], [18897.0, 22236.0], [18891.0, 22236.0], [18889.5, 22234.5], [18858.0, 22234.5], [18856.5, 22233.0], [18837.0, 22233.0], [18835.5, 22234.5], [18817.5, 22234.5], [18816.0, 22233.0], [18808.5, 22233.0], [18807.0, 22231.5], [18796.5, 22231.5], [18795.0, 22230.0], [18789.0, 22230.0], [18787.5, 22228.5], [18783.0, 22228.5], [18781.5, 22227.0], [18774.0, 22227.0], [18772.5, 22225.5], [18766.5, 22225.5], [18765.0, 22224.0], [18760.5, 22224.0], [18759.0, 22222.5], [18754.5, 22222.5], [18753.0, 22221.0], [18748.5, 22221.0], [18747.0, 22219.5], [18742.5, 22219.5], [18741.0, 22218.0], [18738.0, 22218.0], [18736.5, 22216.5], [18735.0, 22216.5], [18735.0, 22222.5], [18733.5, 22224.0], [18733.5, 22227.0], [18727.5, 22233.0], [18726.0, 22233.0], [18723.0, 22230.0], [18723.0, 22227.0], [18721.5, 22225.5], [18721.5, 22224.0], [18720.0, 22222.5], [18720.0, 22212.0], [18717.0, 22209.0], [18715.5, 22209.0], [18714.0, 22207.5], [18712.5, 22207.5], [18711.0, 22206.0], [18708.0, 22206.0], [18706.5, 22204.5], [18703.5, 22204.5], [18702.0, 22203.0], [18699.0, 22203.0], [18697.5, 22201.5], [18696.0, 22201.5], [18694.5, 22200.0], [18691.5, 22200.0], [18690.0, 22198.5], [18688.5, 22198.5], [18685.5, 22195.5], [18684.0, 22195.5], [18681.0, 22192.5], [18679.5, 22192.5], [18676.5, 22189.5], [18675.0, 22189.5], [18673.5, 22188.0], [18669.0, 22188.0], [18667.5, 22189.5], [18664.5, 22189.5], [18660.0, 22185.0], [18660.0, 22183.5], [18654.0, 22177.5], [18652.5, 22177.5], [18651.0, 22176.0], [18649.5, 22176.0], [18648.0, 22174.5], [18646.5, 22174.5], [18645.0, 22173.0], [18643.5, 22173.0], [18642.0, 22171.5], [18640.5, 22171.5], [18639.0, 22170.0], [18634.5, 22170.0], [18633.0, 22168.5], [18631.5, 22168.5], [18630.0, 22170.0], [18627.0, 22167.0], [18624.0, 22170.0], [18624.0, 22179.0], [18625.5, 22180.5], [18627.0, 22180.5], [18628.5, 22179.0], [18628.5, 22177.5], [18630.0, 22176.0], [18633.0, 22179.0], [18636.0, 22179.0], [18637.5, 22177.5], [18639.0, 22177.5], [18642.0, 22180.5], [18643.5, 22180.5], [18645.0, 22182.0], [18648.0, 22182.0], [18654.0, 22188.0], [18654.0, 22192.5], [18652.5, 22194.0], [18652.5, 22197.0], [18651.0, 22198.5], [18652.5, 22200.0], [18652.5, 22201.5], [18654.0, 22203.0], [18655.5, 22203.0], [18657.0, 22204.5], [18657.0, 22207.5], [18658.5, 22209.0], [18658.5, 22212.0], [18657.0, 22213.5], [18657.0, 22224.0], [18655.5, 22225.5], [18654.0, 22225.5], [18654.0, 22230.0], [18652.5, 22231.5], [18648.0, 22231.5], [18648.0, 22233.0], [18646.5, 22234.5], [18645.0, 22234.5], [18645.0, 22240.5], [18643.5, 22242.0], [18642.0, 22242.0], [18640.5, 22243.5], [18631.5, 22243.5], [18630.0, 22242.0], [18627.0, 22242.0], [18625.5, 22240.5], [18616.5, 22240.5], [18613.5, 22243.5], [18612.0, 22243.5], [18610.5, 22245.0], [18607.5, 22245.0], [18606.0, 22246.5], [18597.0, 22246.5], [18595.5, 22248.0], [18594.0, 22248.0], [18592.5, 22249.5], [18582.0, 22249.5], [18579.0, 22252.5], [18577.5, 22251.0], [18573.0, 22251.0], [18571.5, 22249.5], [18561.0, 22249.5], [18559.5, 22248.0], [18558.0, 22248.0], [18556.5, 22246.5], [18553.5, 22246.5], [18547.5, 22240.5], [18547.5, 22237.5], [18546.0, 22237.5], [18543.0, 22234.5], [18543.0, 22231.5], [18541.5, 22230.0], [18541.5, 22207.5], [18540.0, 22206.0], [18541.5, 22204.5], [18541.5, 22203.0], [18543.0, 22201.5], [18549.0, 22201.5], [18549.0, 22200.0], [18546.0, 22200.0], [18544.5, 22198.5], [18535.5, 22198.5], [18534.0, 22197.0], [18534.0, 22195.5], [18532.5, 22194.0], [18532.5, 22191.0], [18531.0, 22189.5], [18531.0, 22188.0], [18529.5, 22186.5], [18529.5, 22183.5], [18526.5, 22180.5], [18526.5, 22174.5], [18525.0, 22173.0], [18525.0, 22165.5], [18523.5, 22164.0], [18523.5, 22149.0], [18522.0, 22147.5], [18522.0, 22144.5], [18520.5, 22143.0], [18520.5, 22138.5], [18522.0, 22137.0], [18522.0, 22135.5], [18523.5, 22134.0], [18523.5, 22120.5], [18525.0, 22119.0], [18526.5, 22119.0], [18529.5, 22116.0], [18531.0, 22116.0], [18531.0, 22114.5], [18532.5, 22113.0], [18537.0, 22113.0], [18538.5, 22114.5], [18541.5, 22114.5], [18543.0, 22116.0], [18546.0, 22116.0], [18534.0, 22104.0], [18532.5, 22104.0], [18519.0, 22090.5], [18517.5, 22090.5], [18514.5, 22087.5], [18513.0, 22087.5], [18511.5, 22086.0], [18508.5, 22086.0], [18504.0, 22081.5], [18502.5, 22081.5], [18498.0, 22077.0], [18496.5, 22077.0], [18493.5, 22074.0], [18492.0, 22074.0], [18487.5, 22069.5], [18486.0, 22069.5], [18484.5, 22068.0], [18483.0, 22068.0], [18480.0, 22065.0], [18478.5, 22065.0], [18477.0, 22063.5], [18475.5, 22063.5], [18471.0, 22059.0], [18469.5, 22059.0], [18468.0, 22057.5], [18466.5, 22057.5], [18463.5, 22054.5], [18462.0, 22054.5], [18460.5, 22053.0], [18459.0, 22053.0], [18457.5, 22051.5], [18456.0, 22051.5], [18453.0, 22054.5], [18453.0, 22057.5], [18450.0, 22060.5], [18450.0, 22062.0], [18447.0, 22065.0], [18447.0, 22066.5], [18445.5, 22068.0], [18445.5, 22069.5], [18444.0, 22071.0], [18444.0, 22072.5], [18441.0, 22075.5], [18432.0, 22075.5], [18430.5, 22074.0], [18430.5, 22015.5], [18403.5, 22015.5], [18402.0, 22014.0], [18396.0, 22014.0], [18394.5, 22012.5], [18394.5, 22011.0], [18396.0, 22009.5], [18403.5, 22009.5], [18405.0, 22008.0], [18406.5, 22008.0], [18411.0, 22003.5], [18406.5, 21999.0], [18406.5, 21997.5], [18405.0, 21996.0], [18405.0, 21994.5], [18402.0, 21991.5], [18402.0, 21990.0], [18399.0, 21987.0], [18399.0, 21985.5], [18394.5, 21981.0], [18394.5, 21979.5], [18391.5, 21976.5], [18391.5, 21975.0], [18390.0, 21973.5], [18390.0, 21972.0], [18388.5, 21970.5], [18388.5, 21969.0], [18387.0, 21967.5], [18387.0, 21966.0], [18385.5, 21964.5], [18385.5, 21963.0], [18384.0, 21961.5], [18384.0, 21958.5], [18382.5, 21957.0], [18382.5, 21954.0], [18381.0, 21952.5], [18381.0, 21951.0], [18379.5, 21949.5], [18379.5, 21945.0], [18378.0, 21943.5], [18378.0, 21940.5], [18376.5, 21939.0], [18376.5, 21937.5], [18375.0, 21936.0], [18375.0, 21934.5], [18372.0, 21931.5], [18372.0, 21928.5], [18370.5, 21927.0], [18370.5, 21921.0], [18369.0, 21919.5], [18369.0, 21916.5], [18367.5, 21915.0], [18367.5, 21913.5], [18366.0, 21912.0], [18366.0, 21910.5], [18364.5, 21909.0], [18364.5, 21907.5], [18363.0, 21906.0], [18363.0, 21903.0], [18361.5, 21901.5], [18361.5, 21904.5], [18360.0, 21906.0]]]}}, {"type": "Feature", "properties": {"class_id": 6, "classification": "OOF", "area": 35451.0}, "geometry": {"type": "Polygon", "coordinates": [[[20028.0, 21876.0], [20025.0, 21879.0], [20025.0, 21880.5], [20022.0, 21883.5], [20020.5, 21883.5], [20019.0, 21885.0], [20010.0, 21885.0], [20008.5, 21886.5], [20007.0, 21886.5], [20005.5, 21888.0], [20005.5, 21898.5], [20010.0, 21903.0], [20011.5, 21903.0], [20013.0, 21904.5], [20014.5, 21904.5], [20017.5, 21907.5], [20017.5, 21909.0], [20016.0, 21910.5], [20016.0, 21912.0], [20014.5, 21913.5], [20013.0, 21913.5], [20002.5, 21924.0], [20001.0, 21924.0], [19999.5, 21925.5], [19996.5, 21925.5], [19990.5, 21931.5], [19990.5, 21933.0], [19984.5, 21939.0], [19983.0, 21939.0], [19981.5, 21940.5], [19968.0, 21940.5], [19968.0, 21952.5], [19969.5, 21951.0], [19974.0, 21951.0], [19977.0, 21954.0], [19986.0, 21954.0], [19987.5, 21952.5], [19989.0, 21954.0], [19996.5, 21954.0], [19998.0, 21952.5], [20011.5, 21952.5], [20013.0, 21954.0], [20014.5, 21952.5], [20017.5, 21952.5], [20019.0, 21951.0], [20020.5, 21951.0], [20022.0, 21952.5], [20022.0, 21957.0], [20023.5, 21957.0], [20026.5, 21960.0], [20028.0, 21958.5], [20029.5, 21958.5], [20031.0, 21957.0], [20032.5, 21957.0], [20032.5, 21955.5], [20034.0, 21954.0], [20035.5, 21954.0], [20038.5, 21951.0], [20041.5, 21954.0], [20043.0, 21954.0], [20044.5, 21955.5], [20047.5, 21955.5], [20047.5, 21954.0], [20052.0, 21949.5], [20053.5, 21949.5], [20055.0, 21951.0], [20059.5, 21951.0], [20061.0, 21952.5], [20061.0, 21954.0], [20062.5, 21954.0], [20064.0, 21955.5], [20064.0, 21957.0], [20067.0, 21960.0], [20067.0, 21963.0], [20070.0, 21966.0], [20070.0, 21969.0], [20071.5, 21970.5], [20070.0, 21972.0], [20070.0, 21975.0], [20074.5, 21979.5], [20074.5, 21988.5], [20079.0, 21993.0], [20079.0, 22009.5], [20077.5, 22011.0], [20074.5, 22011.0], [20073.0, 22012.5], [20070.0, 22012.5], [20067.0, 22015.5], [20065.5, 22014.0], [20064.0, 22014.0], [20062.5, 22012.5], [20058.0, 22012.5], [20056.5, 22011.0], [20055.0, 22011.0], [20053.5, 22012.5], [20049.0, 22012.5], [20046.0, 22009.5], [20044.5, 22009.5], [20041.5, 22006.5], [20040.0, 22006.5], [20038.5, 22005.0], [20038.5, 22003.5], [20035.5, 22003.5], [20032.5, 22000.5], [20031.0, 22000.5], [20031.0, 22002.0], [20032.5, 22002.0], [20034.0, 22003.5], [20034.0, 22005.0], [20035.5, 22005.0], [20037.0, 22006.5], [20037.0, 22008.0], [20040.0, 22011.0], [20040.0, 22014.0], [20038.5, 22015.5], [20026.5, 22015.5], [20028.0, 22017.0], [20029.5, 22017.0], [20031.0, 22018.5], [20031.0, 22020.0], [20029.5, 22021.5], [20029.5, 22023.0], [20028.0, 22024.5], [20028.0, 22026.0], [20026.5, 22027.5], [20025.0, 22027.5], [20025.0, 22029.0], [20023.5, 22030.5], [20022.0, 22030.5], [20020.5, 22029.0], [20020.5, 22024.5], [20014.5, 22024.5], [20011.5, 22021.5], [20010.0, 22021.5], [20008.5, 22020.0], [20008.5, 22018.5], [20007.0, 22017.0], [20008.5, 22015.5], [19968.0, 22015.5], [19968.0, 22116.0], [19978.5, 22116.0], [19980.0, 22114.5], [19983.0, 22114.5], [19984.5, 22113.0], [19986.0, 22113.0], [19986.0, 22111.5], [19990.5, 22107.0], [19992.0, 22107.0], [19992.0, 22102.5], [19989.0, 22102.5], [19987.5, 22101.0], [19986.0, 22101.0], [19984.5, 22099.5], [19984.5, 22098.0], [19981.5, 22095.0], [19981.5, 22081.5], [19983.0, 22080.0], [19984.5, 22080.0], [19984.5, 22075.5], [19986.0, 22074.0], [19987.5, 22074.0], [19987.5, 22069.5], [19990.5, 22066.5], [19990.5, 22065.0], [19999.5, 22056.0], [19999.5, 22054.5], [20001.0, 22053.0], [20011.5, 22053.0], [20016.0, 22057.5], [20016.0, 22062.0], [20017.5, 22062.0], [20019.0, 22063.5], [20020.5, 22063.5], [20022.0, 22065.0], [20023.5, 22065.0], [20028.0, 22069.5], [20029.5, 22069.5], [20037.0, 22077.0], [20038.5, 22077.0], [20040.0, 22078.5], [20040.0, 22080.0], [20043.0, 22083.0], [20043.0, 22089.0], [20044.5, 22090.5], [20044.5, 22099.5], [20043.0, 22101.0], [20043.0, 22104.0], [20041.5, 22105.5], [20041.5, 22107.0], [20040.0, 22108.5], [20040.0, 22113.0], [20038.5, 22114.5], [20038.5, 22116.0], [20037.0, 22117.5], [20037.0, 22122.0], [20035.5, 22123.5], [20034.0, 22123.5], [20032.5, 22125.0], [20031.0, 22125.0], [20031.0, 22128.0], [20029.5, 22129.5], [20023.5, 22129.5], [20020.5, 22132.5], [20004.0, 22132.5], [20002.5, 22134.0], [20004.0, 22135.5], [20004.0, 22140.0], [20007.0, 22140.0], [20010.0, 22143.0], [20010.0, 22144.5], [20011.5, 22144.5], [20013.0, 22146.0], [20013.0, 22147.5], [20014.5, 22149.0], [20014.5, 22155.0], [20016.0, 22156.5], [20016.0, 22167.0], [20014.5, 22168.5], [20014.5, 22170.0], [20013.0, 22171.5], [20007.0, 22171.5], [20004.0, 22174.5], [20004.0, 22176.0], [20002.5, 22177.5], [19999.5, 22177.5], [19999.5, 22179.0], [19998.0, 22180.5], [19992.0, 22180.5], [19990.5, 22179.0], [19989.0, 22180.5], [19983.0, 22180.5], [19980.0, 22183.5], [19978.5, 22183.5], [19975.5, 22186.5], [19971.0, 22186.5], [19968.0, 22183.5], [19968.0, 22203.0], [19969.5, 22203.0], [19971.0, 22201.5], [19974.0, 22201.5], [19978.5, 22206.0], [19978.5, 22212.0], [19975.5, 22215.0], [19972.5, 22215.0], [19971.0, 22213.5], [19968.0, 22213.5], [19968.0, 22239.0], [19966.5, 22240.5], [19962.0, 22240.5], [19960.5, 22239.0], [19960.5, 22237.5], [19953.0, 22237.5], [19951.5, 22239.0], [19950.0, 22239.0], [19948.5, 22240.5], [19947.0, 22240.5], [19945.5, 22242.0], [19942.5, 22242.0], [19941.0, 22243.5], [19938.0, 22243.5], [19938.0, 22245.0], [19936.5, 22246.5], [19932.0, 22246.5], [19929.0, 22249.5], [19911.0, 22249.5], [19909.5, 22248.0], [19899.0, 22248.0], [19897.5, 22249.5], [19891.5, 22249.5], [19890.0, 22248.0], [19887.0, 22248.0], [19885.5, 22246.5], [19884.0, 22246.5], [19882.5, 22245.0], [19881.0, 22245.0], [19879.5, 22243.5], [19878.0, 22243.5], [19876.5, 22242.0], [19876.5, 22240.5], [19875.0, 22240.5], [19870.5, 22236.0], [19867.5, 22236.0], [19866.0, 22234.5], [19864.5, 22234.5], [19861.5, 22231.5], [19860.0, 22231.5], [19855.5, 22227.0], [19855.5, 22225.5], [19852.5, 22222.5], [19852.5, 22213.5], [19854.0, 22212.0], [19855.5, 22212.0], [19855.5, 22207.5], [19857.0, 22206.0], [19857.0, 22204.5], [19860.0, 22201.5], [19861.5, 22201.5], [19863.0, 22200.0], [19864.5, 22200.0], [19867.5, 22197.0], [19869.0, 22197.0], [19873.5, 22192.5], [19873.5, 22191.0], [19876.5, 22188.0], [19876.5, 22186.5], [19878.0, 22185.0], [19879.5, 22185.0], [19879.5, 22183.5], [19881.0, 22182.0], [19881.0, 22180.5], [19884.0, 22177.5], [19878.0, 22177.5], [19876.5, 22176.0], [19875.0, 22176.0], [19870.5, 22171.5], [19870.5, 22170.0], [19866.0, 22165.5], [19864.5, 22165.5], [19860.0, 22161.0], [19858.5, 22161.0], [19857.0, 22159.5], [19845.0, 22159.5], [19843.5, 22161.0], [19836.0, 22161.0], [19834.5, 22162.5], [19833.0, 22162.5], [19830.0, 22165.5], [19828.5, 22165.5], [19828.5, 22167.0], [19824.0, 22171.5], [19824.0, 22174.5], [19822.5, 22176.0], [19822.5, 22185.0], [19824.0, 22186.5], [19824.0, 22189.5], [19822.5, 22191.0], [19822.5, 22192.5], [19824.0, 22194.0], [19831.5, 22194.0], [19833.0, 22195.5], [19834.5, 22195.5], [19836.0, 22197.0], [19837.5, 22197.0], [19840.5, 22200.0], [19840.5, 22207.5], [19839.0, 22209.0], [19839.0, 22210.5], [19837.5, 22212.0], [19837.5, 22213.5], [19836.0, 22215.0], [19836.0, 22216.5], [19834.5, 22218.0], [19834.5, 22221.0], [19833.0, 22222.5], [19833.0, 22225.5], [19828.5, 22230.0], [19827.0, 22228.5], [19824.0, 22228.5], [19822.5, 22227.0], [19818.0, 22227.0], [19816.5, 22228.5], [19815.0, 22228.5], [19806.0, 22237.5], [19807.5, 22237.5], [19813.5, 22243.5], [19813.5, 22245.0], [19815.0, 22246.5], [19815.0, 22248.0], [19816.5, 22249.5], [19816.5, 22257.0], [19818.0, 22257.0], [19821.0, 22260.0], [19821.0, 22263.0], [19822.5, 22264.5], [19822.5, 22266.0], [19824.0, 22267.5], [19824.0, 22270.5], [19834.5, 22270.5], [19834.5, 22258.5], [19836.0, 22257.0], [19837.5, 22257.0], [19839.0, 22255.5], [19843.5, 22255.5], [19845.0, 22257.0], [19848.0, 22257.0], [19849.5, 22258.5], [19851.0, 22258.5], [19852.5, 22260.0], [19855.5, 22260.0], [19857.0, 22261.5], [19860.0, 22261.5], [19861.5, 22263.0], [19864.5, 22263.0], [19867.5, 22266.0], [19867.5, 22270.5], [19966.5, 22270.5], [19968.0, 22269.0], [19969.5, 22269.0], [19971.0, 22270.5], [19972.5, 22269.0], [19972.5, 22267.5], [19974.0, 22266.0], [19980.0, 22266.0], [19981.5, 22267.5], [19981.5, 22269.0], [19983.0, 22270.5], [20005.5, 22270.5], [20001.0, 22266.0], [20001.0, 22264.5], [19996.5, 22260.0], [19996.5, 22257.0], [19999.5, 22254.0], [19999.5, 22251.0], [19996.5, 22251.0], [19993.5, 22248.0], [19993.5, 22243.5], [19998.0, 22239.0], [20001.0, 22239.0], [20004.0, 22242.0], [20004.0, 22240.5], [20005.5, 22239.0], [20005.5, 22237.5], [20004.0, 22237.5], [20001.0, 22234.5], [20001.0, 22231.5], [19999.5, 22230.0], [19999.5, 22219.5], [19996.5, 22216.5], [19996.5, 22213.5], [19995.0, 22212.0], [19996.5, 22210.5], [19996.5, 22209.0], [19995.0, 22207.5], [19995.0, 22206.0], [19993.5, 22204.5], [19993.5, 22198.5], [19996.5, 22195.5], [19998.0, 22195.5], [19999.5, 22194.0], [20008.5, 22194.0], [20010.0, 22195.5], [20011.5, 22195.5], [20013.0, 22197.0], [20014.5, 22197.0], [20016.0, 22198.5], [20016.0, 22200.0], [20017.5, 22200.0], [20019.0, 22201.5], [20019.0, 22224.0], [20020.5, 22225.5], [20020.5, 22233.0], [20022.0, 22234.5], [20020.5, 22236.0], [20019.0, 22236.0], [20019.0, 22237.5], [20020.5, 22237.5], [20022.0, 22239.0], [20023.5, 22239.0], [20026.5, 22242.0], [20028.0, 22242.0], [20028.0, 22239.0], [20029.5, 22237.5], [20029.5, 22234.5], [20034.0, 22230.0], [20035.5, 22230.0], [20038.5, 22227.0], [20040.0, 22227.0], [20043.0, 22224.0], [20044.5, 22224.0], [20046.0, 22222.5], [20047.5, 22222.5], [20049.0, 22221.0], [20059.5, 22221.0], [20061.0, 22219.5], [20061.0, 22218.0], [20062.5, 22216.5], [20062.5, 22215.0], [20064.0, 22213.5], [20064.0, 22210.5], [20065.5, 22209.0], [20065.5, 22207.5], [20068.5, 22204.5], [20068.5, 22203.0], [20070.0, 22201.5], [20070.0, 22200.0], [20071.5, 22198.5], [20071.5, 22194.0], [20070.0, 22192.5], [20070.0, 22189.5], [20068.5, 22188.0], [20068.5, 22185.0], [20067.0, 22183.5], [20067.0, 22180.5], [20065.5, 22179.0], [20065.5, 22171.5], [20067.0, 22170.0], [20070.0, 22170.0], [20071.5, 22168.5], [20076.0, 22168.5], [20077.5, 22167.0], [20079.0, 22167.0], [20080.5, 22165.5], [20080.5, 22164.0], [20082.0, 22162.5], [20082.0, 22159.5], [20083.5, 22158.0], [20083.5, 22155.0], [20085.0, 22153.5], [20085.0, 22150.5], [20086.5, 22149.0], [20086.5, 22147.5], [20089.5, 22144.5], [20091.0, 22144.5], [20092.5, 22143.0], [20094.0, 22143.0], [20095.5, 22141.5], [20095.5, 22138.5], [20091.0, 22134.0], [20091.0, 22129.5], [20089.5, 22128.0], [20089.5, 22126.5], [20091.0, 22125.0], [20091.0, 22120.5], [20092.5, 22119.0], [20092.5, 22113.0], [20091.0, 22111.5], [20091.0, 22110.0], [20082.0, 22101.0], [20082.0, 22099.5], [20080.5, 22098.0], [20080.5, 22096.5], [20082.0, 22095.0], [20083.5, 22095.0], [20085.0, 22096.5], [20086.5, 22096.5], [20088.0, 22098.0], [20089.5, 22098.0], [20092.5, 22101.0], [20097.0, 22101.0], [20098.5, 22099.5], [20100.0, 22099.5], [20101.5, 22098.0], [20103.0, 22098.0], [20106.0, 22095.0], [20106.0, 22092.0], [20107.5, 22090.5], [20107.5, 22084.5], [20109.0, 22083.0], [20109.0, 22075.5], [20110.5, 22074.0], [20110.5, 22071.0], [20116.5, 22065.0], [20112.0, 22065.0], [20110.5, 22063.5], [20109.0, 22063.5], [20107.5, 22065.0], [20103.0, 22065.0], [20101.5, 22063.5], [20097.0, 22063.5], [20095.5, 22062.0], [20094.0, 22062.0], [20091.0, 22059.0], [20091.0, 22057.5], [20089.5, 22056.0], [20089.5, 22054.5], [20086.5, 22051.5], [20086.5, 22050.0], [20083.5, 22047.0], [20083.5, 22044.0], [20080.5, 22041.0], [20080.5, 22029.0], [20083.5, 22026.0], [20083.5, 22024.5], [20086.5, 22021.5], [20086.5, 22018.5], [20088.0, 22017.0], [20091.0, 22017.0], [20094.0, 22020.0], [20104.5, 22020.0], [20106.0, 22018.5], [20107.5, 22018.5], [20109.0, 22017.0], [20112.0, 22017.0], [20113.5, 22018.5], [20113.5, 22020.0], [20116.5, 22020.0], [20119.5, 22023.0], [20119.5, 22027.5], [20121.0, 22029.0], [20121.0, 22030.5], [20122.5, 22032.0], [20122.5, 22041.0], [20121.0, 22042.5], [20121.0, 22044.0], [20119.5, 22045.5], [20119.5, 22047.0], [20122.5, 22044.0], [20122.5, 22042.5], [20124.0, 22041.0], [20125.5, 22041.0], [20127.0, 22039.5], [20130.0, 22039.5], [20131.5, 22041.0], [20131.5, 22036.5], [20130.0, 22035.0], [20130.0, 22026.0], [20128.5, 22024.5], [20128.5, 22020.0], [20127.0, 22018.5], [20127.0, 22015.5], [20125.5, 22014.0], [20125.5, 22012.5], [20124.0, 22011.0], [20124.0, 22009.5], [20122.5, 22008.0], [20122.5, 22006.5], [20121.0, 22005.0], [20119.5, 22005.0], [20118.0, 22003.5], [20113.5, 22003.5], [20110.5, 22000.5], [20109.0, 22000.5], [20103.0, 21994.5], [20103.0, 21988.5], [20104.5, 21987.0], [20104.5, 21985.5], [20106.0, 21984.0], [20113.5, 21984.0], [20115.0, 21982.5], [20119.5, 21982.5], [20121.0, 21984.0], [20125.5, 21984.0], [20127.0, 21985.5], [20130.0, 21985.5], [20131.5, 21987.0], [20134.5, 21987.0], [20140.5, 21981.0], [20140.5, 21979.5], [20142.0, 21978.0], [20142.0, 21973.5], [20140.5, 21972.0], [20140.5, 21970.5], [20134.5, 21964.5], [20130.0, 21964.5], [20128.5, 21963.0], [20127.0, 21963.0], [20124.0, 21960.0], [20124.0, 21952.5], [20122.5, 21951.0], [20122.5, 21949.5], [20121.0, 21948.0], [20121.0, 21946.5], [20119.5, 21945.0], [20119.5, 21943.5], [20118.0, 21942.0], [20118.0, 21940.5], [20113.5, 21936.0], [20113.5, 21934.5], [20112.0, 21933.0], [20112.0, 21925.5], [20113.5, 21924.0], [20113.5, 21919.5], [20112.0, 21918.0], [20112.0, 21916.5], [20110.5, 21915.0], [20104.5, 21915.0], [20103.0, 21916.5], [20095.5, 21916.5], [20092.5, 21913.5], [20091.0, 21913.5], [20089.5, 21912.0], [20088.0, 21912.0], [20086.5, 21910.5], [20083.5, 21910.5], [20082.0, 21909.0], [20080.5, 21909.0], [20079.0, 21910.5], [20077.5, 21910.5], [20077.5, 21912.0], [20076.0, 21913.5], [20076.0, 21916.5], [20077.5, 21918.0], [20077.5, 21925.5], [20079.0, 21927.0], [20079.0, 21937.5], [20076.0, 21940.5], [20073.0, 21940.5], [20071.5, 21939.0], [20070.0, 21939.0], [20064.0, 21933.0], [20064.0, 21931.5], [20061.0, 21928.5], [20061.0, 21922.5], [20062.5, 21921.0], [20062.5, 21919.5], [20064.0, 21918.0], [20064.0, 21912.0], [20062.5, 21910.5], [20062.5, 21907.5], [20061.0, 21906.0], [20061.0, 21904.5], [20059.5, 21903.0], [20059.5, 21897.0], [20058.0, 21895.5], [20058.0, 21894.0], [20049.0, 21885.0], [20047.5, 21885.0], [20044.5, 21882.0], [20043.0, 21882.0], [20038.5, 21877.5], [20037.0, 21877.5], [20035.5, 21876.0], [20034.0, 21876.0], [20032.5, 21874.5], [20031.0, 21874.5], [20029.5, 21876.0], [20028.0, 21876.0]]]}}, {"type": "Feature", "properties": {"class_id": 6, "classification": "OOF", "area": 545.625}, "geometry": {"type": "Polygon", "coordinates": [[[19968.0, 21871.5], [19968.0, 21906.0], [19972.5, 21906.0], [19974.0, 21904.5], [19975.5, 21904.5], [19977.0, 21903.0], [19978.5, 21903.0], [19980.0, 21901.5], [19981.5, 21901.5], [19983.0, 21900.0], [19984.5, 21900.0], [19986.0, 21898.5], [19987.5, 21898.5], [19987.5, 21897.0], [19989.0, 21895.5], [19989.0, 21888.0], [19987.5, 21886.5], [19987.5, 21885.0], [19984.5, 21882.0], [19984.5, 21880.5], [19977.0, 21873.0], [19975.5, 21873.0], [19974.0, 21871.5], [19968.0, 21871.5]]]}}, {"type": "Feature", "properties": {"class_id": 6, "classification": "OOF", "area": 480.375}, "geometry": {"type": "Polygon", "coordinates": [[[20140.5, 21864.0], [20136.0, 21868.5], [20136.0, 21871.5], [20134.5, 21873.0], [20134.5, 21883.5], [20137.5, 21886.5], [20140.5, 21886.5], [20142.0, 21888.0], [20148.0, 21888.0], [20149.5, 21886.5], [20152.5, 21886.5], [20155.5, 21889.5], [20155.5, 21891.0], [20160.0, 21895.5], [20163.0, 21895.5], [20164.5, 21894.0], [20164.5, 21888.0], [20163.0, 21886.5], [20161.5, 21886.5], [20160.0, 21885.0], [20157.0, 21885.0], [20155.5, 21883.5], [20155.5, 21882.0], [20154.0, 21880.5], [20154.0, 21873.0], [20152.5, 21871.5], [20152.5, 21870.0], [20148.0, 21865.5], [20146.5, 21865.5], [20145.0, 21864.0], [20140.5, 21864.0]]]}}, {"type": "Feature", "properties": {"class_id": 6, "classification": "OOF", "area": 3569.625}, "geometry": {"type": "Polygon", "coordinates": [[[20182.5, 21858.0], [20182.5, 21859.5], [20181.0, 21861.0], [20181.0, 21877.5], [20179.5, 21879.0], [20179.5, 21883.5], [20178.0, 21885.0], [20178.0, 21888.0], [20176.5, 21889.5], [20176.5, 21891.0], [20175.0, 21892.5], [20173.5, 21892.5], [20170.5, 21895.5], [20170.5, 21897.0], [20172.0, 21898.5], [20172.0, 21900.0], [20173.5, 21901.5], [20173.5, 21903.0], [20179.5, 21909.0], [20179.5, 21912.0], [20181.0, 21913.5], [20179.5, 21915.0], [20179.5, 21916.5], [20175.0, 21921.0], [20175.0, 21922.5], [20173.5, 21924.0], [20173.5, 21927.0], [20172.0, 21928.5], [20172.0, 21930.0], [20170.5, 21931.5], [20170.5, 21933.0], [20169.0, 21934.5], [20169.0, 21936.0], [20164.5, 21940.5], [20164.5, 21946.5], [20166.0, 21948.0], [20166.0, 21949.5], [20167.5, 21951.0], [20167.5, 21952.5], [20170.5, 21955.5], [20173.5, 21955.5], [20175.0, 21957.0], [20178.0, 21957.0], [20179.5, 21958.5], [20188.5, 21958.5], [20193.0, 21963.0], [20193.0, 21964.5], [20196.0, 21967.5], [20202.0, 21967.5], [20203.5, 21966.0], [20205.0, 21966.0], [20206.5, 21964.5], [20208.0, 21964.5], [20209.5, 21963.0], [20211.0, 21963.0], [20214.0, 21960.0], [20214.0, 21958.5], [20215.5, 21957.0], [20215.5, 21955.5], [20214.0, 21954.0], [20214.0, 21952.5], [20206.5, 21945.0], [20206.5, 21943.5], [20205.0, 21942.0], [20205.0, 21940.5], [20208.0, 21937.5], [20218.5, 21937.5], [20220.0, 21936.0], [20221.5, 21936.0], [20223.0, 21934.5], [20224.5, 21934.5], [20226.0, 21933.0], [20227.5, 21933.0], [20227.5, 21925.5], [20223.0, 21925.5], [20221.5, 21924.0], [20221.5, 21922.5], [20218.5, 21919.5], [20220.0, 21918.0], [20223.0, 21918.0], [20221.5, 21916.5], [20221.5, 21913.5], [20220.0, 21912.0], [20220.0, 21907.5], [20218.5, 21906.0], [20218.5, 21901.5], [20212.5, 21895.5], [20211.0, 21895.5], [20208.0, 21892.5], [20206.5, 21892.5], [20203.5, 21889.5], [20202.0, 21889.5], [20200.5, 21888.0], [20200.5, 21886.5], [20199.0, 21886.5], [20197.5, 21885.0], [20197.5, 21883.5], [20196.0, 21882.0], [20196.0, 21880.5], [20194.5, 21879.0], [20194.5, 21877.5], [20191.5, 21874.5], [20191.5, 21873.0], [20188.5, 21870.0], [20188.5, 21867.0], [20187.0, 21867.0], [20185.5, 21865.5], [20185.5, 21862.5], [20187.0, 21861.0], [20187.0, 21858.0], [20185.5, 21858.0], [20184.0, 21856.5], [20182.5, 21858.0]]]}}, {"type": "Feature", "properties": {"class_id": 6, "classification": "OOF", "area": 34.875}, "geometry": {"type": "Polygon", "coordinates": [[[20188.5, 21834.0], [20187.0, 21835.5], [20187.0, 21837.0], [20185.5, 21838.5], [20185.5, 21849.0], [20187.0, 21849.0], [20187.0, 21847.5], [20188.5, 21846.0], [20188.5, 21834.0]]]}}, {"type": "Feature", "properties": {"class_id": 6, "classification": "OOF", "area": 57.375}, "geometry": {"type": "Polygon", "coordinates": [[[20200.5, 21823.5], [20199.0, 21825.0], [20197.5, 21825.0], [20196.0, 21826.5], [20196.0, 21828.0], [20202.0, 21828.0], [20203.5, 21829.5], [20209.5, 21829.5], [20211.0, 21828.0], [20209.5, 21826.5], [20208.0, 21826.5], [20205.0, 21823.5], [20200.5, 21823.5]]]}}, {"type": "Feature", "properties": {"class_id": 6, "classification": "OOF", "area": 6.75}, "geometry": {"type": "Polygon", "coordinates": [[[20289.0, 21819.0], [20290.5, 21820.5], [20290.5, 21822.0], [20292.0, 21823.5], [20292.0, 21820.5], [20289.0, 21817.5], [20289.0, 21819.0]]]}}, {"type": "Feature", "properties": {"class_id": 6, "classification": "OOF", "area": 1122.75}, "geometry": {"type": "Polygon", "coordinates": [[[17719.5, 21757.5], [17718.0, 21757.5], [17718.0, 21759.0], [17716.5, 21760.5], [17715.0, 21760.5], [17715.0, 21762.0], [17716.5, 21763.5], [17716.5, 21765.0], [17715.0, 21766.5], [17715.0, 21768.0], [17713.5, 21769.5], [17712.0, 21769.5], [17712.0, 21771.0], [17707.5, 21775.5], [17707.5, 21777.0], [17706.0, 21778.5], [17703.0, 21778.5], [17700.0, 21781.5], [17700.0, 21786.0], [17698.5, 21787.5], [17697.0, 21787.5], [17697.0, 21790.5], [17694.0, 21793.5], [17694.0, 21798.0], [17692.5, 21799.5], [17692.5, 21801.0], [17691.0, 21802.5], [17691.0, 21804.0], [17689.5, 21805.5], [17685.0, 21805.5], [17685.0, 21817.5], [17686.5, 21819.0], [17685.0, 21820.5], [17685.0, 21825.0], [17686.5, 21825.0], [17688.0, 21823.5], [17694.0, 21823.5], [17695.5, 21825.0], [17697.0, 21825.0], [17698.5, 21823.5], [17706.0, 21823.5], [17713.5, 21816.0], [17713.5, 21814.5], [17715.0, 21813.0], [17715.0, 21811.5], [17716.5, 21810.0], [17716.5, 21805.5], [17715.0, 21804.0], [17715.0, 21802.5], [17713.5, 21801.0], [17713.5, 21796.5], [17715.0, 21795.0], [17715.0, 21792.0], [17716.5, 21790.5], [17716.5, 21780.0], [17715.0, 21778.5], [17715.0, 21774.0], [17716.5, 21772.5], [17716.5, 21769.5], [17718.0, 21768.0], [17718.0, 21762.0], [17719.5, 21760.5], [17719.5, 21759.0], [17721.0, 21757.5], [17721.0, 21756.0], [17719.5, 21757.5]]]}}, {"type": "Feature", "properties": {"class_id": 6, "classification": "OOF", "area": 661.5}, "geometry": {"type": "Polygon", "coordinates": [[[18372.0, 21723.0], [18363.0, 21732.0], [18361.5, 21732.0], [18360.0, 21733.5], [18358.5, 21733.5], [18355.5, 21736.5], [18355.5, 21738.0], [18352.5, 21741.0], [18351.0, 21741.0], [18349.5, 21742.5], [18346.5, 21742.5], [18343.5, 21745.5], [18343.5, 21747.0], [18342.0, 21748.5], [18342.0, 21750.0], [18340.5, 21751.5], [18340.5, 21753.0], [18348.0, 21760.5], [18351.0, 21760.5], [18354.0, 21763.5], [18355.5, 21763.5], [18357.0, 21765.0], [18363.0, 21765.0], [18366.0, 21762.0], [18366.0, 21754.5], [18367.5, 21753.0], [18367.5, 21744.0], [18369.0, 21742.5], [18369.0, 21738.0], [18370.5, 21736.5], [18370.5, 21730.5], [18372.0, 21729.0], [18372.0, 21723.0]]]}}, {"type": "Feature", "properties": {"class_id": 6, "classification": "OOF", "area": 18.0}, "geometry": {"type": "Polygon", "coordinates": [[[17926.5, 21706.5], [17920.5, 21706.5], [17922.0, 21708.0], [17928.0, 21708.0], [17926.5, 21706.5]]]}}, {"type": "Feature", "properties": {"class_id": 6, "classification": "OOF", "area": 27.0}, "geometry": {"type": "Polygon", "coordinates": [[[17941.5, 21699.0], [17938.5, 21702.0], [17938.5, 21705.0], [17940.0, 21705.0], [17943.0, 21702.0], [17944.5, 21702.0], [17946.0, 21700.5], [17947.5, 21700.5], [17946.0, 21699.0], [17941.5, 21699.0]]]}}, {"type": "Feature", "properties": {"class_id": 6, "classification": "OOF", "area": 9.0}, "geometry": {"type": "Polygon", "coordinates": [[[17988.0, 21687.0], [17986.5, 21688.5], [17986.5, 21690.0], [17985.0, 21691.5], [17986.5, 21691.5], [17989.5, 21688.5], [17989.5, 21687.0], [17988.0, 21687.0]]]}}, {"type": "Feature", "properties": {"class_id": 6, "classification": "OOF", "area": 92.25}, "geometry": {"type": "Polygon", "coordinates": [[[18123.0, 21663.0], [18121.5, 21664.5], [18114.0, 21664.5], [18112.5, 21666.0], [18112.5, 21669.0], [18114.0, 21670.5], [18112.5, 21672.0], [18112.5, 21673.5], [18111.0, 21675.0], [18111.0, 21678.0], [18115.5, 21678.0], [18115.5, 21675.0], [18118.5, 21672.0], [18118.5, 21670.5], [18120.0, 21669.0], [18121.5, 21669.0], [18121.5, 21667.5], [18123.0, 21666.0], [18124.5, 21666.0], [18124.5, 21664.5], [18123.0, 21663.0]]]}}, {"type": "Feature", "properties": {"class_id": 6, "classification": "OOF", "area": 2.25}, "geometry": {"type": "Polygon", "coordinates": [[[18124.5, 21658.5], [18124.5, 21660.0], [18126.0, 21660.0], [18126.0, 21658.5], [18124.5, 21658.5]]]}}, {"type": "Feature", "properties": {"class_id": 6, "classification": "OOF", "area": 2743.875}, "geometry": {"type": "Polygon", "coordinates": [[[18010.5, 21655.5], [18010.5, 21658.5], [18009.0, 21660.0], [18009.0, 21661.5], [18007.5, 21663.0], [18007.5, 21666.0], [18006.0, 21667.5], [18006.0, 21676.5], [18012.0, 21682.5], [18012.0, 21684.0], [18013.5, 21685.5], [18015.0, 21685.5], [18018.0, 21688.5], [18019.5, 21688.5], [18030.0, 21699.0], [18031.5, 21699.0], [18033.0, 21700.5], [18042.0, 21700.5], [18043.5, 21699.0], [18052.5, 21699.0], [18054.0, 21700.5], [18058.5, 21700.5], [18060.0, 21702.0], [18064.5, 21702.0], [18066.0, 21703.5], [18067.5, 21703.5], [18069.0, 21705.0], [18070.5, 21705.0], [18072.0, 21706.5], [18078.0, 21706.5], [18079.5, 21705.0], [18082.5, 21705.0], [18084.0, 21703.5], [18085.5, 21703.5], [18087.0, 21702.0], [18090.0, 21702.0], [18096.0, 21708.0], [18105.0, 21708.0], [18106.5, 21706.5], [18108.0, 21706.5], [18109.5, 21705.0], [18112.5, 21705.0], [18114.0, 21703.5], [18115.5, 21703.5], [18117.0, 21702.0], [18117.0, 21700.5], [18118.5, 21699.0], [18123.0, 21699.0], [18126.0, 21696.0], [18126.0, 21694.5], [18127.5, 21693.0], [18129.0, 21693.0], [18132.0, 21690.0], [18142.5, 21690.0], [18145.5, 21687.0], [18144.0, 21685.5], [18126.0, 21685.5], [18124.5, 21684.0], [18124.5, 21682.5], [18120.0, 21682.5], [18118.5, 21684.0], [18115.5, 21684.0], [18114.0, 21682.5], [18111.0, 21685.5], [18105.0, 21685.5], [18102.0, 21682.5], [18099.0, 21682.5], [18099.0, 21684.0], [18097.5, 21685.5], [18085.5, 21685.5], [18084.0, 21684.0], [18075.0, 21684.0], [18073.5, 21682.5], [18070.5, 21682.5], [18069.0, 21681.0], [18067.5, 21681.0], [18063.0, 21676.5], [18061.5, 21676.5], [18058.5, 21673.5], [18051.0, 21673.5], [18049.5, 21672.0], [18048.0, 21672.0], [18046.5, 21673.5], [18040.5, 21673.5], [18039.0, 21675.0], [18036.0, 21675.0], [18034.5, 21676.5], [18024.0, 21676.5], [18019.5, 21672.0], [18019.5, 21666.0], [18018.0, 21664.5], [18018.0, 21663.0], [18016.5, 21661.5], [18016.5, 21660.0], [18015.0, 21658.5], [18015.0, 21657.0], [18012.0, 21657.0], [18010.5, 21655.5]]]}}, {"type": "Feature", "properties": {"class_id": 6, "classification": "OOF", "area": 1.125}, "geometry": {"type": "Polygon", "coordinates": [[[17955.0, 21642.0], [17956.5, 21642.0], [17955.0, 21640.5], [17955.0, 21642.0]]]}}, {"type": "Feature", "properties": {"class_id": 6, "classification": "OOF", "area": 13.5}, "geometry": {"type": "Polygon", "coordinates": [[[18144.0, 21621.0], [18145.5, 21622.5], [18147.0, 21622.5], [18148.5, 21624.0], [18150.0, 21624.0], [18150.0, 21622.5], [18148.5, 21621.0], [18147.0, 21621.0], [18145.5, 21619.5], [18144.0, 21619.5], [18144.0, 21621.0]]]}}, {"type": "Feature", "properties": {"class_id": 6, "classification": "OOF", "area": 2120.625}, "geometry": {"type": "Polygon", "coordinates": [[[10275.0, 21595.5], [10273.5, 21597.0], [10272.0, 21597.0], [10270.5, 21598.5], [10269.0, 21598.5], [10266.0, 21601.5], [10264.5, 21601.5], [10263.0, 21603.0], [10254.0, 21603.0], [10249.5, 21607.5], [10249.5, 21609.0], [10246.5, 21612.0], [10246.5, 21613.5], [10245.0, 21615.0], [10243.5, 21615.0], [10240.5, 21618.0], [10240.5, 21619.5], [10239.0, 21621.0], [10239.0, 21624.0], [10240.5, 21625.5], [10240.5, 21628.5], [10242.0, 21630.0], [10242.0, 21631.5], [10243.5, 21633.0], [10243.5, 21634.5], [10246.5, 21637.5], [10248.0, 21637.5], [10251.0, 21640.5], [10252.5, 21640.5], [10254.0, 21642.0], [10255.5, 21642.0], [10267.5, 21654.0], [10270.5, 21654.0], [10272.0, 21655.5], [10279.5, 21655.5], [10281.0, 21654.0], [10287.0, 21654.0], [10288.5, 21655.5], [10291.5, 21655.5], [10293.0, 21657.0], [10300.5, 21657.0], [10300.5, 21655.5], [10302.0, 21654.0], [10302.0, 21651.0], [10297.5, 21646.5], [10296.0, 21646.5], [10294.5, 21645.0], [10293.0, 21645.0], [10291.5, 21643.5], [10291.5, 21642.0], [10290.0, 21640.5], [10290.0, 21634.5], [10288.5, 21633.0], [10288.5, 21631.5], [10287.0, 21630.0], [10287.0, 21625.5], [10285.5, 21624.0], [10285.5, 21618.0], [10284.0, 21616.5], [10284.0, 21615.0], [10281.0, 21612.0], [10281.0, 21610.5], [10279.5, 21609.0], [10279.5, 21604.5], [10278.0, 21603.0], [10278.0, 21598.5], [10275.0, 21595.5]]]}}, {"type": "Feature", "properties": {"class_id": 6, "classification": "OOF", "area": 138.375}, "geometry": {"type": "Polygon", "coordinates": [[[10296.0, 21577.5], [10291.5, 21582.0], [10291.5, 21585.0], [10294.5, 21588.0], [10294.5, 21600.0], [10296.0, 21600.0], [10297.5, 21598.5], [10299.0, 21598.5], [10299.0, 21597.0], [10300.5, 21595.5], [10300.5, 21580.5], [10297.5, 21577.5], [10296.0, 21577.5]]]}}, {"type": "Feature", "properties": {"class_id": 6, "classification": "OOF", "area": 9.0}, "geometry": {"type": "Polygon", "coordinates": [[[18046.5, 21532.5], [18046.5, 21534.0], [18043.5, 21537.0], [18045.0, 21537.0], [18046.5, 21535.5], [18048.0, 21535.5], [18048.0, 21531.0], [18046.5, 21532.5]]]}}, {"type": "Feature", "properties": {"class_id": 6, "classification": "OOF", "area": 75.375}, "geometry": {"type": "Polygon", "coordinates": [[[18064.5, 21511.5], [18058.5, 21517.5], [18058.5, 21519.0], [18057.0, 21520.5], [18057.0, 21522.0], [18058.5, 21523.5], [18060.0, 21522.0], [18063.0, 21525.0], [18066.0, 21522.0], [18066.0, 21511.5], [18064.5, 21511.5]]]}}, {"type": "Feature", "properties": {"class_id": 6, "classification": "OOF", "area": 45511.875}, "geometry": {"type": "Polygon", "coordinates": [[[17668.5, 21517.5], [17670.0, 21519.0], [17671.5, 21519.0], [17673.0, 21520.5], [17673.0, 21525.0], [17674.5, 21525.0], [17682.0, 21532.5], [17682.0, 21534.0], [17683.5, 21534.0], [17686.5, 21537.0], [17686.5, 21540.0], [17685.0, 21541.5], [17685.0, 21543.0], [17677.5, 21550.5], [17674.5, 21550.5], [17673.0, 21549.0], [17670.0, 21549.0], [17670.0, 21550.5], [17668.5, 21552.0], [17670.0, 21553.5], [17670.0, 21559.5], [17668.5, 21561.0], [17665.5, 21561.0], [17664.0, 21562.5], [17664.0, 21711.0], [17668.5, 21711.0], [17670.0, 21709.5], [17671.5, 21709.5], [17673.0, 21708.0], [17674.5, 21708.0], [17676.0, 21709.5], [17679.0, 21709.5], [17682.0, 21712.5], [17683.5, 21712.5], [17686.5, 21715.5], [17686.5, 21717.0], [17683.5, 21720.0], [17674.5, 21720.0], [17676.0, 21721.5], [17677.5, 21721.5], [17679.0, 21723.0], [17682.0, 21723.0], [17683.5, 21721.5], [17685.0, 21723.0], [17685.0, 21724.5], [17689.5, 21729.0], [17692.5, 21726.0], [17692.5, 21721.5], [17694.0, 21720.0], [17692.5, 21718.5], [17695.5, 21715.5], [17698.5, 21715.5], [17700.0, 21714.0], [17703.0, 21714.0], [17709.0, 21708.0], [17710.5, 21708.0], [17712.0, 21706.5], [17721.0, 21706.5], [17722.5, 21708.0], [17728.5, 21708.0], [17730.0, 21706.5], [17731.5, 21708.0], [17740.5, 21708.0], [17742.0, 21709.5], [17742.0, 21711.0], [17745.0, 21714.0], [17746.5, 21714.0], [17749.5, 21717.0], [17748.0, 21718.5], [17748.0, 21720.0], [17746.5, 21721.5], [17745.0, 21721.5], [17745.0, 21723.0], [17746.5, 21724.5], [17743.5, 21727.5], [17739.0, 21727.5], [17739.0, 21729.0], [17737.5, 21730.5], [17734.5, 21730.5], [17733.0, 21732.0], [17730.0, 21732.0], [17730.0, 21733.5], [17728.5, 21735.0], [17730.0, 21736.5], [17730.0, 21738.0], [17728.5, 21739.5], [17727.0, 21739.5], [17727.0, 21741.0], [17730.0, 21744.0], [17730.0, 21745.5], [17728.5, 21747.0], [17728.5, 21748.5], [17733.0, 21744.0], [17733.0, 21742.5], [17734.5, 21741.0], [17734.5, 21739.5], [17736.0, 21738.0], [17736.0, 21735.0], [17740.5, 21730.5], [17743.5, 21730.5], [17745.0, 21732.0], [17745.0, 21733.5], [17743.5, 21735.0], [17743.5, 21738.0], [17746.5, 21741.0], [17749.5, 21741.0], [17751.0, 21739.5], [17751.0, 21727.5], [17754.0, 21724.5], [17754.0, 21723.0], [17761.5, 21715.5], [17763.0, 21715.5], [17766.0, 21712.5], [17767.5, 21712.5], [17769.0, 21711.0], [17770.5, 21711.0], [17772.0, 21709.5], [17773.5, 21709.5], [17775.0, 21708.0], [17776.5, 21708.0], [17778.0, 21706.5], [17799.0, 21706.5], [17800.5, 21708.0], [17814.0, 21708.0], [17817.0, 21705.0], [17817.0, 21691.5], [17820.0, 21688.5], [17821.5, 21688.5], [17823.0, 21687.0], [17826.0, 21687.0], [17827.5, 21685.5], [17827.5, 21684.0], [17829.0, 21682.5], [17829.0, 21676.5], [17827.5, 21675.0], [17827.5, 21672.0], [17830.5, 21669.0], [17832.0, 21669.0], [17833.5, 21667.5], [17838.0, 21667.5], [17839.5, 21669.0], [17845.5, 21669.0], [17847.0, 21667.5], [17850.0, 21667.5], [17851.5, 21669.0], [17851.5, 21672.0], [17850.0, 21673.5], [17850.0, 21675.0], [17844.0, 21681.0], [17845.5, 21682.5], [17847.0, 21682.5], [17848.5, 21684.0], [17850.0, 21684.0], [17851.5, 21685.5], [17853.0, 21685.5], [17854.5, 21687.0], [17856.0, 21687.0], [17857.5, 21688.5], [17866.5, 21688.5], [17868.0, 21690.0], [17869.5, 21690.0], [17874.0, 21694.5], [17875.5, 21694.5], [17878.5, 21697.5], [17880.0, 21697.5], [17881.5, 21699.0], [17892.0, 21699.0], [17893.5, 21700.5], [17896.5, 21700.5], [17899.5, 21697.5], [17899.5, 21696.0], [17901.0, 21694.5], [17901.0, 21690.0], [17902.5, 21688.5], [17901.0, 21687.0], [17901.0, 21684.0], [17899.5, 21684.0], [17895.0, 21679.5], [17895.0, 21672.0], [17893.5, 21670.5], [17893.5, 21666.0], [17895.0, 21664.5], [17898.0, 21664.5], [17899.5, 21666.0], [17901.0, 21666.0], [17902.5, 21664.5], [17908.5, 21664.5], [17911.5, 21661.5], [17911.5, 21657.0], [17908.5, 21654.0], [17901.0, 21654.0], [17899.5, 21655.5], [17898.0, 21655.5], [17895.0, 21658.5], [17895.0, 21660.0], [17893.5, 21661.5], [17889.0, 21657.0], [17889.0, 21655.5], [17887.5, 21654.0], [17887.5, 21651.0], [17886.0, 21649.5], [17886.0, 21646.5], [17890.5, 21642.0], [17899.5, 21642.0], [17901.0, 21643.5], [17904.0, 21643.5], [17907.0, 21646.5], [17908.5, 21646.5], [17910.0, 21648.0], [17913.0, 21648.0], [17914.5, 21646.5], [17916.0, 21646.5], [17917.5, 21645.0], [17917.5, 21640.5], [17920.5, 21637.5], [17920.5, 21636.0], [17923.5, 21633.0], [17923.5, 21631.5], [17925.0, 21630.0], [17926.5, 21630.0], [17929.5, 21627.0], [17931.0, 21627.0], [17932.5, 21625.5], [17931.0, 21624.0], [17929.5, 21624.0], [17923.5, 21618.0], [17923.5, 21616.5], [17920.5, 21613.5], [17920.5, 21612.0], [17919.0, 21610.5], [17919.0, 21607.5], [17914.5, 21612.0], [17913.0, 21612.0], [17911.5, 21613.5], [17904.0, 21613.5], [17902.5, 21612.0], [17901.0, 21612.0], [17899.5, 21610.5], [17898.0, 21610.5], [17896.5, 21609.0], [17896.5, 21607.5], [17895.0, 21606.0], [17895.0, 21601.5], [17896.5, 21600.0], [17898.0, 21600.0], [17899.5, 21598.5], [17911.5, 21598.5], [17913.0, 21600.0], [17913.0, 21597.0], [17919.0, 21591.0], [17934.0, 21591.0], [17935.5, 21589.5], [17937.0, 21589.5], [17941.5, 21585.0], [17941.5, 21583.5], [17943.0, 21582.0], [17943.0, 21580.5], [17941.5, 21582.0], [17938.5, 21582.0], [17937.0, 21583.5], [17932.5, 21583.5], [17931.0, 21585.0], [17929.5, 21585.0], [17928.0, 21583.5], [17928.0, 21580.5], [17926.5, 21580.5], [17925.0, 21582.0], [17925.0, 21585.0], [17922.0, 21588.0], [17920.5, 21588.0], [17917.5, 21585.0], [17917.5, 21553.5], [17916.0, 21555.0], [17914.5, 21555.0], [17910.0, 21559.5], [17908.5, 21559.5], [17907.0, 21561.0], [17905.5, 21561.0], [17904.0, 21562.5], [17899.5, 21562.5], [17898.0, 21564.0], [17895.0, 21564.0], [17893.5, 21565.5], [17890.5, 21565.5], [17889.0, 21564.0], [17904.0, 21549.0], [17905.5, 21549.0], [17908.5, 21546.0], [17910.0, 21546.0], [17917.5, 21538.5], [17917.5, 21534.0], [17919.0, 21532.5], [17920.5, 21532.5], [17922.0, 21531.0], [17922.0, 21529.5], [17923.5, 21528.0], [17925.0, 21528.0], [17926.5, 21529.5], [17928.0, 21529.5], [17922.0, 21523.5], [17922.0, 21522.0], [17920.5, 21520.5], [17919.0, 21520.5], [17913.0, 21526.5], [17911.5, 21526.5], [17905.5, 21532.5], [17904.0, 21532.5], [17901.0, 21535.5], [17899.5, 21535.5], [17896.5, 21538.5], [17895.0, 21538.5], [17893.5, 21540.0], [17892.0, 21540.0], [17890.5, 21541.5], [17887.5, 21541.5], [17886.0, 21543.0], [17884.5, 21543.0], [17883.0, 21544.5], [17881.5, 21544.5], [17880.0, 21546.0], [17878.5, 21546.0], [17877.0, 21544.5], [17875.5, 21544.5], [17874.0, 21543.0], [17872.5, 21543.0], [17869.5, 21540.0], [17857.5, 21540.0], [17856.0, 21538.5], [17854.5, 21538.5], [17851.5, 21535.5], [17850.0, 21535.5], [17847.0, 21532.5], [17845.5, 21532.5], [17842.5, 21529.5], [17842.5, 21528.0], [17841.0, 21526.5], [17841.0, 21525.0], [17839.5, 21523.5], [17839.5, 21522.0], [17838.0, 21520.5], [17838.0, 21519.0], [17836.5, 21517.5], [17836.5, 21511.5], [17838.0, 21510.0], [17838.0, 21508.5], [17841.0, 21505.5], [17841.0, 21504.0], [17832.0, 21504.0], [17832.0, 21508.5], [17830.5, 21510.0], [17830.5, 21511.5], [17827.5, 21514.5], [17826.0, 21514.5], [17823.0, 21517.5], [17832.0, 21526.5], [17832.0, 21528.0], [17830.5, 21529.5], [17820.0, 21529.5], [17818.5, 21531.0], [17817.0, 21529.5], [17812.5, 21529.5], [17809.5, 21526.5], [17809.5, 21523.5], [17808.0, 21522.0], [17808.0, 21517.5], [17805.0, 21514.5], [17805.0, 21513.0], [17802.0, 21510.0], [17802.0, 21507.0], [17800.5, 21505.5], [17800.5, 21504.0], [17664.0, 21504.0], [17664.0, 21516.0], [17665.5, 21517.5], [17668.5, 21517.5]]]}}, {"type": "Feature", "properties": {"class_id": 6, "classification": "OOF", "area": 51.75}, "geometry": {"type": "Polygon", "coordinates": [[[18715.5, 21358.5], [18714.0, 21360.0], [18714.0, 21369.0], [18717.0, 21369.0], [18718.5, 21367.5], [18718.5, 21364.5], [18720.0, 21363.0], [18720.0, 21360.0], [18718.5, 21358.5], [18715.5, 21358.5]]]}}, {"type": "Feature", "properties": {"class_id": 6, "classification": "OOF", "area": 34.875}, "geometry": {"type": "Polygon", "coordinates": [[[20733.0, 21180.0], [20731.5, 21181.5], [20731.5, 21183.0], [20730.0, 21184.5], [20730.0, 21187.5], [20733.0, 21190.5], [20734.5, 21190.5], [20734.5, 21181.5], [20733.0, 21180.0]]]}}, {"type": "Feature", "properties": {"class_id": 6, "classification": "OOF", "area": 178.875}, "geometry": {"type": "Polygon", "coordinates": [[[20518.5, 21010.5], [20517.0, 21012.0], [20515.5, 21012.0], [20514.0, 21013.5], [20514.0, 21015.0], [20512.5, 21016.5], [20512.5, 21019.5], [20514.0, 21021.0], [20514.0, 21022.5], [20515.5, 21024.0], [20524.5, 21024.0], [20529.0, 21019.5], [20529.0, 21015.0], [20526.0, 21012.0], [20524.5, 21012.0], [20523.0, 21010.5], [20518.5, 21010.5]]]}}, {"type": "Feature", "properties": {"class_id": 6, "classification": "OOF", "area": 271.125}, "geometry": {"type": "Polygon", "coordinates": [[[20523.0, 20980.5], [20521.5, 20982.0], [20520.0, 20982.0], [20518.5, 20983.5], [20518.5, 20985.0], [20514.0, 20989.5], [20514.0, 20991.0], [20512.5, 20992.5], [20512.5, 20994.0], [20511.0, 20995.5], [20511.0, 20997.0], [20512.5, 20998.5], [20512.5, 21000.0], [20523.0, 21000.0], [20524.5, 20998.5], [20526.0, 20998.5], [20530.5, 20994.0], [20530.5, 20991.0], [20532.0, 20989.5], [20530.5, 20988.0], [20530.5, 20985.0], [20527.5, 20982.0], [20526.0, 20982.0], [20524.5, 20980.5], [20523.0, 20980.5]]]}}, {"type": "Feature", "properties": {"class_id": 6, "classification": "OOF", "area": 3.375}, "geometry": {"type": "Polygon", "coordinates": [[[20571.0, 20760.0], [20571.0, 20761.5], [20572.5, 20761.5], [20574.0, 20760.0], [20571.0, 20760.0]]]}}, {"type": "Feature", "properties": {"class_id": 6, "classification": "OOF", "area": 173.25}, "geometry": {"type": "Polygon", "coordinates": [[[20553.0, 20754.0], [20548.5, 20758.5], [20548.5, 20764.5], [20551.5, 20767.5], [20553.0, 20767.5], [20554.5, 20769.0], [20556.0, 20769.0], [20557.5, 20767.5], [20559.0, 20767.5], [20560.5, 20766.0], [20562.0, 20766.0], [20563.5, 20764.5], [20563.5, 20763.0], [20565.0, 20761.5], [20563.5, 20760.0], [20563.5, 20758.5], [20562.0, 20757.0], [20560.5, 20757.0], [20557.5, 20754.0], [20553.0, 20754.0]]]}}, {"type": "Feature", "properties": {"class_id": 6, "classification": "OOF", "area": 708.75}, "geometry": {"type": "Polygon", "coordinates": [[[9972.0, 20745.0], [9970.5, 20746.5], [9969.0, 20746.5], [9966.0, 20749.5], [9966.0, 20752.5], [9964.5, 20754.0], [9964.5, 20757.0], [9960.0, 20761.5], [9960.0, 20763.0], [9958.5, 20764.5], [9958.5, 20766.0], [9957.0, 20767.5], [9957.0, 20770.5], [9955.5, 20772.0], [9955.5, 20781.0], [9961.5, 20781.0], [9963.0, 20779.5], [9966.0, 20779.5], [9967.5, 20778.0], [9973.5, 20778.0], [9975.0, 20776.5], [9978.0, 20776.5], [9979.5, 20778.0], [9982.5, 20778.0], [9982.5, 20748.0], [9981.0, 20746.5], [9975.0, 20746.5], [9973.5, 20745.0], [9972.0, 20745.0]]]}}, {"type": "Feature", "properties": {"class_id": 6, "classification": "OOF", "area": 4525.875}, "geometry": {"type": "Polygon", "coordinates": [[[20658.0, 20736.0], [20658.0, 20739.0], [20659.5, 20739.0], [20661.0, 20740.5], [20661.0, 20742.0], [20658.0, 20745.0], [20656.5, 20745.0], [20656.5, 20746.5], [20655.0, 20748.0], [20655.0, 20749.5], [20653.5, 20751.0], [20653.5, 20754.0], [20652.0, 20755.5], [20652.0, 20757.0], [20650.5, 20758.5], [20650.5, 20760.0], [20649.0, 20761.5], [20649.0, 20769.0], [20655.0, 20775.0], [20655.0, 20781.0], [20653.5, 20782.5], [20655.0, 20784.0], [20655.0, 20788.5], [20656.5, 20790.0], [20656.5, 20794.5], [20658.0, 20796.0], [20661.0, 20796.0], [20662.5, 20797.5], [20664.0, 20797.5], [20665.5, 20799.0], [20668.5, 20799.0], [20670.0, 20797.5], [20671.5, 20797.5], [20673.0, 20796.0], [20676.0, 20796.0], [20677.5, 20797.5], [20680.5, 20797.5], [20685.0, 20802.0], [20685.0, 20803.5], [20692.5, 20811.0], [20700.0, 20811.0], [20701.5, 20809.5], [20710.5, 20809.5], [20718.0, 20802.0], [20718.0, 20800.5], [20725.5, 20793.0], [20725.5, 20791.5], [20730.0, 20787.0], [20733.0, 20787.0], [20734.5, 20785.5], [20734.5, 20769.0], [20731.5, 20766.0], [20731.5, 20764.5], [20734.5, 20761.5], [20734.5, 20737.5], [20733.0, 20736.0], [20725.5, 20736.0], [20725.5, 20737.5], [20724.0, 20739.0], [20725.5, 20740.5], [20722.5, 20743.5], [20722.5, 20745.0], [20716.5, 20751.0], [20715.0, 20751.0], [20713.5, 20752.5], [20712.0, 20752.5], [20710.5, 20754.0], [20709.0, 20754.0], [20707.5, 20755.5], [20704.5, 20755.5], [20703.0, 20757.0], [20701.5, 20757.0], [20695.5, 20751.0], [20694.0, 20751.0], [20692.5, 20749.5], [20691.0, 20749.5], [20689.5, 20748.0], [20688.0, 20748.0], [20686.5, 20746.5], [20685.0, 20746.5], [20683.5, 20745.0], [20677.5, 20745.0], [20674.5, 20742.0], [20677.5, 20739.0], [20680.5, 20739.0], [20683.5, 20736.0], [20658.0, 20736.0]]]}}, {"type": "Feature", "properties": {"class_id": 6, "classification": "OOF", "area": 12.375}, "geometry": {"type": "Polygon", "coordinates": [[[20248.5, 20736.0], [20250.0, 20737.5], [20250.0, 20739.0], [20254.5, 20739.0], [20253.0, 20737.5], [20254.5, 20736.0], [20248.5, 20736.0]]]}}, {"type": "Feature", "properties": {"class_id": 6, "classification": "OOF", "area": 11.25}, "geometry": {"type": "Polygon", "coordinates": [[[22579.5, 20370.0], [22581.0, 20370.0], [22579.5, 20368.5], [22576.5, 20371.5], [22578.0, 20371.5], [22579.5, 20370.0]]]}}, {"type": "Feature", "properties": {"class_id": 6, "classification": "OOF", "area": 41.625}, "geometry": {"type": "Polygon", "coordinates": [[[19963.5, 20074.5], [19962.0, 20076.0], [19962.0, 20082.0], [19965.0, 20085.0], [19966.5, 20085.0], [19966.5, 20074.5], [19963.5, 20074.5]]]}}, {"type": "Feature", "properties": {"class_id": 6, "classification": "OOF", "area": 1637617.5}, "geometry": {"type": "Polygon", "coordinates": [[[18159.0, 21684.0], [18166.5, 21684.0], [18168.0, 21682.5], [18177.0, 21682.5], [18178.5, 21684.0], [18190.5, 21684.0], [18190.5, 21682.5], [18189.0, 21682.5], [18186.0, 21679.5], [18184.5, 21679.5], [18183.0, 21678.0], [18183.0, 21676.5], [18181.5, 21675.0], [18184.5, 21672.0], [18187.5, 21672.0], [18193.5, 21666.0], [18193.5, 21664.5], [18195.0, 21663.0], [18196.5, 21663.0], [18196.5, 21661.5], [18198.0, 21660.0], [18199.5, 21660.0], [18199.5, 21658.5], [18201.0, 21657.0], [18202.5, 21657.0], [18205.5, 21654.0], [18208.5, 21654.0], [18208.5, 21652.5], [18210.0, 21651.0], [18211.5, 21651.0], [18217.5, 21645.0], [18219.0, 21646.5], [18220.5, 21646.5], [18223.5, 21643.5], [18229.5, 21643.5], [18231.0, 21645.0], [18232.5, 21645.0], [18234.0, 21646.5], [18237.0, 21646.5], [18238.5, 21648.0], [18243.0, 21648.0], [18244.5, 21649.5], [18246.0, 21649.5], [18247.5, 21651.0], [18250.5, 21651.0], [18259.5, 21660.0], [18261.0, 21660.0], [18262.5, 21661.5], [18264.0, 21661.5], [18265.5, 21663.0], [18265.5, 21669.0], [18264.0, 21670.5], [18264.0, 21673.5], [18261.0, 21676.5], [18258.0, 21676.5], [18258.0, 21690.0], [18256.5, 21691.5], [18256.5, 21693.0], [18252.0, 21697.5], [18252.0, 21700.5], [18249.0, 21703.5], [18249.0, 21706.5], [18259.5, 21696.0], [18262.5, 21696.0], [18264.0, 21697.5], [18264.0, 21705.0], [18265.5, 21706.5], [18265.5, 21708.0], [18267.0, 21709.5], [18267.0, 21711.0], [18271.5, 21715.5], [18273.0, 21714.0], [18273.0, 21712.5], [18274.5, 21711.0], [18276.0, 21711.0], [18285.0, 21702.0], [18286.5, 21702.0], [18286.5, 21700.5], [18288.0, 21699.0], [18291.0, 21699.0], [18294.0, 21696.0], [18295.5, 21696.0], [18297.0, 21694.5], [18298.5, 21694.5], [18300.0, 21693.0], [18303.0, 21693.0], [18306.0, 21690.0], [18309.0, 21690.0], [18312.0, 21687.0], [18316.5, 21687.0], [18318.0, 21685.5], [18322.5, 21685.5], [18324.0, 21684.0], [18328.5, 21684.0], [18330.0, 21685.5], [18340.5, 21685.5], [18342.0, 21684.0], [18343.5, 21684.0], [18345.0, 21682.5], [18346.5, 21682.5], [18348.0, 21681.0], [18352.5, 21685.5], [18352.5, 21687.0], [18354.0, 21688.5], [18355.5, 21688.5], [18360.0, 21693.0], [18360.0, 21703.5], [18363.0, 21706.5], [18366.0, 21706.5], [18369.0, 21703.5], [18369.0, 21690.0], [18372.0, 21687.0], [18372.0, 21685.5], [18373.5, 21684.0], [18373.5, 21681.0], [18375.0, 21679.5], [18373.5, 21679.5], [18372.0, 21678.0], [18357.0, 21678.0], [18355.5, 21676.5], [18352.5, 21676.5], [18343.5, 21667.5], [18343.5, 21666.0], [18342.0, 21664.5], [18339.0, 21664.5], [18337.5, 21663.0], [18336.0, 21663.0], [18334.5, 21661.5], [18333.0, 21661.5], [18328.5, 21657.0], [18327.0, 21657.0], [18325.5, 21655.5], [18325.5, 21652.5], [18324.0, 21652.5], [18322.5, 21651.0], [18322.5, 21642.0], [18325.5, 21639.0], [18325.5, 21636.0], [18328.5, 21633.0], [18328.5, 21628.5], [18330.0, 21627.0], [18331.5, 21627.0], [18331.5, 21625.5], [18333.0, 21624.0], [18333.0, 21622.5], [18334.5, 21621.0], [18334.5, 21619.5], [18336.0, 21618.0], [18337.5, 21618.0], [18337.5, 21616.5], [18339.0, 21615.0], [18343.5, 21615.0], [18346.5, 21612.0], [18348.0, 21612.0], [18351.0, 21609.0], [18354.0, 21609.0], [18355.5, 21610.5], [18357.0, 21610.5], [18358.5, 21612.0], [18360.0, 21612.0], [18361.5, 21613.5], [18363.0, 21613.5], [18364.5, 21612.0], [18366.0, 21612.0], [18367.5, 21613.5], [18373.5, 21613.5], [18375.0, 21612.0], [18384.0, 21612.0], [18385.5, 21613.5], [18388.5, 21613.5], [18390.0, 21615.0], [18394.5, 21615.0], [18396.0, 21616.5], [18399.0, 21616.5], [18400.5, 21615.0], [18402.0, 21615.0], [18403.5, 21613.5], [18405.0, 21613.5], [18408.0, 21616.5], [18408.0, 21618.0], [18409.5, 21619.5], [18409.5, 21624.0], [18411.0, 21625.5], [18412.5, 21624.0], [18415.5, 21624.0], [18417.0, 21622.5], [18421.5, 21622.5], [18423.0, 21624.0], [18430.5, 21624.0], [18430.5, 21559.5], [18427.5, 21559.5], [18427.5, 21561.0], [18426.0, 21562.5], [18426.0, 21573.0], [18424.5, 21574.5], [18424.5, 21577.5], [18417.0, 21585.0], [18409.5, 21585.0], [18408.0, 21583.5], [18405.0, 21583.5], [18403.5, 21582.0], [18394.5, 21582.0], [18393.0, 21580.5], [18391.5, 21580.5], [18387.0, 21576.0], [18384.0, 21576.0], [18382.5, 21574.5], [18381.0, 21574.5], [18379.5, 21573.0], [18378.0, 21573.0], [18376.5, 21571.5], [18375.0, 21571.5], [18373.5, 21570.0], [18372.0, 21570.0], [18367.5, 21565.5], [18367.5, 21564.0], [18366.0, 21562.5], [18366.0, 21558.0], [18367.5, 21556.5], [18367.5, 21552.0], [18369.0, 21550.5], [18369.0, 21543.0], [18370.5, 21541.5], [18370.5, 21540.0], [18385.5, 21525.0], [18387.0, 21525.0], [18390.0, 21522.0], [18391.5, 21522.0], [18393.0, 21520.5], [18394.5, 21520.5], [18396.0, 21519.0], [18399.0, 21519.0], [18400.5, 21517.5], [18402.0, 21517.5], [18403.5, 21516.0], [18405.0, 21516.0], [18406.5, 21514.5], [18417.0, 21514.5], [18418.5, 21516.0], [18421.5, 21516.0], [18427.5, 21522.0], [18430.5, 21522.0], [18430.5, 21504.0], [18423.0, 21504.0], [18421.5, 21502.5], [18421.5, 21496.5], [18420.0, 21495.0], [18418.5, 21495.0], [18414.0, 21490.5], [18414.0, 21487.5], [18417.0, 21484.5], [18420.0, 21484.5], [18421.5, 21486.0], [18424.5, 21486.0], [18427.5, 21489.0], [18430.5, 21489.0], [18430.5, 21481.5], [18435.0, 21477.0], [18436.5, 21477.0], [18438.0, 21478.5], [18438.0, 21480.0], [18439.5, 21480.0], [18442.5, 21483.0], [18444.0, 21483.0], [18445.5, 21484.5], [18445.5, 21486.0], [18447.0, 21487.5], [18447.0, 21489.0], [18450.0, 21492.0], [18450.0, 21493.5], [18453.0, 21496.5], [18453.0, 21498.0], [18454.5, 21498.0], [18456.0, 21499.5], [18456.0, 21502.5], [18490.5, 21502.5], [18489.0, 21501.0], [18492.0, 21498.0], [18493.5, 21498.0], [18495.0, 21499.5], [18501.0, 21499.5], [18502.5, 21501.0], [18504.0, 21501.0], [18505.5, 21502.5], [18658.5, 21502.5], [18660.0, 21501.0], [18660.0, 21496.5], [18661.5, 21495.0], [18661.5, 21493.5], [18663.0, 21492.0], [18663.0, 21489.0], [18675.0, 21477.0], [18676.5, 21477.0], [18679.5, 21474.0], [18681.0, 21474.0], [18682.5, 21472.5], [18684.0, 21472.5], [18685.5, 21471.0], [18687.0, 21471.0], [18688.5, 21469.5], [18691.5, 21469.5], [18693.0, 21468.0], [18696.0, 21468.0], [18697.5, 21466.5], [18700.5, 21466.5], [18702.0, 21465.0], [18703.5, 21465.0], [18705.0, 21463.5], [18706.5, 21463.5], [18714.0, 21456.0], [18714.0, 21454.5], [18717.0, 21451.5], [18717.0, 21450.0], [18718.5, 21448.5], [18718.5, 21447.0], [18720.0, 21445.5], [18720.0, 21444.0], [18721.5, 21442.5], [18721.5, 21441.0], [18723.0, 21439.5], [18723.0, 21438.0], [18724.5, 21436.5], [18724.5, 21435.0], [18726.0, 21433.5], [18726.0, 21430.5], [18727.5, 21429.0], [18727.5, 21427.5], [18729.0, 21426.0], [18729.0, 21424.5], [18730.5, 21423.0], [18730.5, 21421.5], [18732.0, 21420.0], [18732.0, 21417.0], [18733.5, 21415.5], [18733.5, 21414.0], [18735.0, 21412.5], [18735.0, 21411.0], [18736.5, 21409.5], [18736.5, 21408.0], [18738.0, 21406.5], [18738.0, 21403.5], [18739.5, 21402.0], [18739.5, 21399.0], [18741.0, 21397.5], [18741.0, 21390.0], [18742.5, 21388.5], [18742.5, 21385.5], [18739.5, 21388.5], [18738.0, 21388.5], [18736.5, 21390.0], [18730.5, 21390.0], [18726.0, 21385.5], [18720.0, 21385.5], [18718.5, 21384.0], [18718.5, 21382.5], [18715.5, 21382.5], [18714.0, 21384.0], [18712.5, 21384.0], [18711.0, 21382.5], [18709.5, 21382.5], [18706.5, 21379.5], [18706.5, 21376.5], [18705.0, 21376.5], [18703.5, 21375.0], [18703.5, 21372.0], [18700.5, 21369.0], [18700.5, 21366.0], [18697.5, 21363.0], [18697.5, 21361.5], [18696.0, 21361.5], [18694.5, 21360.0], [18693.0, 21360.0], [18691.5, 21361.5], [18690.0, 21361.5], [18685.5, 21366.0], [18684.0, 21366.0], [18679.5, 21361.5], [18679.5, 21357.0], [18678.0, 21355.5], [18678.0, 21352.5], [18682.5, 21348.0], [18690.0, 21348.0], [18691.5, 21346.5], [18691.5, 21345.0], [18693.0, 21343.5], [18694.5, 21343.5], [18696.0, 21345.0], [18697.5, 21345.0], [18699.0, 21346.5], [18700.5, 21346.5], [18702.0, 21345.0], [18703.5, 21345.0], [18706.5, 21342.0], [18706.5, 21340.5], [18708.0, 21339.0], [18712.5, 21339.0], [18715.5, 21336.0], [18718.5, 21336.0], [18718.5, 21334.5], [18720.0, 21333.0], [18721.5, 21333.0], [18723.0, 21331.5], [18724.5, 21331.5], [18727.5, 21328.5], [18729.0, 21328.5], [18730.5, 21327.0], [18736.5, 21327.0], [18736.5, 21325.5], [18738.0, 21324.0], [18754.5, 21324.0], [18756.0, 21325.5], [18756.0, 21322.5], [18757.5, 21321.0], [18757.5, 21318.0], [18759.0, 21316.5], [18759.0, 21312.0], [18760.5, 21310.5], [18760.5, 21298.5], [18762.0, 21297.0], [18762.0, 21271.5], [18760.5, 21270.0], [18760.5, 21265.5], [18759.0, 21264.0], [18759.0, 21259.5], [18757.5, 21258.0], [18757.5, 21253.5], [18756.0, 21252.0], [18756.0, 21249.0], [18754.5, 21247.5], [18754.5, 21246.0], [18753.0, 21244.5], [18753.0, 21243.0], [18751.5, 21241.5], [18751.5, 21240.0], [18750.0, 21238.5], [18750.0, 21234.0], [18748.5, 21232.5], [18748.5, 21231.0], [18750.0, 21229.5], [18750.0, 21223.5], [18751.5, 21222.0], [18751.5, 21217.5], [18753.0, 21216.0], [18753.0, 21195.0], [18754.5, 21193.5], [18754.5, 21180.0], [18753.0, 21178.5], [18753.0, 21172.5], [18754.5, 21171.0], [18754.5, 21163.5], [18756.0, 21162.0], [18756.0, 21156.0], [18757.5, 21154.5], [18757.5, 21150.0], [18759.0, 21148.5], [18759.0, 21144.0], [18760.5, 21142.5], [18760.5, 21139.5], [18762.0, 21138.0], [18762.0, 21135.0], [18763.5, 21133.5], [18763.5, 21132.0], [18765.0, 21130.5], [18765.0, 21127.5], [18766.5, 21126.0], [18766.5, 21124.5], [18759.0, 21124.5], [18757.5, 21126.0], [18750.0, 21126.0], [18748.5, 21124.5], [18742.5, 21124.5], [18739.5, 21121.5], [18739.5, 21118.5], [18738.0, 21117.0], [18738.0, 21114.0], [18736.5, 21112.5], [18736.5, 21106.5], [18735.0, 21105.0], [18735.0, 21103.5], [18733.5, 21102.0], [18733.5, 21094.5], [18735.0, 21093.0], [18736.5, 21093.0], [18738.0, 21091.5], [18745.5, 21091.5], [18747.0, 21093.0], [18753.0, 21093.0], [18754.5, 21091.5], [18756.0, 21091.5], [18757.5, 21093.0], [18762.0, 21093.0], [18763.5, 21094.5], [18765.0, 21094.5], [18766.5, 21096.0], [18772.5, 21096.0], [18774.0, 21097.5], [18775.5, 21097.5], [18777.0, 21099.0], [18778.5, 21099.0], [18780.0, 21100.5], [18780.0, 21103.5], [18790.5, 21093.0], [18792.0, 21093.0], [18796.5, 21088.5], [18798.0, 21088.5], [18799.5, 21087.0], [18801.0, 21087.0], [18802.5, 21085.5], [18804.0, 21085.5], [18805.5, 21084.0], [18807.0, 21084.0], [18810.0, 21081.0], [18811.5, 21081.0], [18813.0, 21079.5], [18814.5, 21079.5], [18817.5, 21076.5], [18819.0, 21076.5], [18820.5, 21075.0], [18822.0, 21075.0], [18823.5, 21073.5], [18826.5, 21073.5], [18828.0, 21072.0], [18831.0, 21072.0], [18832.5, 21070.5], [18835.5, 21070.5], [18837.0, 21069.0], [18849.0, 21069.0], [18850.5, 21067.5], [18877.5, 21067.5], [18879.0, 21066.0], [18883.5, 21066.0], [18885.0, 21067.5], [18888.0, 21067.5], [18889.5, 21069.0], [18891.0, 21069.0], [18894.0, 21072.0], [18895.5, 21072.0], [18897.0, 21073.5], [18898.5, 21073.5], [18900.0, 21075.0], [18903.0, 21075.0], [18904.5, 21076.5], [18909.0, 21076.5], [18910.5, 21078.0], [18915.0, 21078.0], [18916.5, 21079.5], [18918.0, 21079.5], [18919.5, 21081.0], [18924.0, 21081.0], [18925.5, 21082.5], [18933.0, 21082.5], [18934.5, 21084.0], [18942.0, 21084.0], [18942.0, 21046.5], [18943.5, 21045.0], [18952.5, 21045.0], [18954.0, 21043.5], [18955.5, 21043.5], [18957.0, 21042.0], [18961.5, 21042.0], [18961.5, 21040.5], [18963.0, 21039.0], [18964.5, 21040.5], [18979.5, 21040.5], [18981.0, 21042.0], [18984.0, 21042.0], [18984.0, 21030.0], [18985.5, 21028.5], [18985.5, 21019.5], [18987.0, 21018.0], [18987.0, 20995.5], [18988.5, 20994.0], [18988.5, 20983.5], [18990.0, 20982.0], [18990.0, 20976.0], [18991.5, 20974.5], [18991.5, 20971.5], [18993.0, 20970.0], [18993.0, 20967.0], [18994.5, 20965.5], [18994.5, 20962.5], [18996.0, 20961.0], [18996.0, 20958.0], [18997.5, 20956.5], [18997.5, 20953.5], [18999.0, 20952.0], [18999.0, 20950.5], [19000.5, 20949.0], [19000.5, 20946.0], [19002.0, 20944.5], [19002.0, 20943.0], [19003.5, 20941.5], [19003.5, 20940.0], [19005.0, 20938.5], [19005.0, 20935.5], [19009.5, 20931.0], [19009.5, 20929.5], [19036.5, 20902.5], [19036.5, 20901.0], [19041.0, 20896.5], [19042.5, 20896.5], [19051.5, 20887.5], [19051.5, 20886.0], [19053.0, 20884.5], [19054.5, 20884.5], [19059.0, 20880.0], [19060.5, 20880.0], [19062.0, 20878.5], [19063.5, 20878.5], [19065.0, 20877.0], [19066.5, 20877.0], [19068.0, 20875.5], [19069.5, 20875.5], [19072.5, 20872.5], [19074.0, 20872.5], [19078.5, 20868.0], [19080.0, 20868.0], [19087.5, 20860.5], [19089.0, 20860.5], [19090.5, 20859.0], [19092.0, 20859.0], [19093.5, 20857.5], [19095.0, 20857.5], [19096.5, 20856.0], [19098.0, 20856.0], [19101.0, 20853.0], [19102.5, 20853.0], [19107.0, 20848.5], [19108.5, 20848.5], [19111.5, 20845.5], [19113.0, 20845.5], [19123.5, 20835.0], [19123.5, 20833.5], [19134.0, 20823.0], [19134.0, 20821.5], [19135.5, 20820.0], [19135.5, 20818.5], [19138.5, 20815.5], [19138.5, 20814.0], [19140.0, 20812.5], [19140.0, 20811.0], [19149.0, 20802.0], [19149.0, 20800.5], [19165.5, 20784.0], [19167.0, 20784.0], [19168.5, 20782.5], [19171.5, 20782.5], [19173.0, 20781.0], [19174.5, 20781.0], [19176.0, 20779.5], [19177.5, 20779.5], [19179.0, 20778.0], [19180.5, 20778.0], [19182.0, 20776.5], [19183.5, 20776.5], [19185.0, 20775.0], [19191.0, 20775.0], [19192.5, 20773.5], [19198.5, 20773.5], [19198.5, 20761.5], [19200.0, 20760.0], [19201.5, 20761.5], [19204.5, 20761.5], [19207.5, 20764.5], [19209.0, 20764.5], [19212.0, 20767.5], [19213.5, 20767.5], [19215.0, 20769.0], [19216.5, 20769.0], [19218.0, 20770.5], [19221.0, 20770.5], [19222.5, 20772.0], [19230.0, 20772.0], [19231.5, 20770.5], [19239.0, 20770.5], [19243.5, 20775.0], [19243.5, 20776.5], [19246.5, 20779.5], [19246.5, 20781.0], [19248.0, 20781.0], [19251.0, 20784.0], [19252.5, 20784.0], [19255.5, 20787.0], [19257.0, 20787.0], [19258.5, 20788.5], [19260.0, 20788.5], [19261.5, 20790.0], [19263.0, 20790.0], [19264.5, 20791.5], [19267.5, 20791.5], [19269.0, 20793.0], [19270.5, 20793.0], [19272.0, 20794.5], [19273.5, 20794.5], [19275.0, 20796.0], [19276.5, 20796.0], [19278.0, 20797.5], [19281.0, 20797.5], [19282.5, 20799.0], [19287.0, 20799.0], [19288.5, 20800.5], [19305.0, 20800.5], [19306.5, 20802.0], [19309.5, 20802.0], [19311.0, 20800.5], [19321.5, 20800.5], [19323.0, 20799.0], [19333.5, 20799.0], [19335.0, 20797.5], [19341.0, 20797.5], [19342.5, 20796.0], [19353.0, 20796.0], [19354.5, 20794.5], [19365.0, 20794.5], [19366.5, 20793.0], [19383.0, 20793.0], [19384.5, 20791.5], [19387.5, 20791.5], [19389.0, 20793.0], [19404.0, 20793.0], [19405.5, 20791.5], [19425.0, 20791.5], [19426.5, 20790.0], [19437.0, 20790.0], [19438.5, 20788.5], [19447.5, 20788.5], [19449.0, 20787.0], [19479.0, 20787.0], [19480.5, 20788.5], [19489.5, 20788.5], [19491.0, 20790.0], [19497.0, 20790.0], [19498.5, 20791.5], [19503.0, 20791.5], [19504.5, 20793.0], [19507.5, 20793.0], [19509.0, 20794.5], [19512.0, 20794.5], [19513.5, 20796.0], [19516.5, 20796.0], [19518.0, 20797.5], [19521.0, 20797.5], [19522.5, 20799.0], [19525.5, 20799.0], [19527.0, 20800.5], [19530.0, 20800.5], [19531.5, 20802.0], [19533.0, 20802.0], [19534.5, 20803.5], [19537.5, 20803.5], [19539.0, 20805.0], [19542.0, 20805.0], [19543.5, 20806.5], [19545.0, 20806.5], [19546.5, 20808.0], [19549.5, 20808.0], [19551.0, 20809.5], [19552.5, 20809.5], [19554.0, 20811.0], [19557.0, 20811.0], [19558.5, 20812.5], [19561.5, 20812.5], [19563.0, 20814.0], [19564.5, 20814.0], [19566.0, 20815.5], [19567.5, 20815.5], [19569.0, 20817.0], [19570.5, 20817.0], [19572.0, 20818.5], [19573.5, 20818.5], [19575.0, 20820.0], [19576.5, 20820.0], [19579.5, 20823.0], [19581.0, 20823.0], [19582.5, 20824.5], [19584.0, 20824.5], [19585.5, 20826.0], [19587.0, 20826.0], [19588.5, 20827.5], [19590.0, 20827.5], [19591.5, 20829.0], [19594.5, 20829.0], [19596.0, 20830.5], [19597.5, 20830.5], [19600.5, 20833.5], [19602.0, 20833.5], [19603.5, 20835.0], [19605.0, 20835.0], [19608.0, 20838.0], [19609.5, 20838.0], [19612.5, 20841.0], [19614.0, 20841.0], [19615.5, 20842.5], [19617.0, 20842.5], [19618.5, 20844.0], [19620.0, 20844.0], [19623.0, 20847.0], [19624.5, 20847.0], [19626.0, 20848.5], [19627.5, 20848.5], [19629.0, 20850.0], [19632.0, 20850.0], [19633.5, 20851.5], [19635.0, 20851.5], [19638.0, 20854.5], [19639.5, 20854.5], [19642.5, 20857.5], [19644.0, 20857.5], [19657.5, 20871.0], [19659.0, 20871.0], [19662.0, 20874.0], [19663.5, 20874.0], [19665.0, 20875.5], [19666.5, 20875.5], [19669.5, 20878.5], [19671.0, 20878.5], [19675.5, 20883.0], [19677.0, 20883.0], [19683.0, 20889.0], [19684.5, 20889.0], [19687.5, 20892.0], [19689.0, 20892.0], [19690.5, 20893.5], [19692.0, 20893.5], [19693.5, 20895.0], [19695.0, 20895.0], [19699.5, 20899.5], [19701.0, 20899.5], [19707.0, 20905.5], [19708.5, 20905.5], [19710.0, 20907.0], [19711.5, 20907.0], [19713.0, 20908.5], [19714.5, 20908.5], [19722.0, 20916.0], [19723.5, 20916.0], [19728.0, 20920.5], [19729.5, 20920.5], [19749.0, 20940.0], [19750.5, 20940.0], [19774.5, 20964.0], [19776.0, 20964.0], [19780.5, 20968.5], [19782.0, 20968.5], [19786.5, 20973.0], [19788.0, 20973.0], [19789.5, 20974.5], [19789.5, 20976.0], [19795.5, 20982.0], [19797.0, 20982.0], [19801.5, 20986.5], [19803.0, 20986.5], [19804.5, 20988.0], [19806.0, 20988.0], [19807.5, 20989.5], [19809.0, 20989.5], [19810.5, 20991.0], [19812.0, 20991.0], [19813.5, 20992.5], [19815.0, 20992.5], [19816.5, 20994.0], [19818.0, 20994.0], [19822.5, 20998.5], [19824.0, 20998.5], [19830.0, 21004.5], [19833.0, 21004.5], [19834.5, 21006.0], [19845.0, 21006.0], [19846.5, 21007.5], [19852.5, 21007.5], [19854.0, 21009.0], [19855.5, 21009.0], [19857.0, 21010.5], [19860.0, 21010.5], [19863.0, 21013.5], [19864.5, 21013.5], [19866.0, 21015.0], [19867.5, 21015.0], [19869.0, 21016.5], [19870.5, 21016.5], [19872.0, 21018.0], [19873.5, 21018.0], [19875.0, 21019.5], [19876.5, 21019.5], [19879.5, 21022.5], [19881.0, 21022.5], [19882.5, 21024.0], [19885.5, 21024.0], [19887.0, 21025.5], [19888.5, 21025.5], [19890.0, 21027.0], [19891.5, 21027.0], [19893.0, 21028.5], [19894.5, 21028.5], [19896.0, 21030.0], [19897.5, 21030.0], [19899.0, 21031.5], [19900.5, 21031.5], [19902.0, 21033.0], [19903.5, 21033.0], [19906.5, 21036.0], [19908.0, 21036.0], [19911.0, 21039.0], [19912.5, 21039.0], [19915.5, 21042.0], [19917.0, 21042.0], [19918.5, 21043.5], [19920.0, 21043.5], [19921.5, 21045.0], [19923.0, 21045.0], [19924.5, 21046.5], [19926.0, 21046.5], [19927.5, 21048.0], [19929.0, 21048.0], [19930.5, 21049.5], [19932.0, 21049.5], [19935.0, 21052.5], [19936.5, 21052.5], [19939.5, 21055.5], [19941.0, 21055.5], [19942.5, 21057.0], [19944.0, 21057.0], [19948.5, 21061.5], [19950.0, 21061.5], [19951.5, 21063.0], [19962.0, 21063.0], [19963.5, 21064.5], [19966.5, 21064.5], [19968.0, 21066.0], [19968.0, 21112.5], [19969.5, 21112.5], [19971.0, 21114.0], [19972.5, 21114.0], [19975.5, 21117.0], [19977.0, 21117.0], [19986.0, 21126.0], [19986.0, 21127.5], [19989.0, 21130.5], [19989.0, 21132.0], [19990.5, 21133.5], [19990.5, 21135.0], [19992.0, 21136.5], [19992.0, 21138.0], [19993.5, 21139.5], [19993.5, 21141.0], [19995.0, 21142.5], [19995.0, 21144.0], [19996.5, 21145.5], [19996.5, 21148.5], [19998.0, 21150.0], [19998.0, 21151.5], [19999.5, 21153.0], [19999.5, 21156.0], [20001.0, 21157.5], [20001.0, 21159.0], [20002.5, 21160.5], [20002.5, 21162.0], [20004.0, 21163.5], [20004.0, 21166.5], [20005.5, 21168.0], [20005.5, 21169.5], [20007.0, 21171.0], [20007.0, 21174.0], [20008.5, 21175.5], [20008.5, 21177.0], [20010.0, 21178.5], [20010.0, 21181.5], [20011.5, 21183.0], [20011.5, 21186.0], [20013.0, 21187.5], [20013.0, 21190.5], [20014.5, 21192.0], [20014.5, 21195.0], [20016.0, 21196.5], [20016.0, 21199.5], [20017.5, 21201.0], [20017.5, 21207.0], [20019.0, 21208.5], [20019.0, 21220.5], [20020.5, 21222.0], [20020.5, 21231.0], [20022.0, 21232.5], [20022.0, 21277.5], [20020.5, 21279.0], [20020.5, 21286.5], [20019.0, 21288.0], [20019.0, 21294.0], [20017.5, 21295.5], [20017.5, 21303.0], [20016.0, 21304.5], [20016.0, 21309.0], [20014.5, 21310.5], [20014.5, 21313.5], [20013.0, 21315.0], [20013.0, 21318.0], [20011.5, 21319.5], [20011.5, 21322.5], [20010.0, 21324.0], [20010.0, 21327.0], [20008.5, 21328.5], [20008.5, 21330.0], [20005.5, 21333.0], [20005.5, 21336.0], [20004.0, 21337.5], [20004.0, 21342.0], [20002.5, 21343.5], [20002.5, 21345.0], [20001.0, 21346.5], [20001.0, 21348.0], [19999.5, 21349.5], [19999.5, 21351.0], [19996.5, 21354.0], [19996.5, 21357.0], [19995.0, 21358.5], [19995.0, 21360.0], [19993.5, 21361.5], [19993.5, 21363.0], [19990.5, 21366.0], [19990.5, 21367.5], [19981.5, 21376.5], [19980.0, 21376.5], [19972.5, 21384.0], [19968.0, 21384.0], [19968.0, 21441.0], [19969.5, 21439.5], [19971.0, 21441.0], [19977.0, 21441.0], [19978.5, 21442.5], [19980.0, 21442.5], [19981.5, 21444.0], [19984.5, 21444.0], [19986.0, 21445.5], [19989.0, 21445.5], [19990.5, 21447.0], [20001.0, 21447.0], [20002.5, 21448.5], [20005.5, 21448.5], [20007.0, 21450.0], [20010.0, 21450.0], [20011.5, 21451.5], [20014.5, 21451.5], [20016.0, 21453.0], [20019.0, 21453.0], [20020.5, 21454.5], [20022.0, 21454.5], [20023.5, 21456.0], [20025.0, 21456.0], [20026.5, 21457.5], [20028.0, 21457.5], [20031.0, 21460.5], [20032.5, 21460.5], [20034.0, 21462.0], [20035.5, 21462.0], [20037.0, 21463.5], [20038.5, 21463.5], [20040.0, 21465.0], [20041.5, 21465.0], [20052.0, 21475.5], [20052.0, 21477.0], [20053.5, 21478.5], [20053.5, 21480.0], [20055.0, 21481.5], [20055.0, 21483.0], [20056.5, 21484.5], [20056.5, 21487.5], [20058.0, 21489.0], [20058.0, 21493.5], [20059.5, 21495.0], [20059.5, 21502.5], [20068.5, 21502.5], [20070.0, 21504.0], [20070.0, 21508.5], [20071.5, 21510.0], [20071.5, 21526.5], [20073.0, 21528.0], [20073.0, 21534.0], [20074.5, 21535.5], [20074.5, 21567.0], [20073.0, 21568.5], [20073.0, 21574.5], [20071.5, 21576.0], [20071.5, 21583.5], [20070.0, 21585.0], [20070.0, 21595.5], [20068.5, 21597.0], [20068.5, 21600.0], [20067.0, 21601.5], [20067.0, 21606.0], [20065.5, 21607.5], [20065.5, 21610.5], [20064.0, 21612.0], [20064.0, 21613.5], [20062.5, 21615.0], [20062.5, 21616.5], [20061.0, 21618.0], [20061.0, 21619.5], [20059.5, 21621.0], [20059.5, 21622.5], [20058.0, 21624.0], [20058.0, 21625.5], [20056.5, 21627.0], [20056.5, 21628.5], [20055.0, 21630.0], [20055.0, 21631.5], [20053.5, 21633.0], [20053.5, 21634.5], [20052.0, 21636.0], [20052.0, 21637.5], [20044.5, 21645.0], [20044.5, 21646.5], [20041.5, 21649.5], [20041.5, 21651.0], [20037.0, 21655.5], [20037.0, 21657.0], [20034.0, 21660.0], [20032.5, 21660.0], [20022.0, 21670.5], [20022.0, 21672.0], [20016.0, 21678.0], [20016.0, 21679.5], [20011.5, 21684.0], [20011.5, 21685.5], [20008.5, 21688.5], [20008.5, 21690.0], [20005.5, 21693.0], [20005.5, 21694.5], [19992.0, 21708.0], [19992.0, 21709.5], [19989.0, 21712.5], [19989.0, 21714.0], [20005.5, 21714.0], [20007.0, 21712.5], [20011.5, 21712.5], [20016.0, 21708.0], [20019.0, 21711.0], [20020.5, 21711.0], [20026.5, 21717.0], [20026.5, 21723.0], [20022.0, 21727.5], [20022.0, 21729.0], [20020.5, 21730.5], [20020.5, 21732.0], [20022.0, 21733.5], [20022.0, 21735.0], [20025.0, 21735.0], [20026.5, 21736.5], [20029.5, 21736.5], [20031.0, 21738.0], [20032.5, 21738.0], [20037.0, 21742.5], [20037.0, 21751.5], [20035.5, 21753.0], [20037.0, 21754.5], [20037.0, 21756.0], [20041.5, 21760.5], [20043.0, 21760.5], [20047.5, 21765.0], [20049.0, 21765.0], [20050.5, 21766.5], [20050.5, 21768.0], [20056.5, 21774.0], [20059.5, 21774.0], [20061.0, 21775.5], [20077.5, 21775.5], [20079.0, 21777.0], [20085.0, 21777.0], [20092.5, 21784.5], [20094.0, 21784.5], [20095.5, 21786.0], [20098.5, 21786.0], [20100.0, 21787.5], [20101.5, 21787.5], [20106.0, 21792.0], [20115.0, 21792.0], [20116.5, 21790.5], [20118.0, 21790.5], [20119.5, 21789.0], [20119.5, 21787.5], [20122.5, 21784.5], [20127.0, 21784.5], [20128.5, 21786.0], [20130.0, 21786.0], [20131.5, 21787.5], [20137.5, 21787.5], [20142.0, 21792.0], [20142.0, 21796.5], [20140.5, 21798.0], [20140.5, 21799.5], [20137.5, 21802.5], [20137.5, 21804.0], [20136.0, 21805.5], [20136.0, 21808.5], [20137.5, 21810.0], [20137.5, 21811.5], [20143.5, 21817.5], [20145.0, 21817.5], [20148.0, 21820.5], [20149.5, 21820.5], [20151.0, 21822.0], [20155.5, 21822.0], [20157.0, 21823.5], [20164.5, 21823.5], [20166.0, 21822.0], [20169.0, 21822.0], [20170.5, 21820.5], [20172.0, 21820.5], [20173.5, 21819.0], [20175.0, 21819.0], [20176.5, 21817.5], [20178.0, 21817.5], [20184.0, 21811.5], [20184.0, 21808.5], [20185.5, 21807.0], [20185.5, 21805.5], [20187.0, 21804.0], [20187.0, 21802.5], [20188.5, 21801.0], [20188.5, 21799.5], [20191.5, 21796.5], [20193.0, 21798.0], [20194.5, 21798.0], [20197.5, 21801.0], [20205.0, 21801.0], [20212.5, 21793.5], [20214.0, 21793.5], [20215.5, 21792.0], [20224.5, 21792.0], [20226.0, 21793.5], [20227.5, 21793.5], [20229.0, 21795.0], [20229.0, 21796.5], [20230.5, 21798.0], [20229.0, 21799.5], [20229.0, 21807.0], [20230.5, 21807.0], [20232.0, 21808.5], [20233.5, 21807.0], [20235.0, 21807.0], [20239.5, 21802.5], [20239.5, 21801.0], [20247.0, 21793.5], [20248.5, 21793.5], [20251.5, 21790.5], [20253.0, 21790.5], [20254.5, 21789.0], [20262.0, 21789.0], [20263.5, 21790.5], [20271.0, 21790.5], [20272.5, 21789.0], [20275.5, 21789.0], [20278.5, 21792.0], [20278.5, 21796.5], [20280.0, 21798.0], [20280.0, 21802.5], [20281.5, 21804.0], [20281.5, 21807.0], [20283.0, 21808.5], [20283.0, 21810.0], [20284.5, 21811.5], [20284.5, 21808.5], [20283.0, 21807.0], [20283.0, 21802.5], [20281.5, 21801.0], [20281.5, 21795.0], [20284.5, 21792.0], [20284.5, 21787.5], [20283.0, 21787.5], [20281.5, 21786.0], [20281.5, 21781.5], [20280.0, 21780.0], [20280.0, 21778.5], [20278.5, 21777.0], [20278.5, 21771.0], [20281.5, 21768.0], [20281.5, 21766.5], [20289.0, 21759.0], [20290.5, 21760.5], [20292.0, 21759.0], [20301.0, 21759.0], [20302.5, 21757.5], [20304.0, 21759.0], [20308.5, 21759.0], [20310.0, 21757.5], [20311.5, 21759.0], [20311.5, 21762.0], [20313.0, 21763.5], [20313.0, 21765.0], [20314.5, 21766.5], [20314.5, 21768.0], [20313.0, 21769.5], [20311.5, 21769.5], [20311.5, 21771.0], [20314.5, 21771.0], [20316.0, 21772.5], [20316.0, 21774.0], [20319.0, 21777.0], [20319.0, 21780.0], [20322.0, 21783.0], [20322.0, 21786.0], [20325.0, 21789.0], [20325.0, 21801.0], [20323.5, 21802.5], [20320.5, 21802.5], [20317.5, 21805.5], [20316.0, 21805.5], [20316.0, 21807.0], [20314.5, 21808.5], [20313.0, 21808.5], [20313.0, 21810.0], [20311.5, 21811.5], [20310.0, 21811.5], [20310.0, 21813.0], [20308.5, 21814.5], [20307.0, 21814.5], [20307.0, 21816.0], [20305.5, 21817.5], [20301.0, 21817.5], [20299.5, 21819.0], [20301.0, 21820.5], [20301.0, 21825.0], [20298.0, 21828.0], [20296.5, 21828.0], [20299.5, 21831.0], [20299.5, 21832.5], [20302.5, 21835.5], [20302.5, 21837.0], [20307.0, 21841.5], [20313.0, 21841.5], [20314.5, 21840.0], [20316.0, 21840.0], [20317.5, 21841.5], [20323.5, 21841.5], [20325.0, 21843.0], [20329.5, 21843.0], [20331.0, 21841.5], [20332.5, 21841.5], [20332.5, 21840.0], [20334.0, 21838.5], [20334.0, 21835.5], [20335.5, 21834.0], [20335.5, 21831.0], [20337.0, 21829.5], [20337.0, 21826.5], [20338.5, 21825.0], [20338.5, 21817.5], [20340.0, 21816.0], [20340.0, 21811.5], [20346.0, 21805.5], [20347.5, 21807.0], [20352.0, 21807.0], [20353.5, 21808.5], [20355.0, 21808.5], [20356.5, 21810.0], [20358.0, 21810.0], [20359.5, 21808.5], [20362.5, 21808.5], [20364.0, 21807.0], [20365.5, 21807.0], [20367.0, 21805.5], [20368.5, 21805.5], [20371.5, 21802.5], [20373.0, 21802.5], [20376.0, 21799.5], [20377.5, 21799.5], [20379.0, 21798.0], [20380.5, 21798.0], [20382.0, 21796.5], [20383.5, 21796.5], [20386.5, 21793.5], [20386.5, 21787.5], [20385.0, 21786.0], [20385.0, 21783.0], [20386.5, 21781.5], [20389.5, 21781.5], [20391.0, 21783.0], [20392.5, 21783.0], [20397.0, 21787.5], [20397.0, 21790.5], [20395.5, 21792.0], [20395.5, 21796.5], [20397.0, 21798.0], [20397.0, 21799.5], [20398.5, 21801.0], [20400.0, 21801.0], [20406.0, 21807.0], [20406.0, 21808.5], [20409.0, 21811.5], [20412.0, 21811.5], [20413.5, 21813.0], [20415.0, 21813.0], [20416.5, 21814.5], [20419.5, 21814.5], [20421.0, 21816.0], [20422.5, 21814.5], [20430.0, 21814.5], [20431.5, 21816.0], [20433.0, 21816.0], [20434.5, 21817.5], [20434.5, 21819.0], [20436.0, 21820.5], [20436.0, 21823.5], [20433.0, 21826.5], [20431.5, 21826.5], [20431.5, 21831.0], [20440.5, 21840.0], [20440.5, 21841.5], [20443.5, 21844.5], [20448.0, 21844.5], [20449.5, 21843.0], [20449.5, 21841.5], [20451.0, 21840.0], [20451.0, 21837.0], [20452.5, 21835.5], [20452.5, 21834.0], [20454.0, 21832.5], [20454.0, 21829.5], [20452.5, 21828.0], [20452.5, 21816.0], [20451.0, 21814.5], [20451.0, 21813.0], [20449.5, 21813.0], [20448.0, 21811.5], [20445.0, 21811.5], [20443.5, 21813.0], [20440.5, 21813.0], [20439.0, 21811.5], [20437.5, 21811.5], [20436.0, 21810.0], [20436.0, 21807.0], [20439.0, 21804.0], [20440.5, 21804.0], [20443.5, 21801.0], [20445.0, 21801.0], [20446.5, 21799.5], [20448.0, 21799.5], [20449.5, 21798.0], [20449.5, 21796.5], [20451.0, 21795.0], [20449.5, 21793.5], [20449.5, 21789.0], [20448.0, 21787.5], [20448.0, 21784.5], [20449.5, 21783.0], [20452.5, 21783.0], [20454.0, 21784.5], [20457.0, 21784.5], [20458.5, 21783.0], [20460.0, 21783.0], [20463.0, 21780.0], [20464.5, 21780.0], [20466.0, 21778.5], [20467.5, 21780.0], [20469.0, 21780.0], [20470.5, 21781.5], [20472.0, 21781.5], [20473.5, 21783.0], [20475.0, 21783.0], [20476.5, 21781.5], [20485.5, 21781.5], [20487.0, 21783.0], [20490.0, 21783.0], [20491.5, 21781.5], [20494.5, 21781.5], [20496.0, 21780.0], [20497.5, 21780.0], [20506.5, 21789.0], [20506.5, 21792.0], [20508.0, 21793.5], [20508.0, 21798.0], [20515.5, 21805.5], [20517.0, 21805.5], [20518.5, 21807.0], [20523.0, 21807.0], [20524.5, 21805.5], [20530.5, 21805.5], [20532.0, 21804.0], [20536.5, 21804.0], [20538.0, 21802.5], [20539.5, 21802.5], [20541.0, 21804.0], [20544.0, 21804.0], [20545.5, 21805.5], [20563.5, 21805.5], [20566.5, 21802.5], [20568.0, 21802.5], [20571.0, 21799.5], [20574.0, 21799.5], [20575.5, 21798.0], [20578.5, 21798.0], [20580.0, 21796.5], [20581.5, 21796.5], [20584.5, 21793.5], [20586.0, 21793.5], [20589.0, 21790.5], [20590.5, 21790.5], [20592.0, 21789.0], [20598.0, 21789.0], [20599.5, 21790.5], [20601.0, 21790.5], [20602.5, 21792.0], [20607.0, 21792.0], [20608.5, 21793.5], [20611.5, 21793.5], [20613.0, 21792.0], [20617.5, 21792.0], [20619.0, 21790.5], [20619.0, 21789.0], [20620.5, 21787.5], [20620.5, 21781.5], [20622.0, 21780.0], [20622.0, 21778.5], [20629.5, 21771.0], [20629.5, 21769.5], [20631.0, 21768.0], [20631.0, 21765.0], [20632.5, 21763.5], [20632.5, 21759.0], [20634.0, 21757.5], [20634.0, 21754.5], [20638.5, 21750.0], [20640.0, 21750.0], [20646.0, 21744.0], [20646.0, 21738.0], [20641.5, 21733.5], [20641.5, 21732.0], [20640.0, 21730.5], [20647.5, 21723.0], [20647.5, 21715.5], [20649.0, 21714.0], [20652.0, 21714.0], [20653.5, 21715.5], [20656.5, 21715.5], [20658.0, 21714.0], [20668.5, 21714.0], [20670.0, 21715.5], [20673.0, 21715.5], [20674.5, 21714.0], [20679.0, 21714.0], [20682.0, 21711.0], [20683.5, 21711.0], [20688.0, 21706.5], [20689.5, 21706.5], [20692.5, 21703.5], [20694.0, 21703.5], [20695.5, 21702.0], [20697.0, 21702.0], [20698.5, 21700.5], [20710.5, 21700.5], [20712.0, 21702.0], [20718.0, 21702.0], [20719.5, 21703.5], [20734.5, 21703.5], [20734.5, 21679.5], [20733.0, 21679.5], [20731.5, 21678.0], [20730.0, 21678.0], [20728.5, 21676.5], [20728.5, 21675.0], [20731.5, 21672.0], [20733.0, 21672.0], [20734.5, 21670.5], [20734.5, 21649.5], [20730.0, 21649.5], [20724.0, 21643.5], [20724.0, 21642.0], [20722.5, 21640.5], [20724.0, 21639.0], [20724.0, 21637.5], [20725.5, 21636.0], [20725.5, 21609.0], [20727.0, 21607.5], [20730.0, 21607.5], [20731.5, 21609.0], [20734.5, 21609.0], [20734.5, 21573.0], [20733.0, 21573.0], [20731.5, 21571.5], [20728.5, 21571.5], [20727.0, 21570.0], [20727.0, 21568.5], [20725.5, 21567.0], [20725.5, 21553.5], [20728.5, 21550.5], [20730.0, 21550.5], [20731.5, 21552.0], [20734.5, 21552.0], [20734.5, 21519.0], [20731.5, 21519.0], [20730.0, 21520.5], [20727.0, 21520.5], [20725.5, 21519.0], [20724.0, 21519.0], [20722.5, 21517.5], [20718.0, 21517.5], [20716.5, 21519.0], [20710.5, 21519.0], [20709.0, 21517.5], [20707.5, 21517.5], [20706.0, 21516.0], [20706.0, 21514.5], [20704.5, 21513.0], [20704.5, 21511.5], [20709.0, 21507.0], [20709.0, 21504.0], [20707.5, 21502.5], [20707.5, 21501.0], [20704.5, 21498.0], [20704.5, 21495.0], [20713.5, 21486.0], [20715.0, 21486.0], [20716.5, 21484.5], [20718.0, 21484.5], [20719.5, 21483.0], [20718.0, 21481.5], [20718.0, 21480.0], [20715.0, 21477.0], [20715.0, 21472.5], [20718.0, 21469.5], [20719.5, 21469.5], [20724.0, 21465.0], [20725.5, 21465.0], [20730.0, 21460.5], [20731.5, 21462.0], [20733.0, 21462.0], [20734.5, 21460.5], [20734.5, 21373.5], [20733.0, 21372.0], [20728.5, 21376.5], [20727.0, 21375.0], [20719.5, 21375.0], [20718.0, 21373.5], [20718.0, 21372.0], [20719.5, 21370.5], [20719.5, 21363.0], [20718.0, 21361.5], [20718.0, 21358.5], [20716.5, 21357.0], [20716.5, 21355.5], [20715.0, 21354.0], [20715.0, 21352.5], [20713.5, 21351.0], [20713.5, 21349.5], [20715.0, 21348.0], [20715.0, 21345.0], [20722.5, 21337.5], [20724.0, 21337.5], [20725.5, 21336.0], [20727.0, 21336.0], [20728.5, 21334.5], [20733.0, 21334.5], [20734.5, 21333.0], [20734.5, 21306.0], [20731.5, 21306.0], [20730.0, 21307.5], [20728.5, 21307.5], [20727.0, 21306.0], [20727.0, 21304.5], [20725.5, 21303.0], [20725.5, 21300.0], [20724.0, 21298.5], [20724.0, 21295.5], [20719.5, 21291.0], [20719.5, 21289.5], [20718.0, 21288.0], [20718.0, 21286.5], [20715.0, 21286.5], [20713.5, 21285.0], [20710.5, 21285.0], [20709.0, 21283.5], [20706.0, 21283.5], [20704.5, 21282.0], [20703.0, 21282.0], [20700.0, 21279.0], [20694.0, 21279.0], [20692.5, 21277.5], [20689.5, 21277.5], [20683.5, 21271.5], [20683.5, 21270.0], [20682.0, 21268.5], [20680.5, 21268.5], [20679.0, 21267.0], [20677.5, 21267.0], [20676.0, 21265.5], [20674.5, 21265.5], [20673.0, 21264.0], [20673.0, 21262.5], [20671.5, 21261.0], [20671.5, 21258.0], [20674.5, 21255.0], [20676.0, 21255.0], [20677.5, 21253.5], [20680.5, 21253.5], [20682.0, 21252.0], [20685.0, 21252.0], [20686.5, 21250.5], [20692.5, 21250.5], [20694.0, 21249.0], [20697.0, 21249.0], [20700.0, 21246.0], [20701.5, 21246.0], [20703.0, 21244.5], [20706.0, 21244.5], [20715.0, 21235.5], [20715.0, 21231.0], [20713.5, 21229.5], [20713.5, 21228.0], [20706.0, 21220.5], [20706.0, 21219.0], [20704.5, 21217.5], [20704.5, 21216.0], [20703.0, 21214.5], [20701.5, 21214.5], [20700.0, 21213.0], [20694.0, 21213.0], [20692.5, 21214.5], [20686.5, 21214.5], [20685.0, 21216.0], [20682.0, 21216.0], [20680.5, 21217.5], [20679.0, 21217.5], [20677.5, 21219.0], [20676.0, 21219.0], [20674.5, 21220.5], [20673.0, 21220.5], [20671.5, 21222.0], [20671.5, 21223.5], [20670.0, 21225.0], [20670.0, 21228.0], [20668.5, 21229.5], [20668.5, 21231.0], [20670.0, 21232.5], [20670.0, 21235.5], [20671.5, 21237.0], [20671.5, 21238.5], [20673.0, 21240.0], [20673.0, 21246.0], [20671.5, 21247.5], [20671.5, 21249.0], [20668.5, 21252.0], [20668.5, 21253.5], [20664.0, 21258.0], [20662.5, 21258.0], [20661.0, 21259.5], [20656.5, 21259.5], [20655.0, 21258.0], [20653.5, 21258.0], [20652.0, 21256.5], [20647.5, 21256.5], [20646.0, 21255.0], [20643.0, 21255.0], [20641.5, 21253.5], [20640.0, 21253.5], [20629.5, 21243.0], [20620.5, 21243.0], [20619.0, 21244.5], [20616.0, 21244.5], [20614.5, 21246.0], [20613.0, 21246.0], [20607.0, 21240.0], [20607.0, 21238.5], [20601.0, 21232.5], [20599.5, 21232.5], [20598.0, 21231.0], [20593.5, 21231.0], [20590.5, 21228.0], [20590.5, 21225.0], [20592.0, 21223.5], [20592.0, 21222.0], [20593.5, 21220.5], [20593.5, 21219.0], [20595.0, 21217.5], [20595.0, 21213.0], [20593.5, 21211.5], [20593.5, 21210.0], [20590.5, 21207.0], [20590.5, 21189.0], [20592.0, 21187.5], [20592.0, 21183.0], [20590.5, 21181.5], [20590.5, 21178.5], [20589.0, 21177.0], [20589.0, 21175.5], [20587.5, 21174.0], [20587.5, 21172.5], [20586.0, 21172.5], [20583.0, 21169.5], [20581.5, 21169.5], [20580.0, 21168.0], [20578.5, 21168.0], [20575.5, 21165.0], [20575.5, 21144.0], [20574.0, 21142.5], [20572.5, 21142.5], [20565.0, 21135.0], [20563.5, 21135.0], [20562.0, 21133.5], [20560.5, 21133.5], [20559.0, 21132.0], [20559.0, 21120.0], [20551.5, 21112.5], [20550.0, 21112.5], [20548.5, 21111.0], [20547.0, 21111.0], [20545.5, 21109.5], [20541.0, 21109.5], [20539.5, 21108.0], [20542.5, 21105.0], [20544.0, 21105.0], [20547.0, 21102.0], [20547.0, 21096.0], [20545.5, 21094.5], [20545.5, 21087.0], [20550.0, 21082.5], [20550.0, 21081.0], [20553.0, 21078.0], [20553.0, 21070.5], [20551.5, 21070.5], [20550.0, 21069.0], [20548.5, 21070.5], [20545.5, 21070.5], [20542.5, 21073.5], [20541.0, 21073.5], [20539.5, 21075.0], [20538.0, 21075.0], [20536.5, 21076.5], [20533.5, 21076.5], [20529.0, 21072.0], [20529.0, 21066.0], [20527.5, 21064.5], [20527.5, 21063.0], [20526.0, 21061.5], [20518.5, 21061.5], [20517.0, 21060.0], [20515.5, 21060.0], [20514.0, 21058.5], [20514.0, 21051.0], [20515.5, 21049.5], [20515.5, 21046.5], [20517.0, 21045.0], [20517.0, 21042.0], [20514.0, 21039.0], [20514.0, 21031.5], [20512.5, 21030.0], [20512.5, 21027.0], [20502.0, 21027.0], [20500.5, 21025.5], [20499.0, 21025.5], [20496.0, 21022.5], [20496.0, 21021.0], [20497.5, 21019.5], [20497.5, 21016.5], [20499.0, 21015.0], [20499.0, 21012.0], [20497.5, 21010.5], [20497.5, 21006.0], [20496.0, 21004.5], [20496.0, 20985.0], [20499.0, 20982.0], [20500.5, 20982.0], [20502.0, 20980.5], [20503.5, 20980.5], [20505.0, 20979.0], [20505.0, 20973.0], [20496.0, 20964.0], [20496.0, 20946.0], [20494.5, 20944.5], [20494.5, 20943.0], [20496.0, 20941.5], [20496.0, 20940.0], [20497.5, 20938.5], [20499.0, 20938.5], [20502.0, 20935.5], [20503.5, 20935.5], [20505.0, 20934.0], [20511.0, 20934.0], [20512.5, 20935.5], [20514.0, 20935.5], [20515.5, 20937.0], [20523.0, 20937.0], [20526.0, 20934.0], [20526.0, 20931.0], [20527.5, 20929.5], [20527.5, 20923.5], [20533.5, 20917.5], [20535.0, 20917.5], [20536.5, 20916.0], [20538.0, 20916.0], [20541.0, 20913.0], [20541.0, 20901.0], [20539.5, 20899.5], [20539.5, 20898.0], [20538.0, 20898.0], [20536.5, 20896.5], [20533.5, 20896.5], [20532.0, 20895.0], [20530.5, 20895.0], [20529.0, 20893.5], [20529.0, 20884.5], [20530.5, 20883.0], [20530.5, 20881.5], [20532.0, 20880.0], [20532.0, 20872.5], [20529.0, 20869.5], [20521.5, 20869.5], [20520.0, 20871.0], [20518.5, 20871.0], [20509.5, 20880.0], [20509.5, 20881.5], [20508.0, 20883.0], [20508.0, 20884.5], [20506.5, 20886.0], [20505.0, 20886.0], [20503.5, 20887.5], [20502.0, 20887.5], [20500.5, 20889.0], [20499.0, 20889.0], [20494.5, 20893.5], [20494.5, 20896.5], [20493.0, 20898.0], [20493.0, 20901.0], [20481.0, 20913.0], [20479.5, 20913.0], [20479.5, 20914.5], [20478.0, 20916.0], [20478.0, 20919.0], [20470.5, 20926.5], [20469.0, 20926.5], [20467.5, 20928.0], [20466.0, 20928.0], [20464.5, 20929.5], [20458.5, 20929.5], [20457.0, 20931.0], [20454.0, 20931.0], [20452.5, 20932.5], [20451.0, 20932.5], [20449.5, 20934.0], [20446.5, 20934.0], [20445.0, 20935.5], [20442.0, 20935.5], [20439.0, 20938.5], [20437.5, 20938.5], [20437.5, 20946.0], [20436.0, 20947.5], [20436.0, 20949.0], [20433.0, 20952.0], [20431.5, 20952.0], [20428.5, 20955.0], [20427.0, 20955.0], [20424.0, 20958.0], [20422.5, 20958.0], [20421.0, 20959.5], [20418.0, 20959.5], [20413.5, 20955.0], [20413.5, 20953.5], [20412.0, 20952.0], [20412.0, 20950.5], [20409.0, 20947.5], [20407.5, 20947.5], [20403.0, 20943.0], [20403.0, 20941.5], [20397.0, 20935.5], [20395.5, 20935.5], [20394.0, 20934.0], [20392.5, 20934.0], [20391.0, 20932.5], [20385.0, 20932.5], [20383.5, 20934.0], [20379.0, 20934.0], [20376.0, 20931.0], [20376.0, 20929.5], [20374.5, 20928.0], [20371.5, 20928.0], [20370.0, 20926.5], [20362.5, 20926.5], [20361.0, 20925.0], [20359.5, 20925.0], [20358.0, 20923.5], [20353.5, 20923.5], [20352.0, 20922.0], [20346.0, 20922.0], [20344.5, 20923.5], [20343.0, 20923.5], [20340.0, 20926.5], [20338.5, 20926.5], [20335.5, 20929.5], [20334.0, 20929.5], [20332.5, 20931.0], [20331.0, 20931.0], [20329.5, 20932.5], [20328.0, 20932.5], [20326.5, 20934.0], [20322.0, 20934.0], [20320.5, 20935.5], [20305.5, 20935.5], [20301.0, 20931.0], [20301.0, 20929.5], [20299.5, 20929.5], [20298.0, 20928.0], [20293.5, 20928.0], [20289.0, 20923.5], [20289.0, 20920.5], [20286.0, 20917.5], [20284.5, 20917.5], [20283.0, 20916.0], [20280.0, 20916.0], [20278.5, 20917.5], [20275.5, 20917.5], [20274.0, 20919.0], [20272.5, 20919.0], [20266.5, 20925.0], [20256.0, 20925.0], [20254.5, 20923.5], [20251.5, 20923.5], [20250.0, 20922.0], [20248.5, 20922.0], [20247.0, 20920.5], [20245.5, 20920.5], [20241.0, 20916.0], [20241.0, 20914.5], [20239.5, 20913.0], [20239.5, 20910.0], [20238.0, 20908.5], [20238.0, 20907.0], [20235.0, 20904.0], [20235.0, 20901.0], [20233.5, 20902.5], [20232.0, 20902.5], [20230.5, 20904.0], [20227.5, 20904.0], [20226.0, 20905.5], [20226.0, 20907.0], [20224.5, 20908.5], [20223.0, 20908.5], [20221.5, 20910.0], [20217.0, 20910.0], [20215.5, 20911.5], [20208.0, 20911.5], [20205.0, 20914.5], [20202.0, 20914.5], [20202.0, 20916.0], [20200.5, 20917.5], [20199.0, 20917.5], [20199.0, 20919.0], [20197.5, 20920.5], [20196.0, 20920.5], [20194.5, 20922.0], [20188.5, 20922.0], [20187.0, 20920.5], [20185.5, 20920.5], [20181.0, 20916.0], [20181.0, 20914.5], [20176.5, 20910.0], [20176.5, 20908.5], [20175.0, 20907.0], [20175.0, 20884.5], [20176.5, 20883.0], [20176.5, 20881.5], [20178.0, 20880.0], [20179.5, 20880.0], [20179.5, 20878.5], [20181.0, 20877.0], [20181.0, 20875.5], [20184.0, 20872.5], [20185.5, 20872.5], [20187.0, 20871.0], [20188.5, 20871.0], [20190.0, 20869.5], [20191.5, 20869.5], [20193.0, 20868.0], [20211.0, 20868.0], [20212.5, 20866.5], [20211.0, 20866.5], [20209.5, 20865.0], [20206.5, 20865.0], [20205.0, 20863.5], [20196.0, 20863.5], [20194.5, 20865.0], [20185.5, 20865.0], [20179.5, 20859.0], [20179.5, 20857.5], [20182.5, 20854.5], [20190.0, 20854.5], [20191.5, 20853.0], [20193.0, 20853.0], [20194.5, 20851.5], [20196.0, 20851.5], [20197.5, 20850.0], [20200.5, 20850.0], [20202.0, 20848.5], [20203.5, 20848.5], [20205.0, 20847.0], [20206.5, 20847.0], [20206.5, 20845.5], [20208.0, 20844.0], [20208.0, 20836.5], [20206.5, 20835.0], [20206.5, 20830.5], [20205.0, 20829.0], [20205.0, 20826.0], [20202.0, 20823.0], [20200.5, 20823.0], [20199.0, 20821.5], [20197.5, 20821.5], [20196.0, 20820.0], [20194.5, 20820.0], [20190.0, 20815.5], [20190.0, 20814.0], [20193.0, 20811.0], [20196.0, 20811.0], [20197.5, 20809.5], [20197.5, 20808.0], [20199.0, 20806.5], [20199.0, 20790.0], [20202.0, 20787.0], [20202.0, 20785.5], [20211.0, 20776.5], [20211.0, 20775.0], [20215.5, 20770.5], [20215.5, 20769.0], [20217.0, 20767.5], [20217.0, 20766.0], [20218.5, 20764.5], [20218.5, 20761.5], [20220.0, 20760.0], [20220.0, 20752.5], [20221.5, 20751.0], [20221.5, 20749.5], [20223.0, 20748.0], [20223.0, 20742.0], [20220.0, 20742.0], [20218.5, 20740.5], [20218.5, 20739.0], [20217.0, 20737.5], [20217.0, 20736.0], [19968.0, 20736.0], [19966.5, 20734.5], [19966.5, 20733.0], [19968.0, 20731.5], [19968.0, 20728.5], [19966.5, 20727.0], [19966.5, 20698.5], [19968.0, 20697.0], [19971.0, 20697.0], [19974.0, 20694.0], [19974.0, 20692.5], [19975.5, 20691.0], [19975.5, 20689.5], [19974.0, 20688.0], [19974.0, 20686.5], [19971.0, 20683.5], [19969.5, 20685.0], [19966.5, 20682.0], [19966.5, 20679.0], [19968.0, 20677.5], [19971.0, 20677.5], [19972.5, 20676.0], [19977.0, 20676.0], [19978.5, 20677.5], [19981.5, 20677.5], [19984.5, 20680.5], [19984.5, 20685.0], [19983.0, 20686.5], [19983.0, 20688.0], [19980.0, 20691.0], [19980.0, 20698.5], [19981.5, 20700.0], [19981.5, 20701.5], [19983.0, 20703.0], [19984.5, 20703.0], [19986.0, 20704.5], [19987.5, 20704.5], [19989.0, 20703.0], [19990.5, 20703.0], [19995.0, 20698.5], [19995.0, 20697.0], [20002.5, 20689.5], [20002.5, 20688.0], [20004.0, 20686.5], [20004.0, 20685.0], [20005.5, 20683.5], [20005.5, 20682.0], [20007.0, 20680.5], [20007.0, 20677.5], [20008.5, 20676.0], [20008.5, 20674.5], [20010.0, 20673.0], [20010.0, 20671.5], [20011.5, 20670.0], [20011.5, 20656.5], [20010.0, 20655.0], [20010.0, 20647.5], [20008.5, 20646.0], [20008.5, 20643.0], [20007.0, 20641.5], [20007.0, 20640.0], [20005.5, 20638.5], [20005.5, 20637.0], [19995.0, 20626.5], [19993.5, 20626.5], [19992.0, 20625.0], [19986.0, 20625.0], [19984.5, 20626.5], [19980.0, 20626.5], [19975.5, 20622.0], [19975.5, 20619.0], [19977.0, 20617.5], [19977.0, 20614.5], [19980.0, 20611.5], [19980.0, 20610.0], [19986.0, 20604.0], [19986.0, 20602.5], [19987.5, 20601.0], [19987.5, 20599.5], [19989.0, 20598.0], [19989.0, 20595.0], [19990.5, 20593.5], [19990.5, 20590.5], [19992.0, 20589.0], [19992.0, 20586.0], [19993.5, 20584.5], [19993.5, 20581.5], [19996.5, 20578.5], [19996.5, 20577.0], [19998.0, 20575.5], [19998.0, 20574.0], [19999.5, 20572.5], [19999.5, 20566.5], [19998.0, 20565.0], [19998.0, 20559.0], [20001.0, 20556.0], [20001.0, 20554.5], [20002.5, 20553.0], [20002.5, 20551.5], [20004.0, 20550.0], [20004.0, 20545.5], [20002.5, 20544.0], [20002.5, 20542.5], [19996.5, 20536.5], [19996.5, 20535.0], [19995.0, 20533.5], [19995.0, 20532.0], [19992.0, 20532.0], [19990.5, 20533.5], [19987.5, 20533.5], [19986.0, 20535.0], [19984.5, 20535.0], [19981.5, 20538.0], [19980.0, 20538.0], [19978.5, 20539.5], [19974.0, 20539.5], [19972.5, 20538.0], [19969.5, 20538.0], [19968.0, 20536.5], [19968.0, 20559.0], [19966.5, 20560.5], [19965.0, 20560.5], [19963.5, 20559.0], [19960.5, 20559.0], [19959.0, 20557.5], [19959.0, 20556.0], [19957.5, 20554.5], [19956.0, 20554.5], [19954.5, 20553.0], [19953.0, 20553.0], [19948.5, 20548.5], [19948.5, 20547.0], [19947.0, 20545.5], [19947.0, 20532.0], [19945.5, 20530.5], [19945.5, 20523.0], [19947.0, 20521.5], [19947.0, 20518.5], [19948.5, 20517.0], [19956.0, 20517.0], [19960.5, 20521.5], [19962.0, 20521.5], [19960.5, 20520.0], [19960.5, 20515.5], [19962.0, 20514.0], [19962.0, 20512.5], [19963.5, 20511.0], [19963.5, 20509.5], [19966.5, 20506.5], [19963.5, 20506.5], [19962.0, 20505.0], [19963.5, 20503.5], [19963.5, 20500.5], [19965.0, 20499.0], [19966.5, 20499.0], [19966.5, 20125.5], [19963.5, 20125.5], [19959.0, 20130.0], [19953.0, 20130.0], [19951.5, 20128.5], [19951.5, 20127.0], [19948.5, 20124.0], [19948.5, 20122.5], [19947.0, 20121.0], [19947.0, 20119.5], [19942.5, 20115.0], [19939.5, 20115.0], [19938.0, 20113.5], [19935.0, 20113.5], [19933.5, 20115.0], [19932.0, 20115.0], [19927.5, 20119.5], [19927.5, 20121.0], [19924.5, 20124.0], [19920.0, 20124.0], [19918.5, 20122.5], [19917.0, 20122.5], [19915.5, 20121.0], [19914.0, 20121.0], [19912.5, 20122.5], [19906.5, 20122.5], [19905.0, 20121.0], [19905.0, 20119.5], [19902.0, 20116.5], [19900.5, 20116.5], [19899.0, 20115.0], [19897.5, 20115.0], [19896.0, 20113.5], [19894.5, 20113.5], [19891.5, 20110.5], [19891.5, 20109.0], [19890.0, 20107.5], [19890.0, 20106.0], [19882.5, 20098.5], [19882.5, 20097.0], [19881.0, 20095.5], [19881.0, 20094.0], [19887.0, 20088.0], [19888.5, 20088.0], [19891.5, 20085.0], [19893.0, 20085.0], [19896.0, 20082.0], [19896.0, 20080.5], [19897.5, 20079.0], [19897.5, 20074.5], [19896.0, 20073.0], [19896.0, 20071.5], [19893.0, 20068.5], [19893.0, 20067.0], [19891.5, 20065.5], [19891.5, 20062.5], [19890.0, 20061.0], [19890.0, 20058.0], [19882.5, 20050.5], [19882.5, 20046.0], [19881.0, 20044.5], [19881.0, 20041.5], [19879.5, 20040.0], [19879.5, 20038.5], [19876.5, 20035.5], [19876.5, 20032.5], [19875.0, 20031.0], [19875.0, 20029.5], [19876.5, 20028.0], [19876.5, 20026.5], [19878.0, 20025.0], [19878.0, 20023.5], [19879.5, 20022.0], [19879.5, 20017.5], [19878.0, 20016.0], [19878.0, 20014.5], [19876.5, 20013.0], [19876.5, 20011.5], [19875.0, 20010.0], [19875.0, 20008.5], [19873.5, 20007.0], [19873.5, 19996.5], [19872.0, 19995.0], [19872.0, 19993.5], [19864.5, 19986.0], [19864.5, 19983.0], [19863.0, 19981.5], [19863.0, 19980.0], [19861.5, 19978.5], [19861.5, 19977.0], [19860.0, 19975.5], [19860.0, 19974.0], [19861.5, 19972.5], [19861.5, 19968.0], [19650.0, 19968.0], [19650.0, 19972.5], [19651.5, 19974.0], [19650.0, 19975.5], [19650.0, 19977.0], [19648.5, 19978.5], [19644.0, 19978.5], [19642.5, 19977.0], [19633.5, 19977.0], [19632.0, 19978.5], [19629.0, 19978.5], [19627.5, 19980.0], [19626.0, 19980.0], [19624.5, 19981.5], [19623.0, 19981.5], [19618.5, 19986.0], [19618.5, 19995.0], [19617.0, 19996.5], [19617.0, 20005.5], [19618.5, 20007.0], [19618.5, 20025.0], [19617.0, 20026.5], [19617.0, 20028.0], [19615.5, 20029.5], [19618.5, 20029.5], [19620.0, 20031.0], [19621.5, 20031.0], [19623.0, 20032.5], [19624.5, 20032.5], [19626.0, 20034.0], [19627.5, 20034.0], [19629.0, 20035.5], [19630.5, 20035.5], [19636.5, 20041.5], [19636.5, 20043.0], [19638.0, 20044.5], [19638.0, 20046.0], [19639.5, 20047.5], [19639.5, 20049.0], [19642.5, 20052.0], [19642.5, 20053.5], [19644.0, 20055.0], [19644.0, 20056.5], [19645.5, 20058.0], [19645.5, 20059.5], [19647.0, 20061.0], [19647.0, 20067.0], [19645.5, 20068.5], [19645.5, 20071.5], [19644.0, 20073.0], [19644.0, 20076.0], [19642.5, 20077.5], [19641.0, 20077.5], [19641.0, 20086.5], [19638.0, 20089.5], [19635.0, 20089.5], [19635.0, 20094.0], [19632.0, 20097.0], [19632.0, 20104.5], [19629.0, 20107.5], [19629.0, 20109.0], [19627.5, 20110.5], [19626.0, 20110.5], [19624.5, 20112.0], [19617.0, 20112.0], [19615.5, 20110.5], [19615.5, 20107.5], [19617.0, 20106.0], [19617.0, 20104.5], [19620.0, 20101.5], [19620.0, 20100.0], [19621.5, 20098.5], [19621.5, 20095.5], [19620.0, 20094.0], [19618.5, 20094.0], [19617.0, 20095.5], [19615.5, 20095.5], [19612.5, 20098.5], [19614.0, 20100.0], [19614.0, 20103.0], [19612.5, 20104.5], [19612.5, 20107.5], [19611.0, 20109.0], [19611.0, 20112.0], [19609.5, 20113.5], [19609.5, 20121.0], [19605.0, 20125.5], [19603.5, 20125.5], [19602.0, 20127.0], [19600.5, 20127.0], [19599.0, 20128.5], [19597.5, 20128.5], [19596.0, 20130.0], [19593.0, 20130.0], [19591.5, 20131.5], [19588.5, 20131.5], [19587.0, 20133.0], [19585.5, 20133.0], [19581.0, 20137.5], [19581.0, 20139.0], [19578.0, 20142.0], [19578.0, 20143.5], [19576.5, 20145.0], [19576.5, 20149.5], [19575.0, 20151.0], [19575.0, 20160.0], [19576.5, 20161.5], [19576.5, 20163.0], [19578.0, 20164.5], [19578.0, 20166.0], [19581.0, 20169.0], [19581.0, 20170.5], [19582.5, 20172.0], [19584.0, 20172.0], [19585.5, 20173.5], [19588.5, 20173.5], [19590.0, 20175.0], [19591.5, 20175.0], [19593.0, 20176.5], [19594.5, 20176.5], [19596.0, 20178.0], [19596.0, 20179.5], [19597.5, 20181.0], [19597.5, 20182.5], [19599.0, 20184.0], [19599.0, 20185.5], [19600.5, 20187.0], [19600.5, 20188.5], [19602.0, 20190.0], [19603.5, 20190.0], [19608.0, 20194.5], [19608.0, 20196.0], [19609.5, 20197.5], [19609.5, 20199.0], [19608.0, 20200.5], [19608.0, 20205.0], [19606.5, 20206.5], [19606.5, 20211.0], [19608.0, 20212.5], [19608.0, 20217.0], [19609.5, 20218.5], [19609.5, 20221.5], [19611.0, 20223.0], [19611.0, 20224.5], [19612.5, 20226.0], [19612.5, 20227.5], [19611.0, 20229.0], [19611.0, 20230.5], [19609.5, 20232.0], [19608.0, 20232.0], [19606.5, 20233.5], [19605.0, 20233.5], [19603.5, 20235.0], [19602.0, 20235.0], [19600.5, 20236.5], [19599.0, 20236.5], [19593.0, 20242.5], [19593.0, 20262.0], [19591.5, 20263.5], [19591.5, 20266.5], [19590.0, 20268.0], [19590.0, 20269.5], [19588.5, 20271.0], [19588.5, 20272.5], [19587.0, 20274.0], [19587.0, 20275.5], [19581.0, 20281.5], [19578.0, 20281.5], [19576.5, 20283.0], [19573.5, 20283.0], [19572.0, 20284.5], [19569.0, 20284.5], [19567.5, 20286.0], [19567.5, 20289.0], [19566.0, 20290.5], [19566.0, 20295.0], [19560.0, 20301.0], [19558.5, 20301.0], [19552.5, 20307.0], [19552.5, 20308.5], [19549.5, 20311.5], [19549.5, 20313.0], [19548.0, 20314.5], [19548.0, 20316.0], [19545.0, 20319.0], [19543.5, 20319.0], [19542.0, 20320.5], [19534.5, 20320.5], [19533.0, 20319.0], [19531.5, 20319.0], [19530.0, 20320.5], [19527.0, 20320.5], [19525.5, 20322.0], [19525.5, 20323.5], [19524.0, 20325.0], [19524.0, 20328.0], [19522.5, 20329.5], [19522.5, 20331.0], [19521.0, 20332.5], [19521.0, 20334.0], [19516.5, 20338.5], [19512.0, 20338.5], [19510.5, 20340.0], [19507.5, 20340.0], [19506.0, 20341.5], [19504.5, 20341.5], [19498.5, 20347.5], [19498.5, 20356.5], [19494.0, 20361.0], [19488.0, 20361.0], [19486.5, 20359.5], [19485.0, 20359.5], [19482.0, 20356.5], [19482.0, 20347.5], [19479.0, 20344.5], [19476.0, 20344.5], [19473.0, 20341.5], [19473.0, 20340.0], [19470.0, 20340.0], [19471.5, 20341.5], [19470.0, 20343.0], [19467.0, 20343.0], [19465.5, 20344.5], [19461.0, 20344.5], [19459.5, 20346.0], [19456.5, 20346.0], [19455.0, 20347.5], [19449.0, 20347.5], [19447.5, 20346.0], [19446.0, 20346.0], [19444.5, 20344.5], [19444.5, 20343.0], [19443.0, 20344.5], [19441.5, 20344.5], [19440.0, 20343.0], [19438.5, 20344.5], [19437.0, 20344.5], [19437.0, 20346.0], [19435.5, 20347.5], [19435.5, 20353.5], [19434.0, 20355.0], [19432.5, 20355.0], [19431.0, 20356.5], [19425.0, 20356.5], [19425.0, 20358.0], [19423.5, 20359.5], [19422.0, 20359.5], [19420.5, 20358.0], [19420.5, 20356.5], [19419.0, 20356.5], [19419.0, 20358.0], [19417.5, 20359.5], [19416.0, 20359.5], [19416.0, 20364.0], [19414.5, 20365.5], [19413.0, 20365.5], [19413.0, 20367.0], [19405.5, 20374.5], [19404.0, 20374.5], [19402.5, 20376.0], [19399.5, 20376.0], [19398.0, 20377.5], [19393.5, 20377.5], [19392.0, 20379.0], [19392.0, 20382.0], [19390.5, 20383.5], [19389.0, 20383.5], [19386.0, 20386.5], [19384.5, 20386.5], [19383.0, 20388.0], [19381.5, 20386.5], [19377.0, 20386.5], [19375.5, 20385.0], [19374.0, 20385.0], [19372.5, 20383.5], [19365.0, 20383.5], [19362.0, 20386.5], [19357.5, 20386.5], [19356.0, 20385.0], [19356.0, 20382.0], [19354.5, 20382.0], [19353.0, 20383.5], [19350.0, 20380.5], [19347.0, 20380.5], [19345.5, 20382.0], [19344.0, 20382.0], [19342.5, 20383.5], [19341.0, 20383.5], [19339.5, 20385.0], [19339.5, 20386.5], [19336.5, 20389.5], [19333.5, 20389.5], [19324.5, 20398.5], [19320.0, 20398.5], [19318.5, 20397.0], [19315.5, 20397.0], [19317.0, 20398.5], [19317.0, 20410.5], [19318.5, 20412.0], [19318.5, 20413.5], [19320.0, 20415.0], [19320.0, 20416.5], [19317.0, 20419.5], [19311.0, 20419.5], [19309.5, 20421.0], [19306.5, 20421.0], [19303.5, 20424.0], [19302.0, 20424.0], [19300.5, 20425.5], [19291.5, 20425.5], [19290.0, 20427.0], [19254.0, 20427.0], [19252.5, 20425.5], [19248.0, 20425.5], [19246.5, 20424.0], [19248.0, 20422.5], [19249.5, 20422.5], [19249.5, 20419.5], [19248.0, 20418.0], [19248.0, 20416.5], [19246.5, 20415.0], [19246.5, 20412.0], [19249.5, 20409.0], [19249.5, 20407.5], [19252.5, 20404.5], [19252.5, 20403.0], [19254.0, 20401.5], [19254.0, 20400.0], [19255.5, 20398.5], [19255.5, 20395.5], [19257.0, 20394.0], [19257.0, 20391.0], [19258.5, 20389.5], [19258.5, 20386.5], [19261.5, 20383.5], [19261.5, 20382.0], [19263.0, 20380.5], [19264.5, 20380.5], [19267.5, 20377.5], [19267.5, 20376.0], [19270.5, 20373.0], [19272.0, 20373.0], [19275.0, 20370.0], [19276.5, 20370.0], [19276.5, 20368.5], [19284.0, 20361.0], [19287.0, 20361.0], [19290.0, 20358.0], [19293.0, 20358.0], [19294.5, 20356.5], [19294.5, 20353.5], [19293.0, 20353.5], [19290.0, 20350.5], [19288.5, 20350.5], [19285.5, 20347.5], [19287.0, 20346.0], [19288.5, 20346.0], [19287.0, 20344.5], [19287.0, 20343.0], [19285.5, 20341.5], [19285.5, 20337.0], [19287.0, 20335.5], [19287.0, 20332.5], [19288.5, 20331.0], [19288.5, 20329.5], [19290.0, 20328.0], [19290.0, 20326.5], [19296.0, 20320.5], [19297.5, 20320.5], [19299.0, 20319.0], [19300.5, 20319.0], [19302.0, 20317.5], [19303.5, 20317.5], [19305.0, 20316.0], [19306.5, 20316.0], [19308.0, 20314.5], [19309.5, 20314.5], [19311.0, 20313.0], [19312.5, 20313.0], [19314.0, 20311.5], [19315.5, 20311.5], [19323.0, 20304.0], [19324.5, 20304.0], [19326.0, 20302.5], [19327.5, 20302.5], [19329.0, 20301.0], [19335.0, 20301.0], [19336.5, 20299.5], [19350.0, 20299.5], [19351.5, 20301.0], [19353.0, 20301.0], [19354.5, 20302.5], [19356.0, 20302.5], [19357.5, 20304.0], [19366.5, 20304.0], [19368.0, 20305.5], [19369.5, 20305.5], [19371.0, 20304.0], [19372.5, 20304.0], [19372.5, 20301.0], [19371.0, 20301.0], [19369.5, 20302.5], [19360.5, 20302.5], [19359.0, 20301.0], [19357.5, 20301.0], [19354.5, 20298.0], [19353.0, 20298.0], [19348.5, 20293.5], [19347.0, 20293.5], [19345.5, 20292.0], [19344.0, 20292.0], [19342.5, 20290.5], [19332.0, 20290.5], [19330.5, 20292.0], [19327.5, 20292.0], [19326.0, 20293.5], [19324.5, 20293.5], [19321.5, 20296.5], [19320.0, 20296.5], [19318.5, 20298.0], [19314.0, 20298.0], [19312.5, 20299.5], [19308.0, 20295.0], [19308.0, 20293.5], [19294.5, 20280.0], [19293.0, 20280.0], [19291.5, 20278.5], [19290.0, 20278.5], [19288.5, 20277.0], [19264.5, 20277.0], [19263.0, 20278.5], [19254.0, 20278.5], [19245.0, 20269.5], [19242.0, 20269.5], [19240.5, 20268.0], [19230.0, 20268.0], [19228.5, 20269.5], [19225.5, 20269.5], [19222.5, 20272.5], [19221.0, 20272.5], [19218.0, 20275.5], [19218.0, 20277.0], [19212.0, 20283.0], [19210.5, 20283.0], [19207.5, 20286.0], [19206.0, 20286.0], [19204.5, 20287.5], [19200.0, 20287.5], [19200.0, 20301.0], [19201.5, 20301.0], [19203.0, 20302.5], [19206.0, 20302.5], [19207.5, 20304.0], [19207.5, 20308.5], [19201.5, 20314.5], [19200.0, 20314.5], [19200.0, 20473.5], [19198.5, 20475.0], [19192.5, 20475.0], [19191.0, 20473.5], [19186.5, 20473.5], [19185.0, 20475.0], [19183.5, 20475.0], [19180.5, 20478.0], [19179.0, 20478.0], [19176.0, 20481.0], [19174.5, 20481.0], [19173.0, 20482.5], [19171.5, 20482.5], [19170.0, 20484.0], [19167.0, 20484.0], [19165.5, 20482.5], [19164.0, 20482.5], [19162.5, 20481.0], [19161.0, 20481.0], [19159.5, 20479.5], [19153.5, 20479.5], [19146.0, 20472.0], [19146.0, 20470.5], [19144.5, 20469.0], [19144.5, 20467.5], [19143.0, 20466.0], [19138.5, 20466.0], [19137.0, 20467.5], [19135.5, 20467.5], [19129.5, 20473.5], [19129.5, 20475.0], [19123.5, 20481.0], [19123.5, 20482.5], [19120.5, 20485.5], [19120.5, 20487.0], [19119.0, 20488.5], [19119.0, 20490.0], [19117.5, 20491.5], [19117.5, 20493.0], [19116.0, 20494.5], [19116.0, 20496.0], [19114.5, 20497.5], [19114.5, 20514.0], [19116.0, 20515.5], [19116.0, 20517.0], [19117.5, 20518.5], [19117.5, 20520.0], [19120.5, 20523.0], [19120.5, 20524.5], [19122.0, 20526.0], [19122.0, 20527.5], [19123.5, 20529.0], [19123.5, 20532.0], [19122.0, 20533.5], [19122.0, 20535.0], [19120.5, 20536.5], [19120.5, 20541.0], [19119.0, 20542.5], [19119.0, 20545.5], [19117.5, 20547.0], [19117.5, 20548.5], [19114.5, 20551.5], [19114.5, 20553.0], [19113.0, 20554.5], [19113.0, 20572.5], [19114.5, 20574.0], [19114.5, 20580.0], [19116.0, 20581.5], [19116.0, 20583.0], [19117.5, 20584.5], [19117.5, 20589.0], [19119.0, 20590.5], [19119.0, 20613.0], [19117.5, 20614.5], [19117.5, 20619.0], [19116.0, 20620.5], [19116.0, 20623.5], [19114.5, 20625.0], [19114.5, 20626.5], [19113.0, 20628.0], [19113.0, 20629.5], [19111.5, 20631.0], [19111.5, 20658.0], [19110.0, 20659.5], [19110.0, 20671.5], [19108.5, 20673.0], [19108.5, 20676.0], [19107.0, 20677.5], [19107.0, 20680.5], [19105.5, 20682.0], [19105.5, 20685.0], [19104.0, 20686.5], [19104.0, 20688.0], [19102.5, 20689.5], [19102.5, 20695.5], [19104.0, 20697.0], [19104.0, 20698.5], [19105.5, 20700.0], [19105.5, 20707.5], [19104.0, 20709.0], [19104.0, 20710.5], [19101.0, 20713.5], [19099.5, 20713.5], [19099.5, 20715.0], [19096.5, 20718.0], [19096.5, 20719.5], [19095.0, 20721.0], [19095.0, 20734.5], [19093.5, 20736.0], [18894.0, 20736.0], [18892.5, 20737.5], [18891.0, 20737.5], [18889.5, 20736.0], [18880.5, 20736.0], [18883.5, 20739.0], [18885.0, 20739.0], [18888.0, 20742.0], [18889.5, 20742.0], [18903.0, 20755.5], [18903.0, 20757.0], [18904.5, 20757.0], [18906.0, 20758.5], [18906.0, 20761.5], [18904.5, 20763.0], [18903.0, 20763.0], [18904.5, 20764.5], [18904.5, 20766.0], [18903.0, 20767.5], [18900.0, 20767.5], [18898.5, 20766.0], [18897.0, 20766.0], [18895.5, 20764.5], [18892.5, 20764.5], [18891.0, 20763.0], [18891.0, 20761.5], [18889.5, 20761.5], [18886.5, 20764.5], [18885.0, 20764.5], [18885.0, 20766.0], [18886.5, 20766.0], [18888.0, 20767.5], [18889.5, 20766.0], [18891.0, 20766.0], [18892.5, 20767.5], [18891.0, 20769.0], [18891.0, 20770.5], [18892.5, 20772.0], [18892.5, 20773.5], [18886.5, 20779.5], [18882.0, 20779.5], [18880.5, 20781.0], [18879.0, 20781.0], [18877.5, 20782.5], [18874.5, 20782.5], [18871.5, 20785.5], [18868.5, 20785.5], [18865.5, 20788.5], [18862.5, 20788.5], [18859.5, 20785.5], [18858.0, 20785.5], [18856.5, 20784.0], [18856.5, 20782.5], [18855.0, 20782.5], [18853.5, 20781.0], [18853.5, 20778.0], [18849.0, 20773.5], [18849.0, 20772.0], [18847.5, 20770.5], [18847.5, 20769.0], [18844.5, 20766.0], [18844.5, 20757.0], [18846.0, 20755.5], [18846.0, 20746.5], [18847.5, 20745.0], [18847.5, 20742.0], [18852.0, 20737.5], [18853.5, 20737.5], [18855.0, 20736.0], [18720.0, 20736.0], [18718.5, 20737.5], [18699.0, 20737.5], [18697.5, 20739.0], [18696.0, 20737.5], [18693.0, 20737.5], [18691.5, 20736.0], [18480.0, 20736.0], [18478.5, 20737.5], [18474.0, 20737.5], [18472.5, 20736.0], [18432.0, 20736.0], [18432.0, 20947.5], [18435.0, 20950.5], [18436.5, 20950.5], [18436.5, 20949.0], [18438.0, 20947.5], [18439.5, 20947.5], [18441.0, 20949.0], [18444.0, 20946.0], [18451.5, 20946.0], [18453.0, 20947.5], [18453.0, 20949.0], [18456.0, 20949.0], [18459.0, 20952.0], [18460.5, 20952.0], [18462.0, 20953.5], [18462.0, 20955.0], [18463.5, 20955.0], [18465.0, 20956.5], [18466.5, 20956.5], [18468.0, 20958.0], [18478.5, 20958.0], [18480.0, 20956.5], [18481.5, 20958.0], [18481.5, 20961.0], [18483.0, 20962.5], [18483.0, 20967.0], [18481.5, 20968.5], [18481.5, 20970.0], [18480.0, 20971.5], [18477.0, 20971.5], [18477.0, 20983.5], [18475.5, 20985.0], [18475.5, 20988.0], [18474.0, 20989.5], [18474.0, 20991.0], [18472.5, 20992.5], [18432.0, 20992.5], [18432.0, 21019.5], [18433.5, 21018.0], [18436.5, 21018.0], [18439.5, 21015.0], [18439.5, 21013.5], [18441.0, 21012.0], [18442.5, 21012.0], [18445.5, 21009.0], [18453.0, 21009.0], [18454.5, 21007.5], [18469.5, 21007.5], [18471.0, 21006.0], [18475.5, 21006.0], [18478.5, 21003.0], [18480.0, 21004.5], [18480.0, 21006.0], [18484.5, 21006.0], [18486.0, 21004.5], [18492.0, 21010.5], [18492.0, 21012.0], [18493.5, 21013.5], [18493.5, 21015.0], [18501.0, 21022.5], [18501.0, 21031.5], [18502.5, 21033.0], [18502.5, 21034.5], [18501.0, 21036.0], [18501.0, 21037.5], [18502.5, 21039.0], [18502.5, 21042.0], [18504.0, 21043.5], [18504.0, 21051.0], [18502.5, 21052.5], [18502.5, 21060.0], [18501.0, 21061.5], [18501.0, 21063.0], [18496.5, 21067.5], [18495.0, 21067.5], [18495.0, 21069.0], [18493.5, 21070.5], [18490.5, 21070.5], [18489.0, 21072.0], [18489.0, 21073.5], [18486.0, 21076.5], [18484.5, 21076.5], [18481.5, 21079.5], [18480.0, 21079.5], [18478.5, 21081.0], [18477.0, 21081.0], [18475.5, 21082.5], [18474.0, 21082.5], [18471.0, 21085.5], [18465.0, 21085.5], [18463.5, 21084.0], [18462.0, 21084.0], [18460.5, 21082.5], [18459.0, 21082.5], [18457.5, 21081.0], [18457.5, 21079.5], [18456.0, 21079.5], [18454.5, 21078.0], [18454.5, 21076.5], [18448.5, 21070.5], [18444.0, 21070.5], [18442.5, 21069.0], [18441.0, 21069.0], [18439.5, 21067.5], [18438.0, 21067.5], [18435.0, 21070.5], [18432.0, 21070.5], [18432.0, 21073.5], [18430.5, 21075.0], [18427.5, 21072.0], [18426.0, 21072.0], [18424.5, 21070.5], [18421.5, 21070.5], [18420.0, 21072.0], [18418.5, 21072.0], [18417.0, 21073.5], [18417.0, 21075.0], [18415.5, 21076.5], [18415.5, 21078.0], [18412.5, 21081.0], [18412.5, 21082.5], [18411.0, 21084.0], [18409.5, 21084.0], [18408.0, 21085.5], [18406.5, 21085.5], [18403.5, 21082.5], [18403.5, 21081.0], [18402.0, 21079.5], [18402.0, 21078.0], [18390.0, 21066.0], [18390.0, 21064.5], [18381.0, 21055.5], [18375.0, 21055.5], [18372.0, 21058.5], [18366.0, 21058.5], [18364.5, 21057.0], [18363.0, 21057.0], [18361.5, 21055.5], [18360.0, 21055.5], [18357.0, 21052.5], [18357.0, 21049.5], [18354.0, 21046.5], [18354.0, 21045.0], [18351.0, 21042.0], [18351.0, 21040.5], [18348.0, 21037.5], [18345.0, 21037.5], [18343.5, 21036.0], [18342.0, 21036.0], [18340.5, 21037.5], [18336.0, 21037.5], [18334.5, 21039.0], [18333.0, 21039.0], [18331.5, 21040.5], [18325.5, 21040.5], [18319.5, 21034.5], [18318.0, 21034.5], [18316.5, 21033.0], [18315.0, 21033.0], [18313.5, 21031.5], [18307.5, 21031.5], [18306.0, 21030.0], [18304.5, 21030.0], [18303.0, 21028.5], [18301.5, 21028.5], [18300.0, 21027.0], [18297.0, 21027.0], [18295.5, 21025.5], [18288.0, 21025.5], [18285.0, 21022.5], [18283.5, 21022.5], [18282.0, 21021.0], [18282.0, 21019.5], [18280.5, 21018.0], [18280.5, 21015.0], [18279.0, 21013.5], [18279.0, 21012.0], [18277.5, 21010.5], [18276.0, 21010.5], [18273.0, 21007.5], [18270.0, 21007.5], [18268.5, 21006.0], [18264.0, 21006.0], [18262.5, 21007.5], [18261.0, 21007.5], [18259.5, 21009.0], [18259.5, 21010.5], [18258.0, 21012.0], [18258.0, 21019.5], [18255.0, 21022.5], [18253.5, 21022.5], [18252.0, 21024.0], [18250.5, 21024.0], [18249.0, 21025.5], [18246.0, 21025.5], [18244.5, 21027.0], [18241.5, 21027.0], [18240.0, 21028.5], [18234.0, 21028.5], [18232.5, 21027.0], [18232.5, 21024.0], [18229.5, 21024.0], [18228.0, 21025.5], [18225.0, 21025.5], [18223.5, 21027.0], [18214.5, 21027.0], [18213.0, 21025.5], [18204.0, 21025.5], [18202.5, 21027.0], [18201.0, 21027.0], [18199.5, 21025.5], [18199.5, 21024.0], [18196.5, 21021.0], [18195.0, 21021.0], [18192.0, 21018.0], [18192.0, 21016.5], [18190.5, 21015.0], [18190.5, 21013.5], [18189.0, 21013.5], [18187.5, 21012.0], [18187.5, 21010.5], [18189.0, 21009.0], [18189.0, 21001.5], [18190.5, 21000.0], [18190.5, 20998.5], [18192.0, 20997.0], [18192.0, 20995.5], [18196.5, 20991.0], [18228.0, 20991.0], [18228.0, 20986.5], [18223.5, 20982.0], [18220.5, 20982.0], [18219.0, 20980.5], [18219.0, 20979.0], [18222.0, 20976.0], [18222.0, 20974.5], [18219.0, 20974.5], [18217.5, 20973.0], [18195.0, 20973.0], [18193.5, 20971.5], [18193.5, 20965.5], [18192.0, 20964.0], [18192.0, 20959.5], [18190.5, 20958.0], [18190.5, 20956.5], [18187.5, 20953.5], [18181.5, 20953.5], [18180.0, 20955.0], [18177.0, 20955.0], [18175.5, 20953.5], [18162.0, 20953.5], [18160.5, 20955.0], [18160.5, 20956.5], [18159.0, 20958.0], [18160.5, 20959.5], [18160.5, 20961.0], [18159.0, 20962.5], [18157.5, 20962.5], [18156.0, 20964.0], [18154.5, 20964.0], [18153.0, 20965.5], [18151.5, 20965.5], [18148.5, 20968.5], [18148.5, 20970.0], [18147.0, 20971.5], [18147.0, 20976.0], [18145.5, 20977.5], [18145.5, 20982.0], [18147.0, 20983.5], [18147.0, 20985.0], [18157.5, 20995.5], [18157.5, 20997.0], [18160.5, 21000.0], [18160.5, 21004.5], [18159.0, 21006.0], [18159.0, 21007.5], [18157.5, 21009.0], [18157.5, 21010.5], [18156.0, 21012.0], [18156.0, 21013.5], [18153.0, 21016.5], [18153.0, 21018.0], [18151.5, 21019.5], [18151.5, 21021.0], [18150.0, 21022.5], [18150.0, 21025.5], [18148.5, 21027.0], [18148.5, 21033.0], [18150.0, 21034.5], [18150.0, 21036.0], [18154.5, 21040.5], [18154.5, 21042.0], [18157.5, 21045.0], [18157.5, 21046.5], [18160.5, 21049.5], [18162.0, 21049.5], [18165.0, 21052.5], [18166.5, 21052.5], [18168.0, 21054.0], [18169.5, 21054.0], [18171.0, 21055.5], [18172.5, 21055.5], [18178.5, 21061.5], [18178.5, 21069.0], [18177.0, 21070.5], [18177.0, 21072.0], [18175.5, 21073.5], [18175.5, 21075.0], [18174.0, 21076.5], [18174.0, 21081.0], [18172.5, 21082.5], [18172.5, 21084.0], [18171.0, 21085.5], [18169.5, 21085.5], [18168.0, 21087.0], [18159.0, 21087.0], [18151.5, 21079.5], [18150.0, 21079.5], [18148.5, 21078.0], [18147.0, 21078.0], [18145.5, 21076.5], [18142.5, 21076.5], [18139.5, 21079.5], [18139.5, 21081.0], [18138.0, 21082.5], [18138.0, 21087.0], [18136.5, 21088.5], [18136.5, 21090.0], [18133.5, 21093.0], [18132.0, 21093.0], [18130.5, 21094.5], [18130.5, 21099.0], [18133.5, 21102.0], [18133.5, 21103.5], [18127.5, 21109.5], [18126.0, 21109.5], [18109.5, 21126.0], [18109.5, 21129.0], [18108.0, 21130.5], [18108.0, 21145.5], [18106.5, 21147.0], [18106.5, 21154.5], [18108.0, 21156.0], [18108.0, 21159.0], [18109.5, 21160.5], [18109.5, 21165.0], [18108.0, 21166.5], [18108.0, 21169.5], [18106.5, 21171.0], [18106.5, 21175.5], [18105.0, 21177.0], [18105.0, 21195.0], [18103.5, 21196.5], [18103.5, 21202.5], [18102.0, 21204.0], [18102.0, 21207.0], [18100.5, 21208.5], [18100.5, 21211.5], [18102.0, 21213.0], [18102.0, 21222.0], [18100.5, 21223.5], [18100.5, 21226.5], [18099.0, 21228.0], [18099.0, 21237.0], [18100.5, 21238.5], [18100.5, 21258.0], [18102.0, 21259.5], [18102.0, 21270.0], [18103.5, 21270.0], [18106.5, 21273.0], [18108.0, 21273.0], [18109.5, 21274.5], [18111.0, 21274.5], [18112.5, 21276.0], [18114.0, 21276.0], [18115.5, 21277.5], [18117.0, 21277.5], [18118.5, 21279.0], [18120.0, 21279.0], [18121.5, 21280.5], [18123.0, 21280.5], [18126.0, 21283.5], [18127.5, 21283.5], [18132.0, 21288.0], [18132.0, 21289.5], [18135.0, 21292.5], [18135.0, 21294.0], [18136.5, 21295.5], [18136.5, 21301.5], [18135.0, 21303.0], [18135.0, 21306.0], [18133.5, 21307.5], [18132.0, 21307.5], [18129.0, 21304.5], [18127.5, 21304.5], [18127.5, 21306.0], [18126.0, 21307.5], [18127.5, 21309.0], [18127.5, 21312.0], [18126.0, 21313.5], [18126.0, 21321.0], [18127.5, 21322.5], [18127.5, 21328.5], [18123.0, 21333.0], [18118.5, 21333.0], [18117.0, 21331.5], [18115.5, 21331.5], [18106.5, 21322.5], [18105.0, 21322.5], [18103.5, 21321.0], [18102.0, 21322.5], [18100.5, 21322.5], [18100.5, 21325.5], [18097.5, 21328.5], [18096.0, 21328.5], [18096.0, 21331.5], [18105.0, 21340.5], [18106.5, 21340.5], [18111.0, 21345.0], [18112.5, 21345.0], [18115.5, 21348.0], [18115.5, 21351.0], [18117.0, 21352.5], [18117.0, 21360.0], [18115.5, 21361.5], [18115.5, 21363.0], [18117.0, 21364.5], [18117.0, 21369.0], [18118.5, 21370.5], [18118.5, 21375.0], [18120.0, 21376.5], [18120.0, 21384.0], [18115.5, 21388.5], [18114.0, 21388.5], [18112.5, 21387.0], [18105.0, 21387.0], [18099.0, 21393.0], [18099.0, 21394.5], [18096.0, 21397.5], [18094.5, 21397.5], [18094.5, 21400.5], [18096.0, 21402.0], [18096.0, 21406.5], [18100.5, 21406.5], [18102.0, 21405.0], [18103.5, 21405.0], [18103.5, 21403.5], [18108.0, 21399.0], [18121.5, 21399.0], [18123.0, 21397.5], [18124.5, 21397.5], [18126.0, 21396.0], [18127.5, 21396.0], [18129.0, 21397.5], [18129.0, 21399.0], [18132.0, 21399.0], [18136.5, 21403.5], [18136.5, 21405.0], [18139.5, 21408.0], [18142.5, 21408.0], [18145.5, 21411.0], [18147.0, 21411.0], [18150.0, 21414.0], [18153.0, 21414.0], [18157.5, 21418.5], [18157.5, 21420.0], [18159.0, 21421.5], [18156.0, 21424.5], [18156.0, 21426.0], [18153.0, 21429.0], [18153.0, 21430.5], [18150.0, 21433.5], [18150.0, 21435.0], [18147.0, 21438.0], [18147.0, 21450.0], [18145.5, 21451.5], [18145.5, 21453.0], [18144.0, 21454.5], [18144.0, 21456.0], [18142.5, 21457.5], [18141.0, 21457.5], [18139.5, 21459.0], [18138.0, 21459.0], [18135.0, 21462.0], [18129.0, 21462.0], [18127.5, 21463.5], [18114.0, 21463.5], [18112.5, 21462.0], [18111.0, 21462.0], [18109.5, 21460.5], [18108.0, 21460.5], [18106.5, 21459.0], [18106.5, 21457.5], [18103.5, 21454.5], [18103.5, 21453.0], [18099.0, 21448.5], [18097.5, 21448.5], [18094.5, 21445.5], [18093.0, 21445.5], [18093.0, 21448.5], [18094.5, 21450.0], [18094.5, 21451.5], [18096.0, 21453.0], [18096.0, 21456.0], [18097.5, 21457.5], [18097.5, 21463.5], [18099.0, 21465.0], [18099.0, 21475.5], [18097.5, 21477.0], [18097.5, 21478.5], [18093.0, 21483.0], [18094.5, 21484.5], [18096.0, 21484.5], [18097.5, 21486.0], [18097.5, 21487.5], [18099.0, 21489.0], [18097.5, 21490.5], [18097.5, 21492.0], [18094.5, 21495.0], [18102.0, 21495.0], [18103.5, 21493.5], [18105.0, 21493.5], [18108.0, 21496.5], [18108.0, 21501.0], [18109.5, 21502.5], [18108.0, 21504.0], [18076.5, 21504.0], [18079.5, 21507.0], [18081.0, 21507.0], [18087.0, 21513.0], [18087.0, 21517.5], [18084.0, 21520.5], [18082.5, 21520.5], [18082.5, 21522.0], [18081.0, 21523.5], [18081.0, 21525.0], [18079.5, 21526.5], [18079.5, 21532.5], [18088.5, 21532.5], [18091.5, 21535.5], [18091.5, 21543.0], [18093.0, 21544.5], [18093.0, 21546.0], [18094.5, 21547.5], [18094.5, 21549.0], [18097.5, 21552.0], [18097.5, 21553.5], [18100.5, 21556.5], [18100.5, 21558.0], [18102.0, 21559.5], [18102.0, 21561.0], [18103.5, 21562.5], [18103.5, 21564.0], [18106.5, 21567.0], [18111.0, 21567.0], [18114.0, 21564.0], [18120.0, 21564.0], [18123.0, 21561.0], [18124.5, 21561.0], [18127.5, 21558.0], [18127.5, 21553.5], [18129.0, 21552.0], [18129.0, 21550.5], [18130.5, 21549.0], [18130.5, 21543.0], [18129.0, 21541.5], [18129.0, 21540.0], [18127.5, 21538.5], [18127.5, 21523.5], [18129.0, 21522.0], [18130.5, 21522.0], [18130.5, 21520.5], [18132.0, 21519.0], [18133.5, 21519.0], [18135.0, 21517.5], [18135.0, 21516.0], [18136.5, 21514.5], [18139.5, 21514.5], [18141.0, 21516.0], [18145.5, 21511.5], [18147.0, 21511.5], [18148.5, 21510.0], [18151.5, 21510.0], [18153.0, 21511.5], [18156.0, 21511.5], [18157.5, 21510.0], [18160.5, 21510.0], [18162.0, 21508.5], [18162.0, 21505.5], [18165.0, 21502.5], [18171.0, 21502.5], [18169.5, 21501.0], [18172.5, 21498.0], [18178.5, 21498.0], [18178.5, 21492.0], [18180.0, 21490.5], [18180.0, 21489.0], [18181.5, 21487.5], [18184.5, 21487.5], [18186.0, 21489.0], [18186.0, 21493.5], [18187.5, 21495.0], [18187.5, 21496.5], [18189.0, 21495.0], [18192.0, 21495.0], [18193.5, 21493.5], [18195.0, 21493.5], [18199.5, 21489.0], [18201.0, 21489.0], [18202.5, 21487.5], [18204.0, 21487.5], [18205.5, 21486.0], [18205.5, 21484.5], [18208.5, 21481.5], [18208.5, 21480.0], [18211.5, 21477.0], [18213.0, 21477.0], [18216.0, 21474.0], [18217.5, 21474.0], [18220.5, 21471.0], [18223.5, 21471.0], [18225.0, 21469.5], [18228.0, 21469.5], [18229.5, 21468.0], [18232.5, 21468.0], [18235.5, 21465.0], [18243.0, 21465.0], [18246.0, 21462.0], [18250.5, 21462.0], [18252.0, 21460.5], [18253.5, 21460.5], [18253.5, 21459.0], [18256.5, 21456.0], [18256.5, 21454.5], [18259.5, 21451.5], [18259.5, 21450.0], [18261.0, 21448.5], [18262.5, 21448.5], [18265.5, 21445.5], [18265.5, 21444.0], [18267.0, 21442.5], [18267.0, 21441.0], [18270.0, 21438.0], [18271.5, 21438.0], [18273.0, 21436.5], [18274.5, 21436.5], [18276.0, 21435.0], [18277.5, 21435.0], [18277.5, 21433.5], [18279.0, 21432.0], [18280.5, 21432.0], [18282.0, 21430.5], [18283.5, 21430.5], [18285.0, 21432.0], [18286.5, 21432.0], [18288.0, 21430.5], [18288.0, 21429.0], [18286.5, 21427.5], [18286.5, 21424.5], [18285.0, 21424.5], [18283.5, 21423.0], [18283.5, 21418.5], [18280.5, 21415.5], [18280.5, 21414.0], [18283.5, 21411.0], [18283.5, 21409.5], [18286.5, 21406.5], [18286.5, 21405.0], [18288.0, 21403.5], [18289.5, 21403.5], [18291.0, 21402.0], [18292.5, 21402.0], [18292.5, 21400.5], [18294.0, 21399.0], [18297.0, 21399.0], [18300.0, 21396.0], [18307.5, 21396.0], [18309.0, 21394.5], [18310.5, 21394.5], [18312.0, 21393.0], [18313.5, 21393.0], [18315.0, 21391.5], [18316.5, 21391.5], [18318.0, 21390.0], [18321.0, 21390.0], [18322.5, 21388.5], [18325.5, 21388.5], [18330.0, 21384.0], [18330.0, 21376.5], [18328.5, 21375.0], [18328.5, 21373.5], [18327.0, 21372.0], [18327.0, 21369.0], [18325.5, 21367.5], [18325.5, 21364.5], [18327.0, 21363.0], [18327.0, 21358.5], [18328.5, 21357.0], [18328.5, 21355.5], [18330.0, 21354.0], [18331.5, 21354.0], [18333.0, 21352.5], [18367.5, 21352.5], [18369.0, 21354.0], [18372.0, 21354.0], [18373.5, 21355.5], [18373.5, 21357.0], [18370.5, 21360.0], [18367.5, 21360.0], [18366.0, 21361.5], [18363.0, 21361.5], [18361.5, 21363.0], [18361.5, 21367.5], [18363.0, 21367.5], [18367.5, 21372.0], [18367.5, 21373.5], [18372.0, 21378.0], [18373.5, 21378.0], [18375.0, 21379.5], [18379.5, 21379.5], [18381.0, 21381.0], [18384.0, 21381.0], [18385.5, 21382.5], [18385.5, 21385.5], [18382.5, 21388.5], [18378.0, 21388.5], [18378.0, 21391.5], [18376.5, 21393.0], [18376.5, 21396.0], [18378.0, 21397.5], [18378.0, 21405.0], [18379.5, 21405.0], [18381.0, 21406.5], [18396.0, 21406.5], [18397.5, 21405.0], [18400.5, 21405.0], [18402.0, 21403.5], [18403.5, 21403.5], [18405.0, 21402.0], [18406.5, 21402.0], [18408.0, 21400.5], [18411.0, 21400.5], [18414.0, 21397.5], [18415.5, 21397.5], [18417.0, 21396.0], [18430.5, 21396.0], [18430.5, 21394.5], [18432.0, 21393.0], [18433.5, 21394.5], [18435.0, 21394.5], [18436.5, 21396.0], [18441.0, 21396.0], [18439.5, 21394.5], [18438.0, 21394.5], [18430.5, 21387.0], [18430.5, 21385.5], [18427.5, 21385.5], [18426.0, 21384.0], [18426.0, 21382.5], [18427.5, 21381.0], [18430.5, 21381.0], [18430.5, 21378.0], [18429.0, 21378.0], [18427.5, 21376.5], [18424.5, 21376.5], [18421.5, 21373.5], [18421.5, 21372.0], [18418.5, 21369.0], [18417.0, 21369.0], [18414.0, 21366.0], [18414.0, 21364.5], [18412.5, 21363.0], [18415.5, 21360.0], [18420.0, 21360.0], [18421.5, 21361.5], [18424.5, 21361.5], [18427.5, 21364.5], [18429.0, 21364.5], [18430.5, 21363.0], [18430.5, 21354.0], [18433.5, 21351.0], [18436.5, 21351.0], [18436.5, 21348.0], [18438.0, 21346.5], [18436.5, 21346.5], [18433.5, 21349.5], [18432.0, 21349.5], [18430.5, 21348.0], [18430.5, 21337.5], [18429.0, 21336.0], [18429.0, 21331.5], [18430.5, 21330.0], [18430.5, 21319.5], [18432.0, 21318.0], [18436.5, 21318.0], [18438.0, 21316.5], [18439.5, 21316.5], [18441.0, 21315.0], [18445.5, 21315.0], [18447.0, 21313.5], [18451.5, 21313.5], [18453.0, 21312.0], [18460.5, 21312.0], [18463.5, 21309.0], [18468.0, 21309.0], [18469.5, 21307.5], [18469.5, 21304.5], [18465.0, 21304.5], [18463.5, 21303.0], [18463.5, 21300.0], [18460.5, 21297.0], [18460.5, 21295.5], [18459.0, 21294.0], [18459.0, 21291.0], [18457.5, 21289.5], [18459.0, 21288.0], [18459.0, 21286.5], [18460.5, 21285.0], [18460.5, 21283.5], [18462.0, 21282.0], [18462.0, 21277.5], [18463.5, 21276.0], [18463.5, 21274.5], [18465.0, 21273.0], [18466.5, 21273.0], [18466.5, 21271.5], [18468.0, 21270.0], [18472.5, 21270.0], [18475.5, 21273.0], [18477.0, 21273.0], [18478.5, 21274.5], [18480.0, 21274.5], [18481.5, 21276.0], [18490.5, 21276.0], [18493.5, 21279.0], [18496.5, 21279.0], [18498.0, 21280.5], [18498.0, 21282.0], [18499.5, 21283.5], [18499.5, 21288.0], [18498.0, 21289.5], [18498.0, 21291.0], [18496.5, 21292.5], [18495.0, 21292.5], [18489.0, 21298.5], [18489.0, 21301.5], [18492.0, 21304.5], [18492.0, 21309.0], [18493.5, 21309.0], [18495.0, 21310.5], [18495.0, 21312.0], [18496.5, 21312.0], [18499.5, 21315.0], [18501.0, 21315.0], [18505.5, 21319.5], [18505.5, 21321.0], [18507.0, 21322.5], [18507.0, 21333.0], [18501.0, 21339.0], [18501.0, 21342.0], [18499.5, 21343.5], [18501.0, 21343.5], [18502.5, 21345.0], [18501.0, 21346.5], [18498.0, 21346.5], [18495.0, 21349.5], [18495.0, 21351.0], [18496.5, 21351.0], [18499.5, 21354.0], [18499.5, 21355.5], [18498.0, 21357.0], [18498.0, 21366.0], [18496.5, 21367.5], [18496.5, 21369.0], [18495.0, 21370.5], [18495.0, 21373.5], [18492.0, 21376.5], [18492.0, 21379.5], [18486.0, 21385.5], [18484.5, 21385.5], [18481.5, 21388.5], [18478.5, 21388.5], [18475.5, 21391.5], [18472.5, 21391.5], [18469.5, 21394.5], [18459.0, 21394.5], [18457.5, 21396.0], [18456.0, 21396.0], [18456.0, 21397.5], [18453.0, 21400.5], [18450.0, 21400.5], [18451.5, 21402.0], [18456.0, 21402.0], [18459.0, 21405.0], [18460.5, 21405.0], [18462.0, 21406.5], [18462.0, 21414.0], [18460.5, 21415.5], [18460.5, 21417.0], [18459.0, 21418.5], [18457.5, 21418.5], [18457.5, 21420.0], [18456.0, 21421.5], [18454.5, 21420.0], [18454.5, 21414.0], [18453.0, 21414.0], [18451.5, 21412.5], [18450.0, 21412.5], [18448.5, 21411.0], [18447.0, 21411.0], [18445.5, 21409.5], [18438.0, 21409.5], [18435.0, 21412.5], [18435.0, 21433.5], [18433.5, 21435.0], [18432.0, 21433.5], [18432.0, 21469.5], [18430.5, 21471.0], [18429.0, 21471.0], [18427.5, 21469.5], [18424.5, 21469.5], [18423.0, 21468.0], [18421.5, 21468.0], [18420.0, 21466.5], [18406.5, 21466.5], [18403.5, 21463.5], [18402.0, 21463.5], [18399.0, 21460.5], [18397.5, 21460.5], [18396.0, 21459.0], [18394.5, 21459.0], [18393.0, 21457.5], [18391.5, 21457.5], [18390.0, 21456.0], [18388.5, 21456.0], [18387.0, 21454.5], [18384.0, 21454.5], [18382.5, 21453.0], [18381.0, 21453.0], [18378.0, 21450.0], [18376.5, 21450.0], [18375.0, 21448.5], [18375.0, 21447.0], [18373.5, 21445.5], [18373.5, 21438.0], [18375.0, 21436.5], [18375.0, 21432.0], [18376.5, 21430.5], [18376.5, 21423.0], [18378.0, 21421.5], [18378.0, 21418.5], [18375.0, 21415.5], [18372.0, 21415.5], [18372.0, 21417.0], [18366.0, 21423.0], [18366.0, 21426.0], [18364.5, 21427.5], [18363.0, 21427.5], [18363.0, 21432.0], [18358.5, 21436.5], [18358.5, 21438.0], [18357.0, 21439.5], [18349.5, 21439.5], [18348.0, 21438.0], [18346.5, 21439.5], [18346.5, 21441.0], [18348.0, 21442.5], [18349.5, 21442.5], [18351.0, 21444.0], [18351.0, 21445.5], [18354.0, 21448.5], [18355.5, 21448.5], [18357.0, 21450.0], [18358.5, 21448.5], [18361.5, 21448.5], [18363.0, 21450.0], [18364.5, 21450.0], [18366.0, 21451.5], [18366.0, 21453.0], [18367.5, 21453.0], [18369.0, 21454.5], [18369.0, 21456.0], [18370.5, 21456.0], [18373.5, 21459.0], [18376.5, 21459.0], [18379.5, 21462.0], [18381.0, 21462.0], [18385.5, 21466.5], [18388.5, 21466.5], [18390.0, 21468.0], [18390.0, 21469.5], [18396.0, 21475.5], [18396.0, 21477.0], [18397.5, 21478.5], [18397.5, 21483.0], [18399.0, 21484.5], [18399.0, 21487.5], [18400.5, 21489.0], [18400.5, 21492.0], [18402.0, 21493.5], [18402.0, 21498.0], [18403.5, 21499.5], [18403.5, 21502.5], [18402.0, 21504.0], [18390.0, 21504.0], [18385.5, 21508.5], [18382.5, 21508.5], [18381.0, 21510.0], [18378.0, 21510.0], [18376.5, 21511.5], [18375.0, 21511.5], [18373.5, 21513.0], [18372.0, 21513.0], [18369.0, 21516.0], [18361.5, 21516.0], [18360.0, 21514.5], [18358.5, 21514.5], [18357.0, 21513.0], [18355.5, 21513.0], [18354.0, 21511.5], [18349.5, 21511.5], [18348.0, 21513.0], [18346.5, 21513.0], [18343.5, 21516.0], [18336.0, 21516.0], [18334.5, 21514.5], [18321.0, 21514.5], [18319.5, 21513.0], [18313.5, 21513.0], [18307.5, 21507.0], [18307.5, 21504.0], [18277.5, 21504.0], [18277.5, 21505.5], [18276.0, 21507.0], [18280.5, 21511.5], [18280.5, 21513.0], [18282.0, 21514.5], [18282.0, 21516.0], [18283.5, 21517.5], [18283.5, 21519.0], [18285.0, 21520.5], [18285.0, 21525.0], [18286.5, 21526.5], [18286.5, 21528.0], [18288.0, 21529.5], [18288.0, 21549.0], [18286.5, 21550.5], [18285.0, 21550.5], [18285.0, 21552.0], [18283.5, 21553.5], [18283.5, 21561.0], [18285.0, 21562.5], [18285.0, 21564.0], [18283.5, 21565.5], [18283.5, 21568.5], [18282.0, 21570.0], [18282.0, 21574.5], [18280.5, 21576.0], [18280.5, 21577.5], [18279.0, 21579.0], [18279.0, 21580.5], [18270.0, 21589.5], [18270.0, 21591.0], [18268.5, 21592.5], [18267.0, 21592.5], [18264.0, 21595.5], [18261.0, 21595.5], [18261.0, 21597.0], [18259.5, 21598.5], [18255.0, 21598.5], [18255.0, 21600.0], [18253.5, 21601.5], [18247.5, 21601.5], [18246.0, 21600.0], [18244.5, 21600.0], [18243.0, 21598.5], [18240.0, 21598.5], [18237.0, 21595.5], [18232.5, 21595.5], [18229.5, 21592.5], [18228.0, 21592.5], [18226.5, 21591.0], [18225.0, 21591.0], [18223.5, 21589.5], [18222.0, 21589.5], [18220.5, 21588.0], [18219.0, 21589.5], [18219.0, 21597.0], [18220.5, 21598.5], [18220.5, 21601.5], [18222.0, 21603.0], [18222.0, 21609.0], [18223.5, 21610.5], [18223.5, 21612.0], [18222.0, 21613.5], [18222.0, 21615.0], [18220.5, 21616.5], [18217.5, 21616.5], [18214.5, 21619.5], [18213.0, 21619.5], [18211.5, 21621.0], [18210.0, 21621.0], [18208.5, 21622.5], [18202.5, 21622.5], [18199.5, 21625.5], [18196.5, 21625.5], [18193.5, 21628.5], [18189.0, 21628.5], [18187.5, 21630.0], [18180.0, 21630.0], [18178.5, 21628.5], [18171.0, 21628.5], [18169.5, 21627.0], [18166.5, 21627.0], [18165.0, 21625.5], [18157.5, 21625.5], [18157.5, 21627.0], [18159.0, 21628.5], [18156.0, 21631.5], [18156.0, 21639.0], [18153.0, 21642.0], [18153.0, 21645.0], [18154.5, 21646.5], [18154.5, 21648.0], [18156.0, 21649.5], [18157.5, 21649.5], [18159.0, 21651.0], [18160.5, 21651.0], [18162.0, 21652.5], [18163.5, 21652.5], [18165.0, 21654.0], [18165.0, 21655.5], [18166.5, 21657.0], [18166.5, 21660.0], [18168.0, 21661.5], [18168.0, 21666.0], [18169.5, 21667.5], [18169.5, 21669.0], [18174.0, 21673.5], [18174.0, 21678.0], [18172.5, 21679.5], [18168.0, 21679.5], [18166.5, 21681.0], [18165.0, 21681.0], [18163.5, 21682.5], [18160.5, 21682.5], [18159.0, 21684.0]]]}}, {"type": "Feature", "properties": {"class_id": 6, "classification": "OOF", "area": 98941.5}, "geometry": {"type": "Polygon", "coordinates": [[[24274.5, 19339.5], [24273.0, 19341.0], [24271.5, 19341.0], [24270.0, 19342.5], [24268.5, 19342.5], [24256.5, 19354.5], [24256.5, 19356.0], [24250.5, 19362.0], [24250.5, 19363.5], [24246.0, 19368.0], [24244.5, 19368.0], [24243.0, 19369.5], [24232.5, 19369.5], [24231.0, 19368.0], [24225.0, 19368.0], [24223.5, 19369.5], [24217.5, 19369.5], [24216.0, 19371.0], [24214.5, 19371.0], [24213.0, 19372.5], [24211.5, 19372.5], [24210.0, 19374.0], [24205.5, 19374.0], [24204.0, 19375.5], [24202.5, 19375.5], [24201.0, 19377.0], [24199.5, 19377.0], [24199.5, 19378.5], [24196.5, 19381.5], [24195.0, 19381.5], [24192.0, 19384.5], [24190.5, 19384.5], [24189.0, 19386.0], [24187.5, 19386.0], [24186.0, 19387.5], [24181.5, 19387.5], [24180.0, 19389.0], [24178.5, 19389.0], [24177.0, 19390.5], [24175.5, 19390.5], [24174.0, 19392.0], [24168.0, 19392.0], [24166.5, 19393.5], [24162.0, 19393.5], [24160.5, 19395.0], [24156.0, 19395.0], [24154.5, 19396.5], [24153.0, 19396.5], [24150.0, 19399.5], [24150.0, 19401.0], [24148.5, 19402.5], [24148.5, 19408.5], [24147.0, 19410.0], [24147.0, 19411.5], [24144.0, 19414.5], [24144.0, 19416.0], [24142.5, 19417.5], [24142.5, 19425.0], [24141.0, 19426.5], [24141.0, 19435.5], [24142.5, 19437.0], [24142.5, 19444.5], [24141.0, 19446.0], [24141.0, 19453.5], [24139.5, 19455.0], [24139.5, 19456.5], [24136.5, 19459.5], [24136.5, 19461.0], [24135.0, 19462.5], [24135.0, 19464.0], [24133.5, 19465.5], [24133.5, 19467.0], [24126.0, 19474.5], [24126.0, 19480.5], [24127.5, 19482.0], [24127.5, 19492.5], [24129.0, 19494.0], [24129.0, 19497.0], [24138.0, 19506.0], [24138.0, 19507.5], [24139.5, 19509.0], [24139.5, 19516.5], [24138.0, 19518.0], [24138.0, 19536.0], [24139.5, 19537.5], [24139.5, 19539.0], [24141.0, 19540.5], [24141.0, 19542.0], [24142.5, 19543.5], [24142.5, 19545.0], [24144.0, 19546.5], [24144.0, 19554.0], [24145.5, 19555.5], [24145.5, 19566.0], [24144.0, 19567.5], [24144.0, 19569.0], [24142.5, 19570.5], [24142.5, 19575.0], [24144.0, 19576.5], [24144.0, 19578.0], [24145.5, 19579.5], [24145.5, 19588.5], [24142.5, 19591.5], [24142.5, 19593.0], [24138.0, 19597.5], [24138.0, 19599.0], [24136.5, 19600.5], [24136.5, 19605.0], [24138.0, 19606.5], [24138.0, 19611.0], [24139.5, 19612.5], [24139.5, 19639.5], [24138.0, 19641.0], [24138.0, 19644.0], [24136.5, 19645.5], [24136.5, 19650.0], [24135.0, 19651.5], [24135.0, 19657.5], [24136.5, 19659.0], [24136.5, 19660.5], [24139.5, 19663.5], [24139.5, 19665.0], [24144.0, 19669.5], [24144.0, 19671.0], [24145.5, 19672.5], [24145.5, 19675.5], [24147.0, 19677.0], [24147.0, 19698.0], [24145.5, 19699.5], [24145.5, 19701.0], [24144.0, 19702.5], [24144.0, 19705.5], [24142.5, 19707.0], [24142.5, 19708.5], [24141.0, 19710.0], [24141.0, 19711.5], [24139.5, 19713.0], [24139.5, 19717.5], [24138.0, 19719.0], [24138.0, 19726.5], [24139.5, 19728.0], [24139.5, 19734.0], [24141.0, 19735.5], [24141.0, 19738.5], [24142.5, 19740.0], [24142.5, 19750.5], [24141.0, 19752.0], [24141.0, 19753.5], [24138.0, 19756.5], [24138.0, 19758.0], [24136.5, 19759.5], [24136.5, 19761.0], [24135.0, 19762.5], [24135.0, 19771.5], [24136.5, 19773.0], [24136.5, 19776.0], [24138.0, 19777.5], [24138.0, 19780.5], [24139.5, 19782.0], [24139.5, 19791.0], [24141.0, 19792.5], [24141.0, 19795.5], [24142.5, 19797.0], [24142.5, 19803.0], [24144.0, 19804.5], [24144.0, 19806.0], [24148.5, 19810.5], [24148.5, 19813.5], [24144.0, 19818.0], [24144.0, 19819.5], [24142.5, 19821.0], [24142.5, 19822.5], [24141.0, 19824.0], [24141.0, 19830.0], [24147.0, 19836.0], [24148.5, 19836.0], [24154.5, 19842.0], [24154.5, 19846.5], [24153.0, 19848.0], [24153.0, 19849.5], [24150.0, 19852.5], [24150.0, 19854.0], [24148.5, 19855.5], [24148.5, 19857.0], [24147.0, 19858.5], [24147.0, 19861.5], [24148.5, 19860.0], [24150.0, 19860.0], [24151.5, 19858.5], [24153.0, 19858.5], [24160.5, 19851.0], [24160.5, 19849.5], [24166.5, 19843.5], [24166.5, 19842.0], [24168.0, 19840.5], [24168.0, 19839.0], [24169.5, 19837.5], [24169.5, 19831.5], [24171.0, 19830.0], [24172.5, 19830.0], [24175.5, 19827.0], [24175.5, 19825.5], [24177.0, 19824.0], [24178.5, 19824.0], [24178.5, 19821.0], [24184.5, 19815.0], [24184.5, 19813.5], [24186.0, 19812.0], [24187.5, 19812.0], [24187.5, 19810.5], [24189.0, 19809.0], [24190.5, 19809.0], [24193.5, 19806.0], [24193.5, 19804.5], [24195.0, 19803.0], [24196.5, 19803.0], [24196.5, 19801.5], [24201.0, 19797.0], [24201.0, 19795.5], [24202.5, 19794.0], [24202.5, 19791.0], [24204.0, 19789.5], [24204.0, 19786.5], [24205.5, 19785.0], [24207.0, 19785.0], [24208.5, 19783.5], [24210.0, 19783.5], [24211.5, 19782.0], [24213.0, 19782.0], [24213.0, 19780.5], [24217.5, 19776.0], [24217.5, 19774.5], [24219.0, 19773.0], [24220.5, 19773.0], [24225.0, 19768.5], [24225.0, 19767.0], [24229.5, 19762.5], [24231.0, 19762.5], [24235.5, 19758.0], [24237.0, 19759.5], [24238.5, 19758.0], [24240.0, 19758.0], [24244.5, 19753.5], [24244.5, 19752.0], [24247.5, 19749.0], [24247.5, 19747.5], [24249.0, 19746.0], [24250.5, 19746.0], [24253.5, 19743.0], [24253.5, 19741.5], [24255.0, 19740.0], [24256.5, 19740.0], [24259.5, 19737.0], [24259.5, 19735.5], [24261.0, 19734.0], [24262.5, 19734.0], [24268.5, 19728.0], [24268.5, 19725.0], [24270.0, 19723.5], [24270.0, 19717.5], [24271.5, 19716.0], [24271.5, 19714.5], [24276.0, 19710.0], [24279.0, 19710.0], [24282.0, 19707.0], [24286.5, 19707.0], [24288.0, 19705.5], [24289.5, 19705.5], [24294.0, 19701.0], [24295.5, 19701.0], [24298.5, 19698.0], [24300.0, 19698.0], [24306.0, 19692.0], [24307.5, 19692.0], [24307.5, 19690.5], [24310.5, 19687.5], [24309.0, 19686.0], [24313.5, 19681.5], [24313.5, 19680.0], [24315.0, 19678.5], [24315.0, 19677.0], [24316.5, 19675.5], [24316.5, 19674.0], [24318.0, 19672.5], [24319.5, 19672.5], [24319.5, 19671.0], [24321.0, 19669.5], [24321.0, 19668.0], [24324.0, 19665.0], [24327.0, 19665.0], [24328.5, 19663.5], [24330.0, 19663.5], [24331.5, 19662.0], [24331.5, 19660.5], [24333.0, 19659.0], [24334.5, 19659.0], [24334.5, 19651.5], [24337.5, 19648.5], [24337.5, 19645.5], [24339.0, 19644.0], [24343.5, 19644.0], [24343.5, 19642.5], [24345.0, 19641.0], [24345.0, 19636.5], [24343.5, 19635.0], [24343.5, 19633.5], [24345.0, 19632.0], [24346.5, 19632.0], [24351.0, 19627.5], [24352.5, 19627.5], [24354.0, 19626.0], [24355.5, 19626.0], [24355.5, 19624.5], [24357.0, 19623.0], [24357.0, 19621.5], [24355.5, 19620.0], [24355.5, 19615.5], [24354.0, 19614.0], [24354.0, 19612.5], [24352.5, 19611.0], [24357.0, 19606.5], [24357.0, 19605.0], [24358.5, 19603.5], [24358.5, 19602.0], [24361.5, 19599.0], [24361.5, 19594.5], [24364.5, 19591.5], [24364.5, 19588.5], [24375.0, 19578.0], [24375.0, 19576.5], [24376.5, 19575.0], [24379.5, 19575.0], [24379.5, 19573.5], [24381.0, 19572.0], [24381.0, 19567.5], [24388.5, 19560.0], [24391.5, 19560.0], [24393.0, 19558.5], [24402.0, 19558.5], [24403.5, 19557.0], [24403.5, 19555.5], [24405.0, 19554.0], [24408.0, 19554.0], [24414.0, 19548.0], [24415.5, 19548.0], [24415.5, 19546.5], [24417.0, 19545.0], [24418.5, 19545.0], [24418.5, 19543.5], [24420.0, 19542.0], [24421.5, 19542.0], [24423.0, 19540.5], [24423.0, 19539.0], [24424.5, 19537.5], [24424.5, 19528.5], [24429.0, 19524.0], [24439.5, 19524.0], [24442.5, 19521.0], [24442.5, 19519.5], [24444.0, 19518.0], [24444.0, 19510.5], [24445.5, 19509.0], [24445.5, 19506.0], [24447.0, 19504.5], [24447.0, 19498.5], [24448.5, 19497.0], [24448.5, 19495.5], [24450.0, 19494.0], [24450.0, 19492.5], [24456.0, 19486.5], [24456.0, 19485.0], [24460.5, 19480.5], [24460.5, 19477.5], [24462.0, 19476.0], [24462.0, 19473.0], [24463.5, 19471.5], [24463.5, 19470.0], [24465.0, 19468.5], [24465.0, 19467.0], [24487.5, 19444.5], [24487.5, 19443.0], [24490.5, 19440.0], [24490.5, 19438.5], [24492.0, 19437.0], [24492.0, 19435.5], [24493.5, 19434.0], [24493.5, 19432.5], [24495.0, 19431.0], [24495.0, 19429.5], [24507.0, 19417.5], [24508.5, 19417.5], [24510.0, 19416.0], [24511.5, 19416.0], [24510.0, 19414.5], [24508.5, 19414.5], [24505.5, 19411.5], [24504.0, 19411.5], [24502.5, 19410.0], [24501.0, 19410.0], [24499.5, 19408.5], [24495.0, 19408.5], [24493.5, 19410.0], [24492.0, 19410.0], [24489.0, 19413.0], [24489.0, 19414.5], [24483.0, 19420.5], [24480.0, 19420.5], [24478.5, 19419.0], [24477.0, 19419.0], [24475.5, 19417.5], [24475.5, 19414.5], [24477.0, 19413.0], [24477.0, 19411.5], [24478.5, 19410.0], [24478.5, 19404.0], [24477.0, 19402.5], [24477.0, 19401.0], [24472.5, 19396.5], [24463.5, 19396.5], [24462.0, 19395.0], [24457.5, 19395.0], [24456.0, 19393.5], [24454.5, 19393.5], [24453.0, 19392.0], [24451.5, 19392.0], [24450.0, 19390.5], [24439.5, 19390.5], [24438.0, 19392.0], [24435.0, 19392.0], [24433.5, 19393.5], [24432.0, 19393.5], [24430.5, 19395.0], [24421.5, 19395.0], [24420.0, 19393.5], [24406.5, 19393.5], [24405.0, 19392.0], [24403.5, 19392.0], [24402.0, 19390.5], [24400.5, 19390.5], [24399.0, 19389.0], [24394.5, 19389.0], [24393.0, 19387.5], [24388.5, 19387.5], [24387.0, 19389.0], [24378.0, 19389.0], [24376.5, 19387.5], [24375.0, 19387.5], [24369.0, 19381.5], [24360.0, 19381.5], [24358.5, 19383.0], [24340.5, 19383.0], [24339.0, 19381.5], [24337.5, 19381.5], [24336.0, 19380.0], [24334.5, 19380.0], [24333.0, 19378.5], [24331.5, 19378.5], [24330.0, 19377.0], [24328.5, 19377.0], [24327.0, 19375.5], [24324.0, 19375.5], [24322.5, 19374.0], [24316.5, 19374.0], [24313.5, 19371.0], [24313.5, 19369.5], [24312.0, 19368.0], [24312.0, 19363.5], [24310.5, 19362.0], [24310.5, 19357.5], [24309.0, 19356.0], [24309.0, 19353.0], [24307.5, 19351.5], [24292.5, 19351.5], [24280.5, 19339.5], [24274.5, 19339.5]]]}}, {"type": "Feature", "properties": {"class_id": 6, "classification": "OOF", "area": 9.0}, "geometry": {"type": "Polygon", "coordinates": [[[24609.0, 19092.0], [24609.0, 19093.5], [24607.5, 19095.0], [24607.5, 19096.5], [24609.0, 19096.5], [24610.5, 19095.0], [24610.5, 19092.0], [24609.0, 19092.0]]]}}, {"type": "Feature", "properties": {"class_id": 6, "classification": "OOF", "area": 117.0}, "geometry": {"type": "Polygon", "coordinates": [[[24964.5, 18820.5], [24963.0, 18822.0], [24960.0, 18822.0], [24958.5, 18823.5], [24957.0, 18823.5], [24957.0, 18825.0], [24955.5, 18826.5], [24955.5, 18829.5], [24957.0, 18831.0], [24957.0, 18835.5], [24958.5, 18835.5], [24966.0, 18828.0], [24966.0, 18826.5], [24970.5, 18822.0], [24970.5, 18820.5], [24964.5, 18820.5]]]}}, {"type": "Feature", "properties": {"class_id": 6, "classification": "OOF", "area": 2.25}, "geometry": {"type": "Polygon", "coordinates": [[[25000.5, 18814.5], [24999.0, 18816.0], [25000.5, 18816.0], [25002.0, 18814.5], [25000.5, 18814.5]]]}}, {"type": "Feature", "properties": {"class_id": 6, "classification": "OOF", "area": 103.5}, "geometry": {"type": "Polygon", "coordinates": [[[24576.0, 18798.0], [24576.0, 18808.5], [24580.5, 18808.5], [24583.5, 18805.5], [24585.0, 18805.5], [24589.5, 18801.0], [24589.5, 18799.5], [24586.5, 18799.5], [24585.0, 18798.0], [24576.0, 18798.0]]]}}, {"type": "Feature", "properties": {"class_id": 6, "classification": "OOF", "area": 130.5}, "geometry": {"type": "Polygon", "coordinates": [[[25042.5, 18787.5], [25039.5, 18787.5], [25038.0, 18789.0], [25035.0, 18789.0], [25033.5, 18790.5], [25032.0, 18790.5], [25030.5, 18792.0], [25029.0, 18792.0], [25027.5, 18793.5], [25027.5, 18795.0], [25024.5, 18798.0], [25024.5, 18799.5], [25026.0, 18799.5], [25027.5, 18798.0], [25029.0, 18798.0], [25030.5, 18796.5], [25032.0, 18796.5], [25033.5, 18795.0], [25036.5, 18795.0], [25038.0, 18793.5], [25041.0, 18793.5], [25042.5, 18792.0], [25044.0, 18792.0], [25045.5, 18790.5], [25047.0, 18790.5], [25050.0, 18787.5], [25051.5, 18787.5], [25053.0, 18786.0], [25044.0, 18786.0], [25042.5, 18787.5]]]}}, {"type": "Feature", "properties": {"class_id": 6, "classification": "OOF", "area": 9.0}, "geometry": {"type": "Polygon", "coordinates": [[[24640.5, 18789.0], [24643.5, 18789.0], [24645.0, 18787.5], [24645.0, 18784.5], [24640.5, 18789.0]]]}}, {"type": "Feature", "properties": {"class_id": 6, "classification": "OOF", "area": 5.625}, "geometry": {"type": "Polygon", "coordinates": [[[24649.5, 18774.0], [24646.5, 18777.0], [24646.5, 18778.5], [24651.0, 18774.0], [24649.5, 18774.0]]]}}, {"type": "Feature", "properties": {"class_id": 6, "classification": "OOF", "area": 94.5}, "geometry": {"type": "Polygon", "coordinates": [[[25164.0, 18750.0], [25162.5, 18751.5], [25161.0, 18751.5], [25161.0, 18753.0], [25158.0, 18756.0], [25158.0, 18757.5], [25161.0, 18760.5], [25168.5, 18760.5], [25168.5, 18759.0], [25170.0, 18757.5], [25170.0, 18754.5], [25168.5, 18753.0], [25168.5, 18751.5], [25167.0, 18750.0], [25164.0, 18750.0]]]}}, {"type": "Feature", "properties": {"class_id": 6, "classification": "OOF", "area": 154.125}, "geometry": {"type": "Polygon", "coordinates": [[[25101.0, 18771.0], [25108.5, 18771.0], [25110.0, 18769.5], [25111.5, 18769.5], [25113.0, 18768.0], [25114.5, 18768.0], [25116.0, 18766.5], [25117.5, 18766.5], [25119.0, 18765.0], [25120.5, 18765.0], [25120.5, 18763.5], [25122.0, 18762.0], [25123.5, 18762.0], [25123.5, 18760.5], [25125.0, 18759.0], [25128.0, 18759.0], [25128.0, 18757.5], [25129.5, 18756.0], [25129.5, 18753.0], [25128.0, 18751.5], [25126.5, 18751.5], [25125.0, 18750.0], [25125.0, 18748.5], [25123.5, 18750.0], [25123.5, 18753.0], [25122.0, 18754.5], [25122.0, 18757.5], [25116.0, 18763.5], [25114.5, 18763.5], [25113.0, 18765.0], [25110.0, 18765.0], [25108.5, 18766.5], [25107.0, 18766.5], [25104.0, 18769.5], [25102.5, 18769.5], [25101.0, 18771.0]]]}}, {"type": "Feature", "properties": {"class_id": 6, "classification": "OOF", "area": 54122.625}, "geometry": {"type": "Polygon", "coordinates": [[[24744.0, 18673.5], [24742.5, 18673.5], [24741.0, 18675.0], [24739.5, 18675.0], [24738.0, 18676.5], [24736.5, 18676.5], [24735.0, 18678.0], [24733.5, 18678.0], [24732.0, 18679.5], [24729.0, 18679.5], [24727.5, 18681.0], [24726.0, 18681.0], [24723.0, 18684.0], [24721.5, 18684.0], [24720.0, 18685.5], [24718.5, 18685.5], [24717.0, 18687.0], [24715.5, 18687.0], [24714.0, 18688.5], [24708.0, 18688.5], [24706.5, 18690.0], [24703.5, 18690.0], [24700.5, 18693.0], [24699.0, 18693.0], [24697.5, 18694.5], [24696.0, 18694.5], [24694.5, 18693.0], [24693.0, 18693.0], [24690.0, 18690.0], [24688.5, 18690.0], [24687.0, 18688.5], [24684.0, 18688.5], [24682.5, 18690.0], [24681.0, 18690.0], [24679.5, 18691.5], [24679.5, 18693.0], [24676.5, 18696.0], [24675.0, 18696.0], [24673.5, 18697.5], [24672.0, 18697.5], [24670.5, 18699.0], [24669.0, 18699.0], [24667.5, 18700.5], [24666.0, 18700.5], [24663.0, 18703.5], [24661.5, 18703.5], [24660.0, 18705.0], [24660.0, 18706.5], [24657.0, 18709.5], [24657.0, 18712.5], [24658.5, 18714.0], [24658.5, 18715.5], [24660.0, 18717.0], [24660.0, 18718.5], [24661.5, 18720.0], [24661.5, 18726.0], [24658.5, 18729.0], [24658.5, 18730.5], [24654.0, 18735.0], [24654.0, 18736.5], [24652.5, 18738.0], [24652.5, 18747.0], [24651.0, 18748.5], [24651.0, 18754.5], [24652.5, 18756.0], [24652.5, 18757.5], [24654.0, 18759.0], [24654.0, 18760.5], [24655.5, 18760.5], [24658.5, 18763.5], [24658.5, 18769.5], [24661.5, 18769.5], [24663.0, 18768.0], [24667.5, 18768.0], [24669.0, 18766.5], [24684.0, 18766.5], [24685.5, 18768.0], [24687.0, 18768.0], [24697.5, 18778.5], [24699.0, 18778.5], [24700.5, 18780.0], [24702.0, 18780.0], [24703.5, 18781.5], [24708.0, 18781.5], [24709.5, 18783.0], [24711.0, 18783.0], [24714.0, 18786.0], [24714.0, 18787.5], [24715.5, 18789.0], [24715.5, 18790.5], [24717.0, 18792.0], [24717.0, 18793.5], [24718.5, 18795.0], [24718.5, 18805.5], [24720.0, 18807.0], [24720.0, 18808.5], [24721.5, 18810.0], [24721.5, 18811.5], [24718.5, 18814.5], [24714.0, 18814.5], [24712.5, 18813.0], [24699.0, 18813.0], [24697.5, 18814.5], [24693.0, 18814.5], [24691.5, 18816.0], [24690.0, 18816.0], [24688.5, 18817.5], [24687.0, 18817.5], [24682.5, 18822.0], [24681.0, 18822.0], [24679.5, 18823.5], [24676.5, 18823.5], [24675.0, 18825.0], [24672.0, 18825.0], [24670.5, 18826.5], [24667.5, 18826.5], [24666.0, 18828.0], [24664.5, 18828.0], [24663.0, 18826.5], [24661.5, 18826.5], [24660.0, 18825.0], [24658.5, 18825.0], [24657.0, 18823.5], [24657.0, 18822.0], [24655.5, 18820.5], [24654.0, 18820.5], [24654.0, 18822.0], [24652.5, 18823.5], [24651.0, 18822.0], [24646.5, 18822.0], [24645.0, 18823.5], [24642.0, 18823.5], [24642.0, 18826.5], [24645.0, 18829.5], [24646.5, 18829.5], [24648.0, 18831.0], [24649.5, 18831.0], [24651.0, 18832.5], [24651.0, 18834.0], [24652.5, 18834.0], [24654.0, 18835.5], [24652.5, 18837.0], [24654.0, 18837.0], [24657.0, 18840.0], [24657.0, 18841.5], [24658.5, 18843.0], [24651.0, 18850.5], [24649.5, 18850.5], [24649.5, 18852.0], [24648.0, 18853.5], [24648.0, 18858.0], [24646.5, 18859.5], [24646.5, 18861.0], [24645.0, 18862.5], [24645.0, 18864.0], [24642.0, 18867.0], [24642.0, 18870.0], [24643.5, 18871.5], [24643.5, 18885.0], [24642.0, 18886.5], [24642.0, 18897.0], [24643.5, 18898.5], [24643.5, 18903.0], [24645.0, 18904.5], [24645.0, 18907.5], [24646.5, 18909.0], [24645.0, 18910.5], [24645.0, 18915.0], [24643.5, 18916.5], [24643.5, 18918.0], [24640.5, 18921.0], [24640.5, 18922.5], [24639.0, 18924.0], [24639.0, 18942.0], [24640.5, 18943.5], [24640.5, 18984.0], [24639.0, 18985.5], [24639.0, 18993.0], [24640.5, 18994.5], [24640.5, 18997.5], [24642.0, 18999.0], [24642.0, 19003.5], [24640.5, 19005.0], [24640.5, 19006.5], [24639.0, 19008.0], [24639.0, 19009.5], [24637.5, 19011.0], [24637.5, 19012.5], [24633.0, 19017.0], [24631.5, 19017.0], [24630.0, 19018.5], [24627.0, 19018.5], [24625.5, 19020.0], [24625.5, 19024.5], [24630.0, 19029.0], [24630.0, 19030.5], [24631.5, 19032.0], [24631.5, 19033.5], [24633.0, 19035.0], [24633.0, 19036.5], [24634.5, 19038.0], [24634.5, 19039.5], [24637.5, 19042.5], [24637.5, 19044.0], [24642.0, 19048.5], [24642.0, 19050.0], [24643.5, 19051.5], [24643.5, 19054.5], [24642.0, 19056.0], [24642.0, 19057.5], [24639.0, 19060.5], [24639.0, 19062.0], [24636.0, 19065.0], [24634.5, 19065.0], [24630.0, 19069.5], [24628.5, 19069.5], [24624.0, 19074.0], [24625.5, 19074.0], [24628.5, 19071.0], [24630.0, 19071.0], [24633.0, 19068.0], [24636.0, 19068.0], [24639.0, 19065.0], [24640.5, 19065.0], [24642.0, 19063.5], [24643.5, 19063.5], [24645.0, 19062.0], [24648.0, 19062.0], [24651.0, 19059.0], [24652.5, 19059.0], [24655.5, 19056.0], [24658.5, 19056.0], [24660.0, 19054.5], [24661.5, 19054.5], [24661.5, 19053.0], [24663.0, 19051.5], [24669.0, 19051.5], [24670.5, 19050.0], [24679.5, 19050.0], [24681.0, 19048.5], [24684.0, 19048.5], [24685.5, 19047.0], [24690.0, 19047.0], [24691.5, 19048.5], [24694.5, 19045.5], [24694.5, 19044.0], [24697.5, 19041.0], [24697.5, 19039.5], [24699.0, 19038.0], [24699.0, 19036.5], [24700.5, 19035.0], [24700.5, 19033.5], [24702.0, 19032.0], [24703.5, 19032.0], [24703.5, 19030.5], [24705.0, 19029.0], [24706.5, 19029.0], [24706.5, 19027.5], [24708.0, 19026.0], [24709.5, 19026.0], [24709.5, 19024.5], [24717.0, 19017.0], [24718.5, 19017.0], [24718.5, 19015.5], [24721.5, 19012.5], [24721.5, 19008.0], [24723.0, 19006.5], [24724.5, 19006.5], [24726.0, 19005.0], [24727.5, 19005.0], [24727.5, 19003.5], [24729.0, 19002.0], [24730.5, 19002.0], [24733.5, 18999.0], [24736.5, 18999.0], [24739.5, 18996.0], [24742.5, 18996.0], [24742.5, 18994.5], [24744.0, 18993.0], [24745.5, 18993.0], [24748.5, 18990.0], [24748.5, 18988.5], [24754.5, 18982.5], [24757.5, 18985.5], [24757.5, 18987.0], [24759.0, 18988.5], [24759.0, 18990.0], [24762.0, 18993.0], [24763.5, 18993.0], [24765.0, 18991.5], [24766.5, 18993.0], [24769.5, 18993.0], [24772.5, 18996.0], [24775.5, 18996.0], [24777.0, 18997.5], [24778.5, 18997.5], [24780.0, 18999.0], [24787.5, 18999.0], [24789.0, 19000.5], [24789.0, 19014.0], [24790.5, 19014.0], [24790.5, 19012.5], [24792.0, 19011.0], [24792.0, 19009.5], [24793.5, 19008.0], [24793.5, 18997.5], [24798.0, 18993.0], [24798.0, 18991.5], [24799.5, 18990.0], [24801.0, 18990.0], [24804.0, 18993.0], [24805.5, 18993.0], [24807.0, 18991.5], [24808.5, 18991.5], [24804.0, 18987.0], [24805.5, 18985.5], [24810.0, 18985.5], [24814.5, 18981.0], [24814.5, 18970.5], [24813.0, 18970.5], [24811.5, 18969.0], [24811.5, 18967.5], [24810.0, 18967.5], [24808.5, 18966.0], [24808.5, 18964.5], [24805.5, 18961.5], [24805.5, 18958.5], [24804.0, 18958.5], [24802.5, 18957.0], [24801.0, 18957.0], [24799.5, 18955.5], [24786.0, 18955.5], [24784.5, 18954.0], [24783.0, 18954.0], [24781.5, 18955.5], [24780.0, 18955.5], [24778.5, 18954.0], [24778.5, 18952.5], [24777.0, 18952.5], [24775.5, 18951.0], [24774.0, 18951.0], [24772.5, 18949.5], [24771.0, 18949.5], [24769.5, 18948.0], [24769.5, 18946.5], [24771.0, 18945.0], [24774.0, 18945.0], [24774.0, 18942.0], [24772.5, 18940.5], [24774.0, 18939.0], [24775.5, 18939.0], [24775.5, 18937.5], [24777.0, 18936.0], [24778.5, 18936.0], [24778.5, 18933.0], [24780.0, 18931.5], [24780.0, 18930.0], [24781.5, 18928.5], [24781.5, 18922.5], [24787.5, 18916.5], [24787.5, 18900.0], [24789.0, 18898.5], [24789.0, 18895.5], [24790.5, 18894.0], [24790.5, 18885.0], [24792.0, 18883.5], [24792.0, 18882.0], [24793.5, 18880.5], [24793.5, 18879.0], [24796.5, 18876.0], [24802.5, 18876.0], [24807.0, 18880.5], [24808.5, 18880.5], [24810.0, 18879.0], [24810.0, 18871.5], [24811.5, 18870.0], [24813.0, 18870.0], [24814.5, 18868.5], [24819.0, 18868.5], [24820.5, 18867.0], [24831.0, 18867.0], [24832.5, 18865.5], [24837.0, 18865.5], [24840.0, 18862.5], [24840.0, 18861.0], [24846.0, 18855.0], [24852.0, 18855.0], [24853.5, 18853.5], [24858.0, 18853.5], [24861.0, 18856.5], [24862.5, 18856.5], [24864.0, 18858.0], [24879.0, 18858.0], [24880.5, 18859.5], [24888.0, 18859.5], [24889.5, 18861.0], [24894.0, 18861.0], [24895.5, 18859.5], [24895.5, 18856.5], [24897.0, 18855.0], [24897.0, 18853.5], [24900.0, 18850.5], [24900.0, 18849.0], [24903.0, 18846.0], [24903.0, 18840.0], [24901.5, 18838.5], [24901.5, 18835.5], [24904.5, 18832.5], [24906.0, 18832.5], [24907.5, 18831.0], [24909.0, 18831.0], [24910.5, 18829.5], [24921.0, 18829.5], [24922.5, 18828.0], [24924.0, 18828.0], [24924.0, 18826.5], [24925.5, 18825.0], [24925.5, 18823.5], [24927.0, 18822.0], [24927.0, 18816.0], [24925.5, 18814.5], [24925.5, 18813.0], [24924.0, 18811.5], [24922.5, 18811.5], [24916.5, 18805.5], [24916.5, 18804.0], [24915.0, 18802.5], [24915.0, 18799.5], [24913.5, 18798.0], [24913.5, 18795.0], [24901.5, 18783.0], [24900.0, 18783.0], [24897.0, 18780.0], [24895.5, 18780.0], [24892.5, 18777.0], [24892.5, 18775.5], [24894.0, 18774.0], [24894.0, 18765.0], [24892.5, 18763.5], [24892.5, 18762.0], [24889.5, 18759.0], [24889.5, 18757.5], [24886.5, 18754.5], [24886.5, 18744.0], [24885.0, 18742.5], [24885.0, 18741.0], [24883.5, 18741.0], [24882.0, 18739.5], [24879.0, 18739.5], [24877.5, 18741.0], [24874.5, 18741.0], [24873.0, 18742.5], [24871.5, 18742.5], [24870.0, 18744.0], [24868.5, 18744.0], [24867.0, 18745.5], [24849.0, 18745.5], [24847.5, 18747.0], [24840.0, 18747.0], [24837.0, 18744.0], [24837.0, 18739.5], [24834.0, 18739.5], [24832.5, 18741.0], [24828.0, 18741.0], [24826.5, 18742.5], [24825.0, 18742.5], [24822.0, 18745.5], [24820.5, 18745.5], [24816.0, 18750.0], [24808.5, 18750.0], [24807.0, 18751.5], [24798.0, 18751.5], [24798.0, 18754.5], [24799.5, 18756.0], [24799.5, 18759.0], [24798.0, 18760.5], [24798.0, 18763.5], [24793.5, 18768.0], [24793.5, 18769.5], [24792.0, 18771.0], [24792.0, 18772.5], [24790.5, 18774.0], [24790.5, 18777.0], [24789.0, 18778.5], [24787.5, 18778.5], [24786.0, 18780.0], [24784.5, 18780.0], [24783.0, 18781.5], [24780.0, 18781.5], [24778.5, 18783.0], [24777.0, 18783.0], [24775.5, 18784.5], [24766.5, 18784.5], [24762.0, 18780.0], [24762.0, 18778.5], [24757.5, 18774.0], [24757.5, 18769.5], [24759.0, 18768.0], [24759.0, 18760.5], [24756.0, 18757.5], [24754.5, 18757.5], [24753.0, 18756.0], [24751.5, 18756.0], [24750.0, 18754.5], [24748.5, 18754.5], [24747.0, 18753.0], [24745.5, 18753.0], [24744.0, 18751.5], [24742.5, 18751.5], [24741.0, 18750.0], [24739.5, 18750.0], [24736.5, 18747.0], [24735.0, 18747.0], [24733.5, 18745.5], [24732.0, 18745.5], [24729.0, 18742.5], [24726.0, 18742.5], [24724.5, 18741.0], [24723.0, 18741.0], [24718.5, 18736.5], [24718.5, 18732.0], [24720.0, 18730.5], [24720.0, 18729.0], [24723.0, 18726.0], [24723.0, 18724.5], [24727.5, 18720.0], [24729.0, 18720.0], [24730.5, 18718.5], [24732.0, 18718.5], [24733.5, 18717.0], [24735.0, 18717.0], [24735.0, 18715.5], [24738.0, 18712.5], [24738.0, 18711.0], [24739.5, 18709.5], [24739.5, 18708.0], [24750.0, 18697.5], [24753.0, 18697.5], [24754.5, 18696.0], [24757.5, 18696.0], [24760.5, 18693.0], [24760.5, 18690.0], [24762.0, 18688.5], [24760.5, 18687.0], [24760.5, 18681.0], [24759.0, 18679.5], [24759.0, 18678.0], [24754.5, 18673.5], [24751.5, 18673.5], [24750.0, 18672.0], [24745.5, 18672.0], [24744.0, 18673.5]]]}}, {"type": "Feature", "properties": {"class_id": 6, "classification": "OOF", "area": 432.0}, "geometry": {"type": "Polygon", "coordinates": [[[25614.0, 18273.0], [25612.5, 18274.5], [25608.0, 18274.5], [25608.0, 18280.5], [25606.5, 18282.0], [25605.0, 18282.0], [25603.5, 18283.5], [25602.0, 18282.0], [25600.5, 18283.5], [25599.0, 18283.5], [25599.0, 18289.5], [25596.0, 18292.5], [25596.0, 18295.5], [25594.5, 18297.0], [25590.0, 18297.0], [25588.5, 18298.5], [25584.0, 18298.5], [25584.0, 18300.0], [25582.5, 18301.5], [25581.0, 18301.5], [25579.5, 18303.0], [25578.0, 18303.0], [25576.5, 18304.5], [25566.0, 18304.5], [25566.0, 18306.0], [25573.5, 18306.0], [25575.0, 18307.5], [25576.5, 18307.5], [25578.0, 18309.0], [25585.5, 18309.0], [25588.5, 18306.0], [25591.5, 18306.0], [25591.5, 18304.5], [25593.0, 18303.0], [25594.5, 18303.0], [25596.0, 18301.5], [25597.5, 18301.5], [25597.5, 18300.0], [25599.0, 18298.5], [25600.5, 18298.5], [25602.0, 18297.0], [25603.5, 18297.0], [25612.5, 18288.0], [25612.5, 18286.5], [25615.5, 18283.5], [25615.5, 18280.5], [25617.0, 18279.0], [25617.0, 18274.5], [25615.5, 18273.0], [25614.0, 18273.0]]]}}, {"type": "Feature", "properties": {"class_id": 6, "classification": "OOF", "area": 50.625}, "geometry": {"type": "Polygon", "coordinates": [[[25197.0, 18058.5], [25197.0, 18061.5], [25195.5, 18063.0], [25195.5, 18067.5], [25200.0, 18067.5], [25203.0, 18064.5], [25203.0, 18061.5], [25201.5, 18060.0], [25200.0, 18060.0], [25198.5, 18058.5], [25197.0, 18058.5]]]}}, {"type": "Feature", "properties": {"class_id": 6, "classification": "OOF", "area": 21.375}, "geometry": {"type": "Polygon", "coordinates": [[[25182.0, 18049.5], [25180.5, 18051.0], [25180.5, 18054.0], [25185.0, 18054.0], [25186.5, 18052.5], [25185.0, 18051.0], [25185.0, 18049.5], [25182.0, 18049.5]]]}}, {"type": "Feature", "properties": {"class_id": 6, "classification": "OOF", "area": 13.5}, "geometry": {"type": "Polygon", "coordinates": [[[25294.5, 18040.5], [25293.0, 18042.0], [25290.0, 18042.0], [25288.5, 18043.5], [25290.0, 18045.0], [25293.0, 18045.0], [25293.0, 18043.5], [25294.5, 18042.0], [25294.5, 18040.5]]]}}, {"type": "Feature", "properties": {"class_id": 6, "classification": "OOF", "area": 639.0}, "geometry": {"type": "Polygon", "coordinates": [[[25528.5, 17823.0], [25527.0, 17824.5], [25524.0, 17824.5], [25522.5, 17826.0], [25521.0, 17826.0], [25519.5, 17827.5], [25518.0, 17827.5], [25513.5, 17832.0], [25513.5, 17833.5], [25512.0, 17835.0], [25512.0, 17838.0], [25510.5, 17839.5], [25510.5, 17841.0], [25512.0, 17842.5], [25512.0, 17844.0], [25518.0, 17850.0], [25521.0, 17847.0], [25522.5, 17847.0], [25524.0, 17845.5], [25527.0, 17845.5], [25528.5, 17844.0], [25530.0, 17844.0], [25531.5, 17842.5], [25533.0, 17842.5], [25539.0, 17836.5], [25539.0, 17835.0], [25542.0, 17832.0], [25542.0, 17829.0], [25543.5, 17827.5], [25543.5, 17821.5], [25531.5, 17821.5], [25530.0, 17823.0], [25528.5, 17823.0]]]}}, {"type": "Feature", "properties": {"class_id": 6, "classification": "OOF", "area": 33.75}, "geometry": {"type": "Polygon", "coordinates": [[[26448.0, 17601.0], [26449.5, 17601.0], [26451.0, 17599.5], [26452.5, 17599.5], [26452.5, 17596.5], [26448.0, 17596.5], [26446.5, 17595.0], [26445.0, 17595.0], [26445.0, 17598.0], [26448.0, 17601.0]]]}}, {"type": "Feature", "properties": {"class_id": 6, "classification": "OOF", "area": 429.75}, "geometry": {"type": "Polygon", "coordinates": [[[17664.0, 17593.5], [17664.0, 17602.5], [17662.5, 17604.0], [17659.5, 17604.0], [17658.0, 17605.5], [17656.5, 17605.5], [17652.0, 17610.0], [17652.0, 17616.0], [17653.5, 17617.5], [17656.5, 17617.5], [17658.0, 17619.0], [17662.5, 17619.0], [17662.5, 17617.5], [17664.0, 17616.0], [17670.0, 17616.0], [17671.5, 17614.5], [17673.0, 17614.5], [17674.5, 17613.0], [17676.0, 17613.0], [17677.5, 17611.5], [17677.5, 17610.0], [17679.0, 17608.5], [17679.0, 17602.5], [17677.5, 17601.0], [17677.5, 17598.0], [17676.0, 17596.5], [17674.5, 17596.5], [17673.0, 17595.0], [17671.5, 17595.0], [17670.0, 17593.5], [17664.0, 17593.5]]]}}, {"type": "Feature", "properties": {"class_id": 6, "classification": "OOF", "area": 3.375}, "geometry": {"type": "Polygon", "coordinates": [[[26409.0, 17466.0], [26409.0, 17469.0], [26410.5, 17469.0], [26410.5, 17467.5], [26409.0, 17466.0]]]}}, {"type": "Feature", "properties": {"class_id": 6, "classification": "OOF", "area": 5.625}, "geometry": {"type": "Polygon", "coordinates": [[[25732.5, 17422.5], [25732.5, 17424.0], [25735.5, 17427.0], [25737.0, 17427.0], [25732.5, 17422.5]]]}}, {"type": "Feature", "properties": {"class_id": 6, "classification": "OOF", "area": 3.375}, "geometry": {"type": "Polygon", "coordinates": [[[26620.5, 17163.0], [26620.5, 17164.5], [26622.0, 17164.5], [26622.0, 17161.5], [26620.5, 17163.0]]]}}, {"type": "Feature", "properties": {"class_id": 6, "classification": "OOF", "area": 2839.5}, "geometry": {"type": "Polygon", "coordinates": [[[22299.0, 16996.5], [22297.5, 16998.0], [22293.0, 16998.0], [22291.5, 16999.5], [22282.5, 16999.5], [22281.0, 17001.0], [22279.5, 17001.0], [22278.0, 17002.5], [22275.0, 17002.5], [22273.5, 17004.0], [22272.0, 17004.0], [22272.0, 17055.0], [22275.0, 17055.0], [22276.5, 17056.5], [22285.5, 17056.5], [22287.0, 17058.0], [22299.0, 17058.0], [22300.5, 17056.5], [22306.5, 17056.5], [22308.0, 17055.0], [22311.0, 17055.0], [22312.5, 17053.5], [22314.0, 17053.5], [22315.5, 17052.0], [22317.0, 17052.0], [22317.0, 17050.5], [22318.5, 17049.0], [22318.5, 17041.5], [22320.0, 17040.0], [22320.0, 17037.0], [22321.5, 17035.5], [22321.5, 17032.5], [22323.0, 17031.0], [22323.0, 17023.5], [22324.5, 17022.0], [22324.5, 17020.5], [22323.0, 17019.0], [22323.0, 17002.5], [22321.5, 17001.0], [22321.5, 16999.5], [22320.0, 16998.0], [22318.5, 16998.0], [22317.0, 16996.5], [22299.0, 16996.5]]]}}, {"type": "Feature", "properties": {"class_id": 6, "classification": "OOF", "area": 1902.375}, "geometry": {"type": "Polygon", "coordinates": [[[27013.5, 16941.0], [27012.0, 16942.5], [27009.0, 16942.5], [27007.5, 16944.0], [27006.0, 16944.0], [27004.5, 16945.5], [27001.5, 16945.5], [27000.0, 16947.0], [26998.5, 16947.0], [26997.0, 16948.5], [26995.5, 16948.5], [26995.5, 16950.0], [26992.5, 16953.0], [26992.5, 16956.0], [26991.0, 16957.5], [26991.0, 16959.0], [26992.5, 16960.5], [26992.5, 16962.0], [26994.0, 16962.0], [26995.5, 16963.5], [26998.5, 16963.5], [27000.0, 16962.0], [27001.5, 16962.0], [27003.0, 16960.5], [27006.0, 16963.5], [27006.0, 16966.5], [27001.5, 16971.0], [27000.0, 16971.0], [26997.0, 16974.0], [26995.5, 16974.0], [26995.5, 16980.0], [26997.0, 16981.5], [26997.0, 16983.0], [27003.0, 16989.0], [27004.5, 16989.0], [27009.0, 16984.5], [27010.5, 16984.5], [27013.5, 16981.5], [27019.5, 16981.5], [27024.0, 16977.0], [27027.0, 16977.0], [27028.5, 16978.5], [27037.5, 16978.5], [27039.0, 16977.0], [27040.5, 16977.0], [27042.0, 16978.5], [27046.5, 16978.5], [27046.5, 16965.0], [27048.0, 16963.5], [27048.0, 16960.5], [27049.5, 16959.0], [27049.5, 16957.5], [27048.0, 16956.0], [27048.0, 16953.0], [27046.5, 16951.5], [27046.5, 16948.5], [27045.0, 16947.0], [27045.0, 16945.5], [27042.0, 16942.5], [27039.0, 16942.5], [27037.5, 16941.0], [27031.5, 16941.0], [27030.0, 16942.5], [27018.0, 16942.5], [27016.5, 16941.0], [27013.5, 16941.0]]]}}, {"type": "Feature", "properties": {"class_id": 6, "classification": "OOF", "area": 584047.125}, "geometry": {"type": "Polygon", "coordinates": [[[26872.5, 16932.0], [26872.5, 16933.5], [26869.5, 16936.5], [26866.5, 16936.5], [26865.0, 16938.0], [26859.0, 16938.0], [26857.5, 16939.5], [26856.0, 16939.5], [26854.5, 16938.0], [26853.0, 16938.0], [26851.5, 16936.5], [26848.5, 16936.5], [26848.5, 16938.0], [26850.0, 16939.5], [26850.0, 16948.5], [26848.5, 16950.0], [26848.5, 16953.0], [26850.0, 16954.5], [26850.0, 16956.0], [26848.5, 16957.5], [26847.0, 16957.5], [26845.5, 16956.0], [26844.0, 16956.0], [26842.5, 16954.5], [26839.5, 16954.5], [26839.5, 16956.0], [26841.0, 16957.5], [26839.5, 16959.0], [26835.0, 16959.0], [26829.0, 16965.0], [26829.0, 16966.5], [26827.5, 16968.0], [26826.0, 16968.0], [26821.5, 16972.5], [26820.0, 16972.5], [26820.0, 16974.0], [26818.5, 16975.5], [26817.0, 16975.5], [26814.0, 16978.5], [26811.0, 16978.5], [26808.0, 16981.5], [26799.0, 16981.5], [26796.0, 16984.5], [26793.0, 16984.5], [26790.0, 16987.5], [26787.0, 16987.5], [26785.5, 16989.0], [26784.0, 16989.0], [26782.5, 16990.5], [26781.0, 16990.5], [26778.0, 16993.5], [26770.5, 16993.5], [26767.5, 16996.5], [26764.5, 16996.5], [26761.5, 16999.5], [26763.0, 17001.0], [26764.5, 17001.0], [26766.0, 17002.5], [26767.5, 17002.5], [26769.0, 17004.0], [26773.5, 16999.5], [26775.0, 17001.0], [26781.0, 17001.0], [26782.5, 16999.5], [26782.5, 16998.0], [26784.0, 16996.5], [26785.5, 16996.5], [26791.5, 17002.5], [26791.5, 17004.0], [26793.0, 17005.5], [26793.0, 17007.0], [26790.0, 17010.0], [26791.5, 17011.5], [26791.5, 17013.0], [26793.0, 17014.5], [26791.5, 17016.0], [26791.5, 17020.5], [26788.5, 17023.5], [26787.0, 17023.5], [26787.0, 17025.0], [26788.5, 17026.5], [26788.5, 17028.0], [26787.0, 17029.5], [26785.5, 17028.0], [26784.0, 17029.5], [26779.5, 17029.5], [26778.0, 17031.0], [26779.5, 17032.5], [26776.5, 17035.5], [26775.0, 17035.5], [26773.5, 17037.0], [26772.0, 17037.0], [26772.0, 17046.0], [26773.5, 17047.5], [26772.0, 17049.0], [26772.0, 17052.0], [26770.5, 17053.5], [26767.5, 17053.5], [26764.5, 17056.5], [26763.0, 17056.5], [26761.5, 17055.0], [26760.0, 17055.0], [26758.5, 17053.5], [26754.0, 17053.5], [26752.5, 17055.0], [26749.5, 17055.0], [26748.0, 17053.5], [26748.0, 17055.0], [26746.5, 17056.5], [26740.5, 17056.5], [26737.5, 17059.5], [26737.5, 17061.0], [26736.0, 17062.5], [26740.5, 17067.0], [26739.0, 17068.5], [26734.5, 17068.5], [26734.5, 17070.0], [26733.0, 17071.5], [26731.5, 17071.5], [26730.0, 17073.0], [26730.0, 17074.5], [26727.0, 17077.5], [26725.5, 17077.5], [26725.5, 17080.5], [26724.0, 17082.0], [26722.5, 17080.5], [26718.0, 17080.5], [26718.0, 17083.5], [26716.5, 17085.0], [26710.5, 17085.0], [26709.0, 17086.5], [26710.5, 17088.0], [26707.5, 17091.0], [26706.0, 17091.0], [26704.5, 17089.5], [26704.5, 17086.5], [26703.0, 17088.0], [26703.0, 17089.5], [26700.0, 17092.5], [26694.0, 17092.5], [26692.5, 17091.0], [26691.0, 17091.0], [26689.5, 17092.5], [26680.5, 17092.5], [26680.5, 17094.0], [26679.0, 17095.5], [26679.0, 17100.0], [26676.0, 17103.0], [26676.0, 17106.0], [26673.0, 17109.0], [26670.0, 17109.0], [26668.5, 17110.5], [26667.0, 17110.5], [26667.0, 17115.0], [26665.5, 17116.5], [26662.5, 17116.5], [26659.5, 17113.5], [26658.0, 17113.5], [26656.5, 17112.0], [26655.0, 17112.0], [26653.5, 17113.5], [26652.0, 17113.5], [26650.5, 17115.0], [26649.0, 17115.0], [26647.5, 17116.5], [26646.0, 17116.5], [26646.0, 17136.0], [26647.5, 17137.5], [26647.5, 17139.0], [26646.0, 17140.5], [26646.0, 17142.0], [26647.5, 17143.5], [26649.0, 17145.0], [26650.5, 17145.0], [26652.0, 17146.5], [26655.0, 17146.5], [26656.5, 17145.0], [26662.5, 17145.0], [26664.0, 17146.5], [26662.5, 17148.0], [26659.5, 17148.0], [26658.0, 17149.5], [26659.5, 17151.0], [26659.5, 17152.5], [26661.0, 17154.0], [26662.5, 17154.0], [26664.0, 17155.5], [26664.0, 17158.5], [26662.5, 17160.0], [26664.0, 17161.5], [26659.5, 17166.0], [26659.5, 17169.0], [26661.0, 17169.0], [26662.5, 17170.5], [26662.5, 17175.0], [26664.0, 17176.5], [26664.0, 17179.5], [26665.5, 17181.0], [26664.0, 17182.5], [26661.0, 17182.5], [26658.0, 17185.5], [26658.0, 17191.5], [26656.5, 17193.0], [26652.0, 17193.0], [26649.0, 17196.0], [26650.5, 17197.5], [26650.5, 17199.0], [26646.0, 17203.5], [26643.0, 17203.5], [26641.5, 17205.0], [26640.0, 17205.0], [26638.5, 17206.5], [26637.0, 17206.5], [26634.0, 17209.5], [26632.5, 17209.5], [26631.0, 17208.0], [26628.0, 17208.0], [26626.5, 17206.5], [26623.5, 17206.5], [26622.0, 17205.0], [26622.0, 17203.5], [26617.5, 17203.5], [26616.0, 17205.0], [26614.5, 17205.0], [26611.5, 17208.0], [26611.5, 17209.5], [26608.5, 17212.5], [26607.0, 17212.5], [26605.5, 17214.0], [26602.5, 17214.0], [26601.0, 17215.5], [26599.5, 17215.5], [26598.0, 17217.0], [26596.5, 17217.0], [26595.0, 17218.5], [26593.5, 17218.5], [26592.0, 17220.0], [26590.5, 17220.0], [26589.0, 17218.5], [26587.5, 17218.5], [26583.0, 17214.0], [26583.0, 17212.5], [26584.5, 17211.0], [26577.0, 17211.0], [26575.5, 17209.5], [26569.5, 17209.5], [26568.0, 17208.0], [26563.5, 17208.0], [26562.0, 17209.5], [26560.5, 17209.5], [26557.5, 17212.5], [26556.0, 17212.5], [26550.0, 17218.5], [26548.5, 17218.5], [26548.5, 17220.0], [26544.0, 17224.5], [26542.5, 17223.0], [26541.0, 17223.0], [26539.5, 17221.5], [26538.0, 17221.5], [26535.0, 17218.5], [26532.0, 17218.5], [26530.5, 17217.0], [26524.5, 17217.0], [26523.0, 17218.5], [26517.0, 17218.5], [26515.5, 17220.0], [26514.0, 17220.0], [26511.0, 17223.0], [26509.5, 17223.0], [26509.5, 17224.5], [26508.0, 17226.0], [26508.0, 17227.5], [26506.5, 17229.0], [26506.5, 17232.0], [26502.0, 17236.5], [26493.0, 17236.5], [26490.0, 17233.5], [26490.0, 17229.0], [26491.5, 17227.5], [26491.5, 17224.5], [26490.0, 17226.0], [26488.5, 17226.0], [26481.0, 17233.5], [26481.0, 17235.0], [26479.5, 17236.5], [26479.5, 17238.0], [26478.0, 17239.5], [26478.0, 17241.0], [26472.0, 17247.0], [26470.5, 17247.0], [26470.5, 17248.5], [26467.5, 17251.5], [26467.5, 17253.0], [26461.5, 17259.0], [26460.0, 17259.0], [26458.5, 17260.5], [26457.0, 17260.5], [26455.5, 17262.0], [26454.0, 17262.0], [26452.5, 17263.5], [26442.0, 17263.5], [26439.0, 17260.5], [26439.0, 17251.5], [26440.5, 17250.0], [26440.5, 17247.0], [26442.0, 17245.5], [26442.0, 17242.5], [26443.5, 17241.0], [26443.5, 17235.0], [26445.0, 17233.5], [26445.0, 17221.5], [26446.5, 17220.0], [26446.5, 17215.5], [26448.0, 17214.0], [26448.0, 17209.5], [26449.5, 17208.0], [26449.5, 17203.5], [26443.5, 17209.5], [26442.0, 17209.5], [26440.5, 17211.0], [26439.0, 17211.0], [26437.5, 17212.5], [26430.0, 17212.5], [26428.5, 17211.0], [26412.0, 17211.0], [26410.5, 17212.5], [26409.0, 17212.5], [26406.0, 17215.5], [26406.0, 17223.0], [26407.5, 17224.5], [26407.5, 17230.5], [26406.0, 17232.0], [26404.5, 17232.0], [26403.0, 17233.5], [26401.5, 17233.5], [26400.0, 17235.0], [26397.0, 17235.0], [26395.5, 17236.5], [26394.0, 17236.5], [26392.5, 17238.0], [26391.0, 17238.0], [26388.0, 17241.0], [26386.5, 17241.0], [26385.0, 17242.5], [26377.5, 17242.5], [26376.0, 17241.0], [26376.0, 17238.0], [26380.5, 17233.5], [26380.5, 17232.0], [26382.0, 17230.5], [26382.0, 17211.0], [26389.5, 17203.5], [26391.0, 17203.5], [26394.0, 17200.5], [26395.5, 17200.5], [26401.5, 17194.5], [26401.5, 17193.0], [26403.0, 17191.5], [26403.0, 17190.0], [26404.5, 17188.5], [26404.5, 17178.0], [26409.0, 17173.5], [26410.5, 17173.5], [26415.0, 17169.0], [26416.5, 17169.0], [26419.5, 17172.0], [26419.5, 17178.0], [26421.0, 17179.5], [26422.5, 17179.5], [26424.0, 17178.0], [26425.5, 17178.0], [26434.5, 17169.0], [26436.0, 17169.0], [26437.5, 17167.5], [26440.5, 17167.5], [26442.0, 17166.0], [26449.5, 17166.0], [26452.5, 17163.0], [26452.5, 17160.0], [26451.0, 17158.5], [26451.0, 17157.0], [26449.5, 17155.5], [26449.5, 17152.5], [26451.0, 17151.0], [26451.0, 17148.0], [26452.5, 17146.5], [26452.5, 17143.5], [26451.0, 17142.0], [26451.0, 17140.5], [26449.5, 17140.5], [26448.0, 17139.0], [26428.5, 17139.0], [26427.0, 17140.5], [26425.5, 17140.5], [26422.5, 17143.5], [26419.5, 17143.5], [26415.0, 17139.0], [26413.5, 17139.0], [26412.0, 17137.5], [26401.5, 17137.5], [26398.5, 17134.5], [26398.5, 17127.0], [26397.0, 17125.5], [26397.0, 17124.0], [26395.5, 17124.0], [26394.0, 17122.5], [26386.5, 17122.5], [26385.0, 17121.0], [26383.5, 17121.0], [26382.0, 17119.5], [26382.0, 17118.0], [26380.5, 17116.5], [26380.5, 17115.0], [26379.0, 17113.5], [26373.0, 17113.5], [26371.5, 17115.0], [26370.0, 17115.0], [26370.0, 17122.5], [26373.0, 17125.5], [26373.0, 17130.0], [26371.5, 17131.5], [26371.5, 17133.0], [26370.0, 17134.5], [26370.0, 17143.5], [26371.5, 17145.0], [26371.5, 17146.5], [26374.5, 17149.5], [26376.0, 17149.5], [26377.5, 17151.0], [26379.0, 17151.0], [26383.5, 17155.5], [26383.5, 17157.0], [26379.0, 17161.5], [26377.5, 17161.5], [26376.0, 17163.0], [26371.5, 17163.0], [26370.0, 17164.5], [26368.5, 17164.5], [26364.0, 17160.0], [26364.0, 17154.0], [26362.5, 17152.5], [26362.5, 17151.0], [26361.0, 17151.0], [26359.5, 17149.5], [26350.5, 17149.5], [26349.0, 17151.0], [26346.0, 17151.0], [26344.5, 17152.5], [26338.5, 17146.5], [26335.5, 17146.5], [26334.0, 17145.0], [26332.5, 17145.0], [26331.0, 17143.5], [26331.0, 17137.5], [26328.0, 17134.5], [26325.0, 17134.5], [26323.5, 17133.0], [26316.0, 17133.0], [26314.5, 17134.5], [26313.0, 17134.5], [26308.5, 17139.0], [26307.0, 17139.0], [26304.0, 17136.0], [26304.0, 17134.5], [26295.0, 17125.5], [26295.0, 17124.0], [26293.5, 17122.5], [26293.5, 17119.5], [26292.0, 17118.0], [26292.0, 17116.5], [26290.5, 17115.0], [26290.5, 17113.5], [26289.0, 17113.5], [26286.0, 17110.5], [26284.5, 17110.5], [26283.0, 17109.0], [26280.0, 17109.0], [26278.5, 17107.5], [26277.0, 17107.5], [26275.5, 17109.0], [26274.0, 17109.0], [26272.5, 17110.5], [26271.0, 17110.5], [26269.5, 17112.0], [26268.0, 17112.0], [26266.5, 17113.5], [26254.5, 17113.5], [26248.5, 17119.5], [26248.5, 17121.0], [26241.0, 17128.5], [26239.5, 17128.5], [26238.0, 17130.0], [26230.5, 17130.0], [26229.0, 17128.5], [26226.0, 17128.5], [26223.0, 17125.5], [26221.5, 17125.5], [26220.0, 17124.0], [26212.5, 17124.0], [26211.0, 17122.5], [26208.0, 17122.5], [26206.5, 17121.0], [26199.0, 17121.0], [26197.5, 17119.5], [26196.0, 17119.5], [26187.0, 17110.5], [26184.0, 17110.5], [26182.5, 17109.0], [26176.5, 17109.0], [26175.0, 17107.5], [26166.0, 17107.5], [26164.5, 17109.0], [26163.0, 17109.0], [26160.0, 17112.0], [26160.0, 17115.0], [26158.5, 17116.5], [26158.5, 17121.0], [26157.0, 17122.5], [26157.0, 17125.5], [26155.5, 17127.0], [26155.5, 17133.0], [26157.0, 17134.5], [26157.0, 17136.0], [26158.5, 17137.5], [26158.5, 17143.5], [26157.0, 17145.0], [26157.0, 17148.0], [26155.5, 17149.5], [26155.5, 17151.0], [26154.0, 17152.5], [26154.0, 17155.5], [26152.5, 17157.0], [26152.5, 17170.5], [26154.0, 17172.0], [26154.0, 17181.0], [26155.5, 17182.5], [26155.5, 17184.0], [26160.0, 17188.5], [26160.0, 17190.0], [26161.5, 17191.5], [26157.0, 17196.0], [26157.0, 17197.5], [26154.0, 17200.5], [26154.0, 17202.0], [26152.5, 17203.5], [26152.5, 17208.0], [26151.0, 17209.5], [26151.0, 17232.0], [26152.5, 17233.5], [26152.5, 17247.0], [26151.0, 17248.5], [26151.0, 17259.0], [26152.5, 17260.5], [26152.5, 17265.0], [26154.0, 17266.5], [26154.0, 17277.0], [26152.5, 17278.5], [26152.5, 17289.0], [26154.0, 17290.5], [26154.0, 17298.0], [26152.5, 17299.5], [26152.5, 17304.0], [26151.0, 17305.5], [26151.0, 17313.0], [26152.5, 17314.5], [26152.5, 17316.0], [26151.0, 17317.5], [26151.0, 17325.0], [26149.5, 17326.5], [26149.5, 17337.0], [26151.0, 17338.5], [26151.0, 17340.0], [26152.5, 17341.5], [26152.5, 17346.0], [26151.0, 17347.5], [26151.0, 17353.5], [26149.5, 17355.0], [26149.5, 17362.5], [26151.0, 17364.0], [26151.0, 17373.0], [26152.5, 17374.5], [26152.5, 17379.0], [26154.0, 17380.5], [26154.0, 17383.5], [26152.5, 17385.0], [26152.5, 17391.0], [26154.0, 17392.5], [26154.0, 17403.0], [26152.5, 17404.5], [26152.5, 17413.5], [26151.0, 17415.0], [26151.0, 17419.5], [26149.5, 17421.0], [26149.5, 17425.5], [26148.0, 17427.0], [26148.0, 17437.5], [26149.5, 17439.0], [26149.5, 17440.5], [26151.0, 17442.0], [26151.0, 17443.5], [26154.0, 17446.5], [26154.0, 17457.0], [26152.5, 17458.5], [26152.5, 17476.5], [26151.0, 17478.0], [26151.0, 17484.0], [26149.5, 17485.5], [26151.0, 17487.0], [26151.0, 17491.5], [26149.5, 17493.0], [26149.5, 17496.0], [26148.0, 17497.5], [26148.0, 17502.0], [26146.5, 17503.5], [26146.5, 17512.5], [26148.0, 17514.0], [26148.0, 17518.5], [26146.5, 17520.0], [26146.5, 17524.5], [26145.0, 17526.0], [26145.0, 17532.0], [26146.5, 17533.5], [26146.5, 17550.0], [26148.0, 17551.5], [26148.0, 17553.0], [26149.5, 17554.5], [26149.5, 17557.5], [26151.0, 17559.0], [26151.0, 17575.5], [26152.5, 17577.0], [26152.5, 17583.0], [26154.0, 17584.5], [26154.0, 17601.0], [26149.5, 17605.5], [26146.5, 17605.5], [26145.0, 17607.0], [26137.5, 17607.0], [26136.0, 17608.5], [26133.0, 17608.5], [26122.5, 17619.0], [26121.0, 17619.0], [26119.5, 17620.5], [26118.0, 17620.5], [26118.0, 17622.0], [26116.5, 17623.5], [26115.0, 17623.5], [26113.5, 17625.0], [26112.0, 17625.0], [26110.5, 17623.5], [26110.5, 17571.0], [26109.0, 17569.5], [26100.0, 17569.5], [26098.5, 17568.0], [26091.0, 17568.0], [26089.5, 17566.5], [26086.5, 17566.5], [26085.0, 17565.0], [26083.5, 17565.0], [26082.0, 17563.5], [26079.0, 17563.5], [26077.5, 17562.0], [26070.0, 17562.0], [26068.5, 17563.5], [26065.5, 17563.5], [26064.0, 17562.0], [26064.0, 17557.5], [26062.5, 17556.0], [26062.5, 17553.0], [26061.0, 17551.5], [26061.0, 17535.0], [26053.5, 17527.5], [26053.5, 17524.5], [26052.0, 17523.0], [26052.0, 17521.5], [26053.5, 17520.0], [26053.5, 17518.5], [26055.0, 17517.0], [26055.0, 17515.5], [26061.0, 17509.5], [26061.0, 17508.0], [26062.5, 17506.5], [26062.5, 17505.0], [26064.0, 17503.5], [26064.0, 17502.0], [26065.5, 17500.5], [26065.5, 17497.5], [26064.0, 17497.5], [26062.5, 17496.0], [26059.5, 17496.0], [26058.0, 17494.5], [26056.5, 17494.5], [26055.0, 17493.0], [26055.0, 17490.0], [26058.0, 17487.0], [26059.5, 17487.0], [26061.0, 17485.5], [26062.5, 17485.5], [26064.0, 17487.0], [26065.5, 17487.0], [26067.0, 17488.5], [26067.0, 17490.0], [26068.5, 17491.5], [26068.5, 17497.5], [26074.5, 17503.5], [26079.0, 17503.5], [26085.0, 17497.5], [26085.0, 17496.0], [26088.0, 17493.0], [26089.5, 17493.0], [26091.0, 17491.5], [26092.5, 17491.5], [26094.0, 17493.0], [26100.0, 17493.0], [26101.5, 17494.5], [26110.5, 17494.5], [26110.5, 17464.5], [26106.0, 17464.5], [26104.5, 17466.0], [26089.5, 17466.0], [26088.0, 17464.5], [26085.0, 17464.5], [26079.0, 17458.5], [26079.0, 17457.0], [26077.5, 17455.5], [26077.5, 17454.0], [26073.0, 17449.5], [26071.5, 17449.5], [26070.0, 17448.0], [26061.0, 17448.0], [26059.5, 17449.5], [26058.0, 17449.5], [26056.5, 17451.0], [26053.5, 17451.0], [26052.0, 17452.5], [26046.0, 17452.5], [26044.5, 17454.0], [26043.0, 17454.0], [26041.5, 17455.5], [26040.0, 17455.5], [26028.0, 17467.5], [26026.5, 17467.5], [26025.0, 17469.0], [26023.5, 17469.0], [26019.0, 17473.5], [26014.5, 17473.5], [26013.0, 17472.0], [26011.5, 17472.0], [26008.5, 17469.0], [26008.5, 17467.5], [26007.0, 17466.0], [26007.0, 17452.5], [26002.5, 17448.0], [26001.0, 17448.0], [25999.5, 17446.5], [25993.5, 17446.5], [25992.0, 17448.0], [25990.5, 17448.0], [25986.0, 17452.5], [25984.5, 17452.5], [25981.5, 17455.5], [25980.0, 17455.5], [25977.0, 17458.5], [25975.5, 17458.5], [25974.0, 17460.0], [25972.5, 17460.0], [25968.0, 17464.5], [25966.5, 17464.5], [25959.0, 17472.0], [25956.0, 17472.0], [25954.5, 17470.5], [25953.0, 17470.5], [25951.5, 17469.0], [25942.5, 17469.0], [25941.0, 17470.5], [25939.5, 17470.5], [25935.0, 17475.0], [25935.0, 17476.5], [25933.5, 17478.0], [25933.5, 17479.5], [25932.0, 17481.0], [25932.0, 17484.0], [25924.5, 17491.5], [25923.0, 17491.5], [25920.0, 17494.5], [25918.5, 17494.5], [25914.0, 17499.0], [25914.0, 17500.5], [25912.5, 17502.0], [25912.5, 17503.5], [25908.0, 17508.0], [25902.0, 17508.0], [25899.0, 17505.0], [25899.0, 17494.5], [25896.0, 17491.5], [25891.5, 17491.5], [25890.0, 17493.0], [25888.5, 17493.0], [25887.0, 17494.5], [25885.5, 17494.5], [25884.0, 17496.0], [25882.5, 17496.0], [25881.0, 17497.5], [25879.5, 17497.5], [25878.0, 17499.0], [25870.5, 17499.0], [25869.0, 17500.5], [25867.5, 17500.5], [25866.0, 17502.0], [25866.0, 17508.0], [25867.5, 17508.0], [25869.0, 17509.5], [25870.5, 17509.5], [25873.5, 17512.5], [25873.5, 17514.0], [25875.0, 17515.5], [25875.0, 17521.5], [25873.5, 17523.0], [25873.5, 17524.5], [25870.5, 17527.5], [25870.5, 17529.0], [25863.0, 17536.5], [25861.5, 17536.5], [25855.5, 17542.5], [25855.5, 17544.0], [25854.0, 17545.5], [25854.0, 17547.0], [25851.0, 17550.0], [25849.5, 17550.0], [25848.0, 17551.5], [25840.5, 17551.5], [25837.5, 17554.5], [25836.0, 17554.5], [25833.0, 17557.5], [25827.0, 17557.5], [25822.5, 17553.0], [25822.5, 17548.5], [25824.0, 17547.0], [25824.0, 17539.5], [25821.0, 17536.5], [25821.0, 17535.0], [25813.5, 17527.5], [25812.0, 17527.5], [25810.5, 17526.0], [25809.0, 17526.0], [25807.5, 17524.5], [25804.5, 17524.5], [25800.0, 17520.0], [25800.0, 17506.5], [25798.5, 17505.0], [25798.5, 17502.0], [25800.0, 17500.5], [25800.0, 17499.0], [25809.0, 17490.0], [25810.5, 17490.0], [25812.0, 17488.5], [25815.0, 17488.5], [25816.5, 17490.0], [25819.5, 17490.0], [25821.0, 17491.5], [25825.5, 17491.5], [25830.0, 17487.0], [25830.0, 17476.5], [25827.0, 17473.5], [25824.0, 17473.5], [25822.5, 17472.0], [25818.0, 17472.0], [25816.5, 17473.5], [25813.5, 17473.5], [25812.0, 17475.0], [25810.5, 17475.0], [25809.0, 17476.5], [25804.5, 17476.5], [25800.0, 17472.0], [25800.0, 17470.5], [25795.5, 17466.0], [25795.5, 17464.5], [25792.5, 17461.5], [25791.0, 17461.5], [25789.5, 17460.0], [25783.5, 17460.0], [25782.0, 17458.5], [25780.5, 17458.5], [25776.0, 17454.0], [25776.0, 17452.5], [25774.5, 17451.0], [25774.5, 17449.5], [25773.0, 17448.0], [25771.5, 17448.0], [25770.0, 17446.5], [25770.0, 17445.0], [25768.5, 17443.5], [25768.5, 17442.0], [25767.0, 17440.5], [25767.0, 17439.0], [25759.5, 17439.0], [25758.0, 17440.5], [25750.5, 17440.5], [25750.5, 17448.0], [25749.0, 17449.5], [25749.0, 17451.0], [25752.0, 17451.0], [25755.0, 17454.0], [25753.5, 17455.5], [25753.5, 17457.0], [25752.0, 17458.5], [25750.5, 17458.5], [25749.0, 17460.0], [25746.0, 17460.0], [25744.5, 17461.5], [25743.0, 17461.5], [25741.5, 17463.0], [25738.5, 17463.0], [25737.0, 17464.5], [25734.0, 17464.5], [25732.5, 17466.0], [25731.0, 17466.0], [25729.5, 17467.5], [25728.0, 17467.5], [25726.5, 17469.0], [25722.0, 17469.0], [25711.5, 17458.5], [25710.0, 17458.5], [25708.5, 17457.0], [25704.0, 17457.0], [25702.5, 17458.5], [25701.0, 17458.5], [25699.5, 17460.0], [25698.0, 17460.0], [25696.5, 17461.5], [25695.0, 17461.5], [25693.5, 17460.0], [25686.0, 17460.0], [25684.5, 17458.5], [25683.0, 17458.5], [25681.5, 17457.0], [25680.0, 17457.0], [25675.5, 17452.5], [25674.0, 17452.5], [25672.5, 17451.0], [25665.0, 17451.0], [25663.5, 17452.5], [25663.5, 17454.0], [25657.5, 17460.0], [25657.5, 17461.5], [25656.0, 17463.0], [25656.0, 17464.5], [25654.5, 17466.0], [25654.5, 17470.5], [25656.0, 17472.0], [25656.0, 17479.5], [25654.5, 17481.0], [25654.5, 17488.5], [25656.0, 17490.0], [25656.0, 17491.5], [25659.0, 17494.5], [25659.0, 17500.5], [25660.5, 17502.0], [25660.5, 17503.5], [25662.0, 17505.0], [25662.0, 17506.5], [25663.5, 17508.0], [25663.5, 17520.0], [25666.5, 17523.0], [25671.0, 17523.0], [25672.5, 17521.5], [25674.0, 17521.5], [25675.5, 17520.0], [25677.0, 17520.0], [25678.5, 17518.5], [25680.0, 17518.5], [25681.5, 17520.0], [25681.5, 17521.5], [25683.0, 17523.0], [25681.5, 17524.5], [25681.5, 17526.0], [25678.5, 17529.0], [25678.5, 17530.5], [25677.0, 17532.0], [25677.0, 17533.5], [25674.0, 17536.5], [25674.0, 17538.0], [25672.5, 17539.5], [25672.5, 17542.5], [25669.5, 17545.5], [25669.5, 17547.0], [25668.0, 17548.5], [25668.0, 17550.0], [25666.5, 17551.5], [25666.5, 17553.0], [25662.0, 17557.5], [25660.5, 17557.5], [25654.5, 17563.5], [25654.5, 17565.0], [25653.0, 17566.5], [25653.0, 17571.0], [25654.5, 17572.5], [25654.5, 17578.5], [25653.0, 17580.0], [25653.0, 17581.5], [25651.5, 17583.0], [25651.5, 17584.5], [25650.0, 17586.0], [25650.0, 17587.5], [25648.5, 17589.0], [25648.5, 17595.0], [25650.0, 17596.5], [25650.0, 17598.0], [25653.0, 17601.0], [25653.0, 17604.0], [25654.5, 17605.5], [25654.5, 17607.0], [25653.0, 17608.5], [25653.0, 17628.0], [25651.5, 17629.5], [25651.5, 17635.5], [25653.0, 17637.0], [25653.0, 17640.0], [25654.5, 17641.5], [25654.5, 17662.5], [25653.0, 17664.0], [25650.0, 17664.0], [25650.0, 17670.0], [25648.5, 17671.5], [25648.5, 17673.0], [25647.0, 17674.5], [25647.0, 17677.5], [25645.5, 17679.0], [25645.5, 17689.5], [25647.0, 17691.0], [25647.0, 17694.0], [25648.5, 17695.5], [25648.5, 17698.5], [25650.0, 17700.0], [25650.0, 17707.5], [25648.5, 17709.0], [25648.5, 17716.5], [25647.0, 17718.0], [25647.0, 17739.0], [25648.5, 17740.5], [25648.5, 17748.0], [25650.0, 17749.5], [25650.0, 17754.0], [25651.5, 17755.5], [25651.5, 17758.5], [25650.0, 17760.0], [25650.0, 17767.5], [25648.5, 17769.0], [25648.5, 17785.5], [25645.5, 17788.5], [25642.5, 17788.5], [25641.0, 17790.0], [25636.5, 17790.0], [25635.0, 17791.5], [25632.0, 17791.5], [25630.5, 17793.0], [25624.5, 17793.0], [25623.0, 17794.5], [25618.5, 17794.5], [25617.0, 17796.0], [25614.0, 17796.0], [25612.5, 17797.5], [25611.0, 17797.5], [25609.5, 17799.0], [25608.0, 17799.0], [25605.0, 17802.0], [25603.5, 17802.0], [25602.0, 17803.5], [25600.5, 17803.5], [25599.0, 17805.0], [25597.5, 17805.0], [25596.0, 17806.5], [25588.5, 17806.5], [25587.0, 17805.0], [25582.5, 17805.0], [25581.0, 17806.5], [25579.5, 17806.5], [25578.0, 17808.0], [25576.5, 17808.0], [25576.5, 17809.5], [25575.0, 17811.0], [25575.0, 17814.0], [25576.5, 17815.5], [25576.5, 17817.0], [25578.0, 17818.5], [25578.0, 17821.5], [25579.5, 17823.0], [25579.5, 17830.5], [25581.0, 17832.0], [25581.0, 17833.5], [25584.0, 17836.5], [25584.0, 17838.0], [25585.5, 17839.5], [25585.5, 17841.0], [25587.0, 17842.5], [25587.0, 17844.0], [25588.5, 17845.5], [25588.5, 17847.0], [25590.0, 17848.5], [25590.0, 17853.0], [25591.5, 17854.5], [25591.5, 17862.0], [25593.0, 17863.5], [25593.0, 17865.0], [25594.5, 17866.5], [25594.5, 17868.0], [25596.0, 17869.5], [25596.0, 17871.0], [25597.5, 17872.5], [25597.5, 17874.0], [25602.0, 17878.5], [25603.5, 17878.5], [25605.0, 17880.0], [25608.0, 17880.0], [25612.5, 17884.5], [25612.5, 17895.0], [25611.0, 17896.5], [25611.0, 17908.5], [25609.5, 17910.0], [25609.5, 17911.5], [25608.0, 17913.0], [25605.0, 17913.0], [25600.5, 17917.5], [25600.5, 17925.0], [25602.0, 17926.5], [25602.0, 17929.5], [25603.5, 17931.0], [25603.5, 17934.0], [25605.0, 17935.5], [25605.0, 17937.0], [25606.5, 17937.0], [25608.0, 17938.5], [25611.0, 17938.5], [25612.5, 17940.0], [25615.5, 17940.0], [25621.5, 17946.0], [25621.5, 17947.5], [25623.0, 17949.0], [25623.0, 17950.5], [25624.5, 17952.0], [25624.5, 17955.0], [25626.0, 17956.5], [25626.0, 17958.0], [25621.5, 17962.5], [25609.5, 17962.5], [25608.0, 17964.0], [25600.5, 17964.0], [25599.0, 17965.5], [25597.5, 17965.5], [25596.0, 17967.0], [25594.5, 17967.0], [25590.0, 17971.5], [25588.5, 17971.5], [25587.0, 17973.0], [25581.0, 17973.0], [25579.5, 17971.5], [25578.0, 17971.5], [25569.0, 17962.5], [25569.0, 17961.0], [25566.0, 17958.0], [25566.0, 17956.5], [25564.5, 17955.0], [25563.0, 17955.0], [25561.5, 17953.5], [25560.0, 17953.5], [25558.5, 17952.0], [25555.5, 17952.0], [25554.0, 17950.5], [25545.0, 17950.5], [25542.0, 17947.5], [25542.0, 17946.0], [25540.5, 17944.5], [25540.5, 17934.0], [25542.0, 17932.5], [25542.0, 17914.5], [25540.5, 17913.0], [25540.5, 17910.0], [25539.0, 17908.5], [25539.0, 17905.5], [25537.5, 17904.0], [25537.5, 17902.5], [25536.0, 17901.0], [25536.0, 17899.5], [25531.5, 17895.0], [25530.0, 17895.0], [25528.5, 17893.5], [25527.0, 17893.5], [25521.0, 17887.5], [25521.0, 17884.5], [25519.5, 17883.0], [25519.5, 17881.5], [25518.0, 17880.0], [25518.0, 17877.0], [25516.5, 17875.5], [25513.5, 17878.5], [25512.0, 17878.5], [25510.5, 17880.0], [25507.5, 17880.0], [25506.0, 17881.5], [25501.5, 17881.5], [25500.0, 17883.0], [25498.5, 17883.0], [25497.0, 17884.5], [25495.5, 17884.5], [25494.0, 17886.0], [25491.0, 17886.0], [25489.5, 17887.5], [25488.0, 17887.5], [25485.0, 17884.5], [25485.0, 17881.5], [25483.5, 17880.0], [25483.5, 17878.5], [25479.0, 17874.0], [25473.0, 17874.0], [25471.5, 17875.5], [25470.0, 17875.5], [25468.5, 17877.0], [25462.5, 17877.0], [25461.0, 17875.5], [25459.5, 17875.5], [25455.0, 17871.0], [25455.0, 17866.5], [25453.5, 17865.0], [25453.5, 17863.5], [25452.0, 17862.0], [25452.0, 17860.5], [25450.5, 17859.0], [25450.5, 17857.5], [25449.0, 17856.0], [25449.0, 17854.5], [25447.5, 17853.0], [25447.5, 17851.5], [25446.0, 17850.0], [25444.5, 17850.0], [25441.5, 17847.0], [25432.5, 17847.0], [25431.0, 17848.5], [25429.5, 17848.5], [25428.0, 17850.0], [25426.5, 17850.0], [25425.0, 17851.5], [25423.5, 17851.5], [25422.0, 17853.0], [25420.5, 17853.0], [25419.0, 17854.5], [25408.5, 17854.5], [25407.0, 17853.0], [25405.5, 17853.0], [25401.0, 17848.5], [25399.5, 17848.5], [25396.5, 17845.5], [25393.5, 17845.5], [25392.0, 17844.0], [25387.5, 17844.0], [25386.0, 17842.5], [25383.0, 17842.5], [25381.5, 17844.0], [25378.5, 17844.0], [25374.0, 17848.5], [25372.5, 17848.5], [25369.5, 17851.5], [25366.5, 17851.5], [25365.0, 17853.0], [25362.0, 17853.0], [25360.5, 17854.5], [25360.5, 17856.0], [25359.0, 17857.5], [25359.0, 17862.0], [25360.5, 17863.5], [25360.5, 17868.0], [25359.0, 17869.5], [25359.0, 17871.0], [25356.0, 17874.0], [25354.5, 17874.0], [25353.0, 17875.5], [25351.5, 17874.0], [25350.0, 17874.0], [25345.5, 17869.5], [25344.0, 17869.5], [25344.0, 18001.5], [25342.5, 18003.0], [25341.0, 18001.5], [25339.5, 18001.5], [25338.0, 18003.0], [25329.0, 18003.0], [25327.5, 18004.5], [25326.0, 18004.5], [25323.0, 18007.5], [25323.0, 18015.0], [25324.5, 18016.5], [25324.5, 18018.0], [25326.0, 18019.5], [25327.5, 18019.5], [25329.0, 18021.0], [25333.5, 18021.0], [25335.0, 18019.5], [25342.5, 18019.5], [25344.0, 18021.0], [25344.0, 18138.0], [25342.5, 18139.5], [25341.0, 18139.5], [25335.0, 18145.5], [25335.0, 18147.0], [25332.0, 18150.0], [25327.5, 18150.0], [25323.0, 18145.5], [25321.5, 18145.5], [25320.0, 18144.0], [25318.5, 18144.0], [25317.0, 18142.5], [25311.0, 18142.5], [25309.5, 18141.0], [25308.0, 18141.0], [25306.5, 18139.5], [25305.0, 18139.5], [25303.5, 18141.0], [25303.5, 18142.5], [25302.0, 18144.0], [25296.0, 18144.0], [25296.0, 18147.0], [25297.5, 18147.0], [25299.0, 18148.5], [25299.0, 18151.5], [25297.5, 18153.0], [25296.0, 18153.0], [25296.0, 18156.0], [25294.5, 18157.5], [25293.0, 18157.5], [25293.0, 18162.0], [25288.5, 18166.5], [25279.5, 18166.5], [25275.0, 18162.0], [25275.0, 18159.0], [25276.5, 18157.5], [25276.5, 18154.5], [25285.5, 18145.5], [25285.5, 18144.0], [25288.5, 18141.0], [25288.5, 18133.5], [25287.0, 18132.0], [25291.5, 18127.5], [25291.5, 18120.0], [25297.5, 18114.0], [25299.0, 18114.0], [25303.5, 18109.5], [25303.5, 18106.5], [25306.5, 18103.5], [25306.5, 18100.5], [25308.0, 18099.0], [25308.0, 18097.5], [25312.5, 18093.0], [25314.0, 18093.0], [25315.5, 18094.5], [25317.0, 18094.5], [25318.5, 18096.0], [25323.0, 18096.0], [25326.0, 18099.0], [25330.5, 18099.0], [25330.5, 18097.5], [25332.0, 18096.0], [25333.5, 18096.0], [25335.0, 18094.5], [25333.5, 18093.0], [25333.5, 18091.5], [25332.0, 18090.0], [25332.0, 18088.5], [25330.5, 18087.0], [25330.5, 18082.5], [25332.0, 18081.0], [25330.5, 18079.5], [25332.0, 18078.0], [25332.0, 18076.5], [25330.5, 18075.0], [25330.5, 18072.0], [25329.0, 18070.5], [25327.5, 18072.0], [25326.0, 18072.0], [25324.5, 18073.5], [25320.0, 18073.5], [25317.0, 18070.5], [25317.0, 18061.5], [25314.0, 18058.5], [25314.0, 18057.0], [25311.0, 18054.0], [25311.0, 18052.5], [25308.0, 18049.5], [25308.0, 18048.0], [25306.5, 18046.5], [25306.5, 18045.0], [25305.0, 18046.5], [25303.5, 18046.5], [25302.0, 18048.0], [25300.5, 18048.0], [25299.0, 18049.5], [25297.5, 18049.5], [25296.0, 18051.0], [25296.0, 18052.5], [25293.0, 18055.5], [25288.5, 18055.5], [25287.0, 18057.0], [25285.5, 18057.0], [25284.0, 18058.5], [25282.5, 18058.5], [25276.5, 18064.5], [25275.0, 18064.5], [25275.0, 18066.0], [25272.0, 18069.0], [25272.0, 18078.0], [25269.0, 18081.0], [25267.5, 18081.0], [25260.0, 18088.5], [25272.0, 18088.5], [25273.5, 18090.0], [25275.0, 18090.0], [25276.5, 18088.5], [25281.0, 18088.5], [25282.5, 18090.0], [25284.0, 18090.0], [25288.5, 18094.5], [25288.5, 18096.0], [25287.0, 18097.5], [25275.0, 18097.5], [25273.5, 18099.0], [25266.0, 18099.0], [25264.5, 18100.5], [25261.5, 18100.5], [25260.0, 18099.0], [25254.0, 18099.0], [25249.5, 18094.5], [25249.5, 18091.5], [25248.0, 18091.5], [25248.0, 18093.0], [25245.0, 18096.0], [25245.0, 18099.0], [25243.5, 18100.5], [25243.5, 18102.0], [25245.0, 18102.0], [25246.5, 18103.5], [25246.5, 18105.0], [25245.0, 18106.5], [25246.5, 18108.0], [25246.5, 18109.5], [25245.0, 18111.0], [25245.0, 18115.5], [25243.5, 18117.0], [25242.0, 18115.5], [25242.0, 18120.0], [25240.5, 18121.5], [25240.5, 18126.0], [25239.0, 18127.5], [25239.0, 18129.0], [25237.5, 18130.5], [25233.0, 18130.5], [25230.0, 18133.5], [25230.0, 18138.0], [25228.5, 18139.5], [25227.0, 18139.5], [25227.0, 18141.0], [25225.5, 18142.5], [25224.0, 18141.0], [25222.5, 18142.5], [25221.0, 18142.5], [25219.5, 18144.0], [25218.0, 18144.0], [25216.5, 18145.5], [25213.5, 18145.5], [25213.5, 18147.0], [25212.0, 18148.5], [25206.0, 18148.5], [25203.0, 18145.5], [25200.0, 18145.5], [25198.5, 18147.0], [25183.5, 18147.0], [25182.0, 18148.5], [25176.0, 18148.5], [25176.0, 18150.0], [25174.5, 18151.5], [25173.0, 18151.5], [25171.5, 18150.0], [25168.5, 18150.0], [25167.0, 18151.5], [25149.0, 18151.5], [25149.0, 18154.5], [25150.5, 18156.0], [25150.5, 18162.0], [25149.0, 18163.5], [25149.0, 18165.0], [25147.5, 18166.5], [25147.5, 18169.5], [25146.0, 18171.0], [25146.0, 18172.5], [25147.5, 18174.0], [25147.5, 18177.0], [25149.0, 18178.5], [25149.0, 18180.0], [25156.5, 18187.5], [25156.5, 18190.5], [25155.0, 18192.0], [25153.5, 18192.0], [25149.0, 18196.5], [25149.0, 18201.0], [25150.5, 18202.5], [25150.5, 18211.5], [25149.0, 18213.0], [25149.0, 18216.0], [25147.5, 18217.5], [25147.5, 18222.0], [25146.0, 18223.5], [25146.0, 18226.5], [25144.5, 18228.0], [25144.5, 18234.0], [25143.0, 18235.5], [25143.0, 18246.0], [25144.5, 18247.5], [25144.5, 18258.0], [25143.0, 18259.5], [25143.0, 18262.5], [25141.5, 18264.0], [25141.5, 18270.0], [25143.0, 18271.5], [25143.0, 18274.5], [25144.5, 18276.0], [25144.5, 18289.5], [25143.0, 18291.0], [25143.0, 18292.5], [25141.5, 18294.0], [25141.5, 18312.0], [25143.0, 18313.5], [25143.0, 18321.0], [25144.5, 18322.5], [25144.5, 18336.0], [25143.0, 18337.5], [25143.0, 18348.0], [25144.5, 18349.5], [25144.5, 18360.0], [25143.0, 18361.5], [25143.0, 18370.5], [25141.5, 18372.0], [25141.5, 18379.5], [25143.0, 18381.0], [25143.0, 18393.0], [25144.5, 18394.5], [25144.5, 18406.5], [25143.0, 18408.0], [25143.0, 18409.5], [25141.5, 18411.0], [25141.5, 18414.0], [25140.0, 18415.5], [25140.0, 18430.5], [25146.0, 18430.5], [25147.5, 18432.0], [25147.5, 18438.0], [25146.0, 18439.5], [25146.0, 18441.0], [25144.5, 18442.5], [25144.5, 18448.5], [25143.0, 18450.0], [25143.0, 18463.5], [25141.5, 18465.0], [25141.5, 18475.5], [25143.0, 18477.0], [25143.0, 18480.0], [25144.5, 18481.5], [25144.5, 18486.0], [25143.0, 18487.5], [25143.0, 18490.5], [25141.5, 18492.0], [25141.5, 18495.0], [25140.0, 18496.5], [25140.0, 18498.0], [25137.0, 18501.0], [25137.0, 18502.5], [25135.5, 18504.0], [25135.5, 18505.5], [25134.0, 18507.0], [25134.0, 18517.5], [25135.5, 18519.0], [25135.5, 18520.5], [25137.0, 18522.0], [25137.0, 18531.0], [25138.5, 18532.5], [25138.5, 18538.5], [25141.5, 18541.5], [25141.5, 18543.0], [25143.0, 18544.5], [25143.0, 18546.0], [25144.5, 18547.5], [25144.5, 18556.5], [25143.0, 18558.0], [25143.0, 18568.5], [25141.5, 18570.0], [25141.5, 18574.5], [25140.0, 18576.0], [25140.0, 18579.0], [25138.5, 18580.5], [25138.5, 18594.0], [25140.0, 18595.5], [25140.0, 18598.5], [25141.5, 18600.0], [25141.5, 18603.0], [25143.0, 18604.5], [25143.0, 18606.0], [25144.5, 18607.5], [25144.5, 18610.5], [25143.0, 18612.0], [25143.0, 18615.0], [25141.5, 18616.5], [25141.5, 18618.0], [25140.0, 18619.5], [25140.0, 18622.5], [25141.5, 18624.0], [25141.5, 18636.0], [25143.0, 18637.5], [25143.0, 18643.5], [25144.5, 18645.0], [25144.5, 18651.0], [25146.0, 18652.5], [25146.0, 18657.0], [25144.5, 18658.5], [25144.5, 18675.0], [25143.0, 18676.5], [25143.0, 18679.5], [25141.5, 18681.0], [25141.5, 18682.5], [25140.0, 18684.0], [25140.0, 18685.5], [25138.5, 18687.0], [25138.5, 18690.0], [25137.0, 18691.5], [25138.5, 18693.0], [25138.5, 18696.0], [25140.0, 18697.5], [25140.0, 18705.0], [25138.5, 18706.5], [25138.5, 18708.0], [25135.5, 18711.0], [25134.0, 18711.0], [25131.0, 18714.0], [25129.5, 18714.0], [25123.5, 18720.0], [25123.5, 18723.0], [25122.0, 18724.5], [25123.5, 18726.0], [25123.5, 18727.5], [25128.0, 18732.0], [25128.0, 18738.0], [25126.5, 18739.5], [25126.5, 18744.0], [25128.0, 18745.5], [25128.0, 18742.5], [25129.5, 18741.0], [25129.5, 18739.5], [25132.5, 18736.5], [25134.0, 18738.0], [25135.5, 18738.0], [25137.0, 18736.5], [25144.5, 18736.5], [25146.0, 18738.0], [25143.0, 18741.0], [25143.0, 18744.0], [25141.5, 18745.5], [25141.5, 18747.0], [25140.0, 18748.5], [25140.0, 18756.0], [25141.5, 18757.5], [25146.0, 18757.5], [25150.5, 18753.0], [25150.5, 18748.5], [25152.0, 18747.0], [25155.0, 18747.0], [25158.0, 18744.0], [25159.5, 18744.0], [25159.5, 18741.0], [25162.5, 18738.0], [25162.5, 18735.0], [25167.0, 18730.5], [25168.5, 18730.5], [25173.0, 18726.0], [25173.0, 18724.5], [25174.5, 18723.0], [25174.5, 18721.5], [25173.0, 18721.5], [25171.5, 18720.0], [25171.5, 18718.5], [25173.0, 18717.0], [25173.0, 18715.5], [25174.5, 18714.0], [25174.5, 18708.0], [25173.0, 18706.5], [25173.0, 18700.5], [25171.5, 18699.0], [25171.5, 18697.5], [25170.0, 18697.5], [25165.5, 18693.0], [25165.5, 18690.0], [25168.5, 18687.0], [25168.5, 18685.5], [25170.0, 18684.0], [25176.0, 18684.0], [25177.5, 18685.5], [25177.5, 18684.0], [25176.0, 18682.5], [25177.5, 18681.0], [25179.0, 18681.0], [25180.5, 18682.5], [25183.5, 18682.5], [25185.0, 18684.0], [25189.5, 18684.0], [25191.0, 18682.5], [25194.0, 18682.5], [25195.5, 18681.0], [25195.5, 18679.5], [25197.0, 18678.0], [25198.5, 18678.0], [25200.0, 18679.5], [25200.0, 18681.0], [25201.5, 18681.0], [25204.5, 18684.0], [25206.0, 18684.0], [25207.5, 18682.5], [25207.5, 18679.5], [25206.0, 18679.5], [25204.5, 18678.0], [25204.5, 18673.5], [25203.0, 18672.0], [25203.0, 18667.5], [25204.5, 18666.0], [25206.0, 18666.0], [25207.5, 18664.5], [25207.5, 18652.5], [25209.0, 18651.0], [25210.5, 18651.0], [25210.5, 18648.0], [25213.5, 18645.0], [25215.0, 18645.0], [25218.0, 18642.0], [25218.0, 18640.5], [25219.5, 18639.0], [25219.5, 18637.5], [25221.0, 18636.0], [25221.0, 18633.0], [25222.5, 18631.5], [25222.5, 18628.5], [25224.0, 18627.0], [25224.0, 18622.5], [25225.5, 18621.0], [25228.5, 18621.0], [25230.0, 18619.5], [25231.5, 18619.5], [25233.0, 18618.0], [25234.5, 18618.0], [25234.5, 18616.5], [25237.5, 18613.5], [25237.5, 18612.0], [25240.5, 18609.0], [25240.5, 18600.0], [25242.0, 18598.5], [25242.0, 18597.0], [25240.5, 18595.5], [25240.5, 18592.5], [25245.0, 18588.0], [25246.5, 18588.0], [25249.5, 18585.0], [25249.5, 18580.5], [25254.0, 18576.0], [25255.5, 18576.0], [25257.0, 18574.5], [25258.5, 18574.5], [25260.0, 18573.0], [25261.5, 18573.0], [25264.5, 18570.0], [25267.5, 18570.0], [25270.5, 18567.0], [25272.0, 18567.0], [25275.0, 18564.0], [25276.5, 18564.0], [25278.0, 18562.5], [25279.5, 18562.5], [25281.0, 18561.0], [25282.5, 18561.0], [25288.5, 18555.0], [25291.5, 18555.0], [25291.5, 18553.5], [25294.5, 18550.5], [25294.5, 18547.5], [25296.0, 18546.0], [25296.0, 18543.0], [25299.0, 18540.0], [25300.5, 18540.0], [25303.5, 18537.0], [25303.5, 18532.5], [25309.5, 18526.5], [25312.5, 18526.5], [25318.5, 18520.5], [25318.5, 18516.0], [25315.5, 18513.0], [25318.5, 18510.0], [25318.5, 18508.5], [25320.0, 18507.0], [25320.0, 18502.5], [25321.5, 18501.0], [25321.5, 18499.5], [25323.0, 18498.0], [25323.0, 18495.0], [25324.5, 18493.5], [25324.5, 18490.5], [25326.0, 18489.0], [25329.0, 18489.0], [25330.5, 18487.5], [25330.5, 18486.0], [25336.5, 18480.0], [25336.5, 18477.0], [25341.0, 18472.5], [25341.0, 18471.0], [25342.5, 18469.5], [25342.5, 18448.5], [25344.0, 18447.0], [25345.5, 18447.0], [25347.0, 18448.5], [25348.5, 18447.0], [25351.5, 18447.0], [25353.0, 18445.5], [25353.0, 18441.0], [25351.5, 18442.5], [25351.5, 18444.0], [25350.0, 18445.5], [25348.5, 18445.5], [25347.0, 18444.0], [25345.5, 18444.0], [25342.5, 18441.0], [25342.5, 18432.0], [25344.0, 18430.5], [25420.5, 18430.5], [25419.0, 18429.0], [25419.0, 18427.5], [25426.5, 18420.0], [25426.5, 18418.5], [25428.0, 18417.0], [25429.5, 18417.0], [25438.5, 18408.0], [25438.5, 18406.5], [25440.0, 18405.0], [25441.5, 18405.0], [25441.5, 18403.5], [25443.0, 18402.0], [25444.5, 18402.0], [25444.5, 18400.5], [25446.0, 18399.0], [25446.0, 18397.5], [25449.0, 18394.5], [25450.5, 18394.5], [25453.5, 18391.5], [25455.0, 18391.5], [25458.0, 18388.5], [25459.5, 18388.5], [25464.0, 18384.0], [25465.5, 18384.0], [25467.0, 18382.5], [25471.5, 18382.5], [25473.0, 18381.0], [25474.5, 18381.0], [25477.5, 18378.0], [25479.0, 18378.0], [25480.5, 18376.5], [25482.0, 18376.5], [25482.0, 18375.0], [25485.0, 18372.0], [25485.0, 18370.5], [25486.5, 18369.0], [25486.5, 18367.5], [25494.0, 18360.0], [25495.5, 18360.0], [25497.0, 18358.5], [25498.5, 18358.5], [25500.0, 18357.0], [25503.0, 18357.0], [25504.5, 18355.5], [25506.0, 18355.5], [25507.5, 18354.0], [25509.0, 18354.0], [25512.0, 18351.0], [25513.5, 18351.0], [25516.5, 18348.0], [25516.5, 18346.5], [25521.0, 18342.0], [25522.5, 18342.0], [25525.5, 18339.0], [25527.0, 18339.0], [25528.5, 18337.5], [25528.5, 18336.0], [25531.5, 18333.0], [25534.5, 18333.0], [25536.0, 18331.5], [25537.5, 18331.5], [25539.0, 18333.0], [25540.5, 18333.0], [25542.0, 18331.5], [25543.5, 18331.5], [25543.5, 18325.5], [25542.0, 18324.0], [25542.0, 18322.5], [25540.5, 18321.0], [25540.5, 18315.0], [25545.0, 18310.5], [25545.0, 18309.0], [25546.5, 18307.5], [25549.5, 18307.5], [25551.0, 18306.0], [25560.0, 18306.0], [25561.5, 18304.5], [25557.0, 18304.5], [25554.0, 18301.5], [25551.0, 18301.5], [25549.5, 18300.0], [25548.0, 18300.0], [25545.0, 18297.0], [25545.0, 18289.5], [25546.5, 18288.0], [25546.5, 18286.5], [25548.0, 18285.0], [25549.5, 18285.0], [25549.5, 18282.0], [25552.5, 18279.0], [25552.5, 18274.5], [25554.0, 18273.0], [25555.5, 18273.0], [25555.5, 18270.0], [25557.0, 18268.5], [25557.0, 18264.0], [25558.5, 18262.5], [25558.5, 18258.0], [25560.0, 18256.5], [25560.0, 18255.0], [25566.0, 18249.0], [25569.0, 18249.0], [25570.5, 18247.5], [25573.5, 18247.5], [25575.0, 18246.0], [25576.5, 18246.0], [25578.0, 18244.5], [25587.0, 18244.5], [25588.5, 18243.0], [25590.0, 18243.0], [25591.5, 18241.5], [25594.5, 18241.5], [25596.0, 18240.0], [25599.0, 18243.0], [25600.5, 18243.0], [25602.0, 18244.5], [25605.0, 18244.5], [25606.5, 18246.0], [25609.5, 18246.0], [25611.0, 18244.5], [25612.5, 18244.5], [25614.0, 18243.0], [25618.5, 18243.0], [25624.5, 18237.0], [25624.5, 18234.0], [25627.5, 18231.0], [25627.5, 18229.5], [25630.5, 18226.5], [25629.0, 18225.0], [25629.0, 18222.0], [25627.5, 18220.5], [25629.0, 18219.0], [25630.5, 18219.0], [25632.0, 18217.5], [25635.0, 18217.5], [25636.5, 18216.0], [25636.5, 18214.5], [25638.0, 18213.0], [25639.5, 18213.0], [25639.5, 18211.5], [25641.0, 18210.0], [25642.5, 18210.0], [25642.5, 18208.5], [25644.0, 18207.0], [25648.5, 18207.0], [25650.0, 18205.5], [25648.5, 18204.0], [25648.5, 18202.5], [25650.0, 18201.0], [25653.0, 18204.0], [25654.5, 18202.5], [25654.5, 18201.0], [25657.5, 18198.0], [25657.5, 18196.5], [25659.0, 18195.0], [25659.0, 18193.5], [25663.5, 18189.0], [25663.5, 18187.5], [25665.0, 18186.0], [25665.0, 18184.5], [25666.5, 18183.0], [25666.5, 18181.5], [25668.0, 18180.0], [25668.0, 18178.5], [25672.5, 18174.0], [25672.5, 18172.5], [25674.0, 18171.0], [25674.0, 18169.5], [25675.5, 18168.0], [25675.5, 18166.5], [25677.0, 18165.0], [25678.5, 18165.0], [25680.0, 18163.5], [25681.5, 18163.5], [25683.0, 18162.0], [25683.0, 18160.5], [25684.5, 18159.0], [25684.5, 18154.5], [25686.0, 18153.0], [25686.0, 18150.0], [25684.5, 18148.5], [25687.5, 18145.5], [25687.5, 18139.5], [25686.0, 18139.5], [25683.0, 18136.5], [25684.5, 18135.0], [25684.5, 18133.5], [25683.0, 18132.0], [25684.5, 18130.5], [25684.5, 18127.5], [25686.0, 18126.0], [25686.0, 18120.0], [25687.5, 18118.5], [25687.5, 18115.5], [25689.0, 18114.0], [25704.0, 18114.0], [25707.0, 18111.0], [25708.5, 18111.0], [25708.5, 18109.5], [25710.0, 18108.0], [25710.0, 18106.5], [25708.5, 18105.0], [25701.0, 18105.0], [25699.5, 18106.5], [25692.0, 18106.5], [25690.5, 18108.0], [25689.0, 18106.5], [25689.0, 18105.0], [25687.5, 18103.5], [25687.5, 18100.5], [25686.0, 18099.0], [25686.0, 18096.0], [25684.5, 18094.5], [25684.5, 18091.5], [25683.0, 18090.0], [25683.0, 18085.5], [25684.5, 18084.0], [25684.5, 18078.0], [25690.5, 18072.0], [25690.5, 18070.5], [25692.0, 18069.0], [25692.0, 18067.5], [25695.0, 18064.5], [25696.5, 18064.5], [25698.0, 18063.0], [25702.5, 18063.0], [25708.5, 18057.0], [25708.5, 18055.5], [25710.0, 18054.0], [25713.0, 18054.0], [25713.0, 18052.5], [25717.5, 18048.0], [25717.5, 18039.0], [25720.5, 18036.0], [25722.0, 18036.0], [25722.0, 18034.5], [25723.5, 18033.0], [25723.5, 18031.5], [25725.0, 18030.0], [25732.5, 18030.0], [25732.5, 18028.5], [25734.0, 18027.0], [25738.5, 18027.0], [25741.5, 18030.0], [25743.0, 18030.0], [25746.0, 18033.0], [25746.0, 18036.0], [25747.5, 18037.5], [25750.5, 18037.5], [25752.0, 18039.0], [25764.0, 18039.0], [25767.0, 18036.0], [25768.5, 18036.0], [25768.5, 18034.5], [25770.0, 18033.0], [25780.5, 18033.0], [25783.5, 18030.0], [25792.5, 18030.0], [25795.5, 18027.0], [25795.5, 18025.5], [25797.0, 18024.0], [25801.5, 18024.0], [25804.5, 18021.0], [25807.5, 18021.0], [25810.5, 18018.0], [25810.5, 18016.5], [25812.0, 18015.0], [25813.5, 18015.0], [25813.5, 18013.5], [25818.0, 18009.0], [25819.5, 18009.0], [25819.5, 18007.5], [25822.5, 18004.5], [25822.5, 18001.5], [25825.5, 17998.5], [25825.5, 17997.0], [25827.0, 17995.5], [25828.5, 17995.5], [25839.0, 17985.0], [25840.5, 17985.0], [25840.5, 17983.5], [25843.5, 17980.5], [25843.5, 17977.5], [25842.0, 17977.5], [25840.5, 17976.0], [25839.0, 17976.0], [25837.5, 17977.5], [25833.0, 17977.5], [25831.5, 17979.0], [25830.0, 17979.0], [25830.0, 17986.5], [25821.0, 17995.5], [25821.0, 17997.0], [25818.0, 18000.0], [25816.5, 18000.0], [25815.0, 18001.5], [25812.0, 18001.5], [25810.5, 18000.0], [25810.5, 17998.5], [25807.5, 17998.5], [25804.5, 18001.5], [25803.0, 18001.5], [25798.5, 18006.0], [25797.0, 18006.0], [25795.5, 18004.5], [25797.0, 18003.0], [25795.5, 18001.5], [25794.0, 18001.5], [25792.5, 18003.0], [25791.0, 18003.0], [25791.0, 18007.5], [25789.5, 18009.0], [25788.0, 18009.0], [25786.5, 18007.5], [25780.5, 18007.5], [25777.5, 18004.5], [25776.0, 18004.5], [25774.5, 18006.0], [25773.0, 18006.0], [25771.5, 18007.5], [25767.0, 18007.5], [25765.5, 18006.0], [25767.0, 18004.5], [25770.0, 18004.5], [25770.0, 18003.0], [25768.5, 18001.5], [25768.5, 18000.0], [25771.5, 17997.0], [25771.5, 17995.5], [25773.0, 17994.0], [25773.0, 17992.5], [25774.5, 17991.0], [25774.5, 17989.5], [25776.0, 17988.0], [25776.0, 17986.5], [25777.5, 17985.0], [25776.0, 17983.5], [25777.5, 17982.0], [25777.5, 17977.5], [25776.0, 17976.0], [25777.5, 17974.5], [25777.5, 17973.0], [25779.0, 17971.5], [25779.0, 17968.5], [25777.5, 17967.0], [25777.5, 17964.0], [25776.0, 17962.5], [25774.5, 17962.5], [25771.5, 17959.5], [25770.0, 17959.5], [25770.0, 17968.5], [25767.0, 17971.5], [25758.0, 17971.5], [25758.0, 17974.5], [25753.5, 17979.0], [25752.0, 17979.0], [25750.5, 17980.5], [25744.5, 17980.5], [25743.0, 17979.0], [25740.0, 17979.0], [25737.0, 17976.0], [25737.0, 17974.5], [25735.5, 17973.0], [25735.5, 17971.5], [25737.0, 17970.0], [25737.0, 17965.5], [25735.5, 17964.0], [25734.0, 17964.0], [25732.5, 17965.5], [25725.0, 17965.5], [25723.5, 17964.0], [25720.5, 17964.0], [25719.0, 17965.5], [25717.5, 17965.5], [25717.5, 17967.0], [25713.0, 17971.5], [25713.0, 17976.0], [25711.5, 17977.5], [25710.0, 17977.5], [25708.5, 17976.0], [25708.5, 17974.5], [25707.0, 17974.5], [25707.0, 17976.0], [25705.5, 17977.5], [25704.0, 17977.5], [25702.5, 17976.0], [25702.5, 17974.5], [25701.0, 17973.0], [25699.5, 17974.5], [25698.0, 17974.5], [25698.0, 17976.0], [25701.0, 17979.0], [25698.0, 17982.0], [25696.5, 17980.5], [25695.0, 17980.5], [25693.5, 17979.0], [25693.5, 17977.5], [25690.5, 17977.5], [25687.5, 17974.5], [25686.0, 17974.5], [25684.5, 17973.0], [25683.0, 17973.0], [25681.5, 17971.5], [25681.5, 17968.5], [25680.0, 17967.0], [25680.0, 17965.5], [25677.0, 17962.5], [25678.5, 17961.0], [25684.5, 17961.0], [25686.0, 17959.5], [25690.5, 17959.5], [25692.0, 17961.0], [25695.0, 17961.0], [25696.5, 17959.5], [25696.5, 17956.5], [25695.0, 17956.5], [25693.5, 17955.0], [25693.5, 17953.5], [25689.0, 17953.5], [25687.5, 17952.0], [25681.5, 17952.0], [25680.0, 17953.5], [25678.5, 17952.0], [25678.5, 17949.0], [25680.0, 17947.5], [25681.5, 17947.5], [25683.0, 17946.0], [25686.0, 17946.0], [25687.5, 17944.5], [25687.5, 17940.0], [25690.5, 17937.0], [25690.5, 17935.5], [25692.0, 17934.0], [25693.5, 17934.0], [25695.0, 17935.5], [25698.0, 17935.5], [25699.5, 17934.0], [25701.0, 17934.0], [25702.5, 17935.5], [25708.5, 17935.5], [25710.0, 17934.0], [25710.0, 17931.0], [25711.5, 17929.5], [25711.5, 17926.5], [25713.0, 17925.0], [25714.5, 17925.0], [25714.5, 17920.5], [25716.0, 17919.0], [25720.5, 17919.0], [25720.5, 17916.0], [25722.0, 17914.5], [25728.0, 17914.5], [25729.5, 17913.0], [25732.5, 17913.0], [25732.5, 17905.5], [25729.5, 17902.5], [25729.5, 17899.5], [25728.0, 17898.0], [25728.0, 17893.5], [25726.5, 17892.0], [25726.5, 17890.5], [25729.5, 17887.5], [25728.0, 17886.0], [25728.0, 17884.5], [25729.5, 17883.0], [25729.5, 17878.5], [25731.0, 17877.0], [25732.5, 17877.0], [25732.5, 17874.0], [25725.0, 17866.5], [25722.0, 17866.5], [25720.5, 17865.0], [25720.5, 17863.5], [25717.5, 17860.5], [25716.0, 17860.5], [25710.0, 17854.5], [25707.0, 17854.5], [25705.5, 17853.0], [25704.0, 17853.0], [25702.5, 17851.5], [25701.0, 17851.5], [25699.5, 17853.0], [25696.5, 17853.0], [25695.0, 17854.5], [25693.5, 17853.0], [25692.0, 17854.5], [25686.0, 17854.5], [25684.5, 17856.0], [25680.0, 17856.0], [25675.5, 17851.5], [25674.0, 17851.5], [25672.5, 17850.0], [25672.5, 17848.5], [25669.5, 17845.5], [25669.5, 17839.5], [25668.0, 17838.0], [25668.0, 17836.5], [25666.5, 17835.0], [25666.5, 17833.5], [25665.0, 17832.0], [25665.0, 17830.5], [25663.5, 17829.0], [25663.5, 17827.5], [25660.5, 17824.5], [25659.0, 17824.5], [25657.5, 17823.0], [25656.0, 17823.0], [25654.5, 17821.5], [25654.5, 17820.0], [25653.0, 17820.0], [25651.5, 17821.5], [25647.0, 17821.5], [25645.5, 17820.0], [25645.5, 17815.5], [25644.0, 17814.0], [25644.0, 17811.0], [25639.5, 17806.5], [25639.5, 17802.0], [25644.0, 17797.5], [25645.5, 17797.5], [25647.0, 17796.0], [25648.5, 17796.0], [25650.0, 17794.5], [25651.5, 17794.5], [25653.0, 17793.0], [25654.5, 17793.0], [25656.0, 17791.5], [25657.5, 17791.5], [25660.5, 17788.5], [25662.0, 17788.5], [25663.5, 17787.0], [25665.0, 17787.0], [25666.5, 17785.5], [25669.5, 17785.5], [25671.0, 17784.0], [25675.5, 17784.0], [25675.5, 17782.5], [25677.0, 17781.0], [25683.0, 17781.0], [25684.5, 17779.5], [25696.5, 17779.5], [25696.5, 17778.0], [25698.0, 17776.5], [25698.0, 17775.0], [25704.0, 17769.0], [25705.5, 17769.0], [25705.5, 17767.5], [25707.0, 17766.0], [25708.5, 17766.0], [25710.0, 17764.5], [25713.0, 17764.5], [25714.5, 17763.0], [25716.0, 17763.0], [25717.5, 17761.5], [25720.5, 17761.5], [25722.0, 17760.0], [25723.5, 17760.0], [25725.0, 17758.5], [25726.5, 17758.5], [25728.0, 17757.0], [25731.0, 17757.0], [25732.5, 17755.5], [25734.0, 17755.5], [25737.0, 17752.5], [25738.5, 17752.5], [25741.5, 17749.5], [25743.0, 17749.5], [25747.5, 17745.0], [25749.0, 17745.0], [25750.5, 17743.5], [25756.5, 17743.5], [25758.0, 17742.0], [25761.0, 17742.0], [25762.5, 17740.5], [25764.0, 17740.5], [25768.5, 17736.0], [25770.0, 17736.0], [25777.5, 17728.5], [25779.0, 17728.5], [25780.5, 17727.0], [25782.0, 17727.0], [25783.5, 17725.5], [25785.0, 17725.5], [25786.5, 17724.0], [25788.0, 17724.0], [25789.5, 17722.5], [25804.5, 17722.5], [25806.0, 17721.0], [25813.5, 17721.0], [25815.0, 17719.5], [25818.0, 17719.5], [25819.5, 17718.0], [25830.0, 17718.0], [25831.5, 17716.5], [25843.5, 17716.5], [25845.0, 17718.0], [25852.5, 17718.0], [25857.0, 17722.5], [25857.0, 17724.0], [25861.5, 17728.5], [25861.5, 17731.5], [25860.0, 17733.0], [25860.0, 17734.5], [25858.5, 17736.0], [25858.5, 17737.5], [25857.0, 17739.0], [25857.0, 17749.5], [25855.5, 17751.0], [25855.5, 17752.5], [25854.0, 17754.0], [25854.0, 17760.0], [25848.0, 17766.0], [25848.0, 17775.0], [25846.5, 17776.5], [25846.5, 17779.5], [25845.0, 17781.0], [25845.0, 17785.5], [25842.0, 17788.5], [25842.0, 17790.0], [25840.5, 17791.5], [25840.5, 17793.0], [25839.0, 17794.5], [25834.5, 17794.5], [25834.5, 17796.0], [25833.0, 17797.5], [25833.0, 17799.0], [25831.5, 17800.5], [25830.0, 17800.5], [25827.0, 17803.5], [25825.5, 17803.5], [25824.0, 17805.0], [25824.0, 17806.5], [25819.5, 17811.0], [25818.0, 17811.0], [25818.0, 17812.5], [25815.0, 17815.5], [25813.5, 17815.5], [25810.5, 17818.5], [25809.0, 17818.5], [25809.0, 17820.0], [25807.5, 17821.5], [25806.0, 17821.5], [25804.5, 17823.0], [25803.0, 17823.0], [25801.5, 17824.5], [25800.0, 17824.5], [25798.5, 17826.0], [25797.0, 17826.0], [25791.0, 17832.0], [25789.5, 17832.0], [25788.0, 17833.5], [25785.0, 17833.5], [25783.5, 17835.0], [25782.0, 17835.0], [25780.5, 17836.5], [25779.0, 17836.5], [25771.5, 17844.0], [25770.0, 17844.0], [25767.0, 17847.0], [25765.5, 17847.0], [25764.0, 17848.5], [25762.5, 17848.5], [25762.5, 17850.0], [25756.5, 17856.0], [25756.5, 17857.5], [25755.0, 17859.0], [25753.5, 17857.5], [25752.0, 17857.5], [25752.0, 17863.5], [25753.5, 17865.0], [25765.5, 17865.0], [25767.0, 17863.5], [25768.5, 17863.5], [25770.0, 17862.0], [25771.5, 17862.0], [25773.0, 17863.5], [25776.0, 17863.5], [25777.5, 17862.0], [25782.0, 17862.0], [25785.0, 17859.0], [25786.5, 17859.0], [25789.5, 17856.0], [25791.0, 17856.0], [25792.5, 17854.5], [25797.0, 17854.5], [25801.5, 17859.0], [25807.5, 17859.0], [25809.0, 17860.5], [25810.5, 17859.0], [25810.5, 17857.5], [25812.0, 17856.0], [25813.5, 17856.0], [25813.5, 17854.5], [25816.5, 17851.5], [25816.5, 17850.0], [25818.0, 17848.5], [25818.0, 17844.0], [25819.5, 17842.5], [25819.5, 17839.5], [25822.5, 17836.5], [25822.5, 17835.0], [25824.0, 17833.5], [25825.5, 17833.5], [25827.0, 17832.0], [25828.5, 17832.0], [25833.0, 17827.5], [25837.5, 17827.5], [25839.0, 17829.0], [25840.5, 17829.0], [25842.0, 17830.5], [25842.0, 17832.0], [25843.5, 17833.5], [25843.5, 17835.0], [25842.0, 17836.5], [25839.0, 17833.5], [25837.5, 17833.5], [25837.5, 17835.0], [25839.0, 17836.5], [25840.5, 17836.5], [25842.0, 17838.0], [25842.0, 17839.5], [25843.5, 17841.0], [25846.5, 17841.0], [25849.5, 17844.0], [25849.5, 17850.0], [25851.0, 17851.5], [25851.0, 17853.0], [25855.5, 17857.5], [25855.5, 17859.0], [25857.0, 17860.5], [25857.0, 17863.5], [25858.5, 17865.0], [25858.5, 17868.0], [25860.0, 17869.5], [25857.0, 17872.5], [25857.0, 17874.0], [25855.5, 17875.5], [25855.5, 17883.0], [25857.0, 17884.5], [25857.0, 17889.0], [25858.5, 17890.5], [25860.0, 17889.0], [25861.5, 17889.0], [25863.0, 17890.5], [25863.0, 17892.0], [25864.5, 17893.5], [25864.5, 17896.5], [25866.0, 17898.0], [25866.0, 17910.0], [25869.0, 17913.0], [25869.0, 17919.0], [25870.5, 17919.0], [25873.5, 17922.0], [25875.0, 17922.0], [25876.5, 17923.5], [25878.0, 17923.5], [25881.0, 17926.5], [25881.0, 17928.0], [25879.5, 17929.5], [25879.5, 17932.5], [25878.0, 17934.0], [25879.5, 17935.5], [25879.5, 17938.5], [25884.0, 17943.0], [25891.5, 17943.0], [25902.0, 17953.5], [25902.0, 17955.0], [25903.5, 17955.0], [25905.0, 17956.5], [25905.0, 17958.0], [25906.5, 17958.0], [25909.5, 17961.0], [25912.5, 17961.0], [25914.0, 17962.5], [25918.5, 17962.5], [25920.0, 17961.0], [25921.5, 17961.0], [25921.5, 17959.5], [25923.0, 17958.0], [25924.5, 17958.0], [25927.5, 17955.0], [25932.0, 17955.0], [25933.5, 17956.5], [25941.0, 17956.5], [25942.5, 17955.0], [25944.0, 17955.0], [25945.5, 17953.5], [25947.0, 17953.5], [25956.0, 17944.5], [25959.0, 17944.5], [25960.5, 17943.0], [25965.0, 17943.0], [25966.5, 17941.5], [25968.0, 17941.5], [25971.0, 17938.5], [25971.0, 17937.0], [25972.5, 17935.5], [25972.5, 17931.0], [25974.0, 17929.5], [25974.0, 17923.5], [25972.5, 17922.0], [25972.5, 17917.5], [25971.0, 17916.0], [25971.0, 17914.5], [25969.5, 17913.0], [25969.5, 17911.5], [25966.5, 17908.5], [25966.5, 17904.0], [25962.0, 17899.5], [25960.5, 17899.5], [25953.0, 17892.0], [25951.5, 17892.0], [25950.0, 17890.5], [25948.5, 17890.5], [25944.0, 17886.0], [25942.5, 17886.0], [25938.0, 17881.5], [25939.5, 17880.0], [25939.5, 17877.0], [25941.0, 17875.5], [25941.0, 17860.5], [25947.0, 17854.5], [25948.5, 17854.5], [25950.0, 17853.0], [25951.5, 17854.5], [25953.0, 17854.5], [25956.0, 17857.5], [25957.5, 17857.5], [25959.0, 17859.0], [25965.0, 17859.0], [25969.5, 17854.5], [25969.5, 17851.5], [25971.0, 17850.0], [25971.0, 17839.5], [25972.5, 17838.0], [25972.5, 17836.5], [25974.0, 17835.0], [25974.0, 17833.5], [25977.0, 17830.5], [25977.0, 17829.0], [25981.5, 17824.5], [25983.0, 17824.5], [25986.0, 17821.5], [25987.5, 17821.5], [25989.0, 17820.0], [25998.0, 17820.0], [26004.0, 17814.0], [26005.5, 17814.0], [26007.0, 17812.5], [26011.5, 17812.5], [26013.0, 17811.0], [26016.0, 17811.0], [26017.5, 17809.5], [26019.0, 17809.5], [26020.5, 17808.0], [26022.0, 17808.0], [26025.0, 17805.0], [26026.5, 17805.0], [26029.5, 17802.0], [26031.0, 17802.0], [26032.5, 17800.5], [26034.0, 17800.5], [26037.0, 17797.5], [26037.0, 17796.0], [26038.5, 17794.5], [26038.5, 17793.0], [26047.5, 17784.0], [26049.0, 17784.0], [26050.5, 17782.5], [26053.5, 17782.5], [26055.0, 17781.0], [26059.5, 17781.0], [26061.0, 17779.5], [26065.5, 17779.5], [26067.0, 17778.0], [26068.5, 17778.0], [26070.0, 17776.5], [26073.0, 17776.5], [26074.5, 17775.0], [26077.5, 17775.0], [26079.0, 17773.5], [26080.5, 17773.5], [26082.0, 17772.0], [26083.5, 17772.0], [26089.5, 17766.0], [26089.5, 17764.5], [26094.0, 17760.0], [26094.0, 17758.5], [26098.5, 17754.0], [26100.0, 17754.0], [26109.0, 17745.0], [26110.5, 17745.0], [26110.5, 17652.0], [26112.0, 17650.5], [26113.5, 17650.5], [26115.0, 17652.0], [26116.5, 17652.0], [26121.0, 17656.5], [26122.5, 17656.5], [26128.5, 17662.5], [26134.5, 17662.5], [26136.0, 17661.0], [26146.5, 17661.0], [26148.0, 17662.5], [26158.5, 17662.5], [26160.0, 17661.0], [26160.0, 17659.5], [26158.5, 17658.0], [26158.5, 17656.5], [26155.5, 17653.5], [26155.5, 17652.0], [26151.0, 17652.0], [26149.5, 17650.5], [26143.5, 17650.5], [26140.5, 17647.5], [26139.0, 17647.5], [26137.5, 17646.0], [26137.5, 17644.5], [26134.5, 17641.5], [26131.5, 17641.5], [26130.0, 17640.0], [26130.0, 17638.5], [26131.5, 17637.0], [26134.5, 17637.0], [26134.5, 17635.5], [26133.0, 17634.0], [26133.0, 17632.5], [26131.5, 17631.0], [26131.5, 17629.5], [26130.0, 17629.5], [26128.5, 17628.0], [26130.0, 17626.5], [26133.0, 17626.5], [26136.0, 17629.5], [26137.5, 17629.5], [26142.0, 17634.0], [26145.0, 17634.0], [26148.0, 17631.0], [26157.0, 17631.0], [26160.0, 17628.0], [26173.5, 17628.0], [26173.5, 17626.5], [26175.0, 17625.0], [26175.0, 17623.5], [26176.5, 17622.0], [26176.5, 17617.5], [26178.0, 17616.0], [26178.0, 17610.0], [26179.5, 17608.5], [26181.0, 17608.5], [26182.5, 17607.0], [26185.5, 17607.0], [26187.0, 17605.5], [26188.5, 17605.5], [26190.0, 17604.0], [26191.5, 17604.0], [26196.0, 17599.5], [26197.5, 17599.5], [26197.5, 17598.0], [26199.0, 17596.5], [26199.0, 17595.0], [26205.0, 17589.0], [26206.5, 17589.0], [26208.0, 17587.5], [26212.5, 17587.5], [26214.0, 17586.0], [26215.5, 17586.0], [26217.0, 17584.5], [26218.5, 17584.5], [26221.5, 17581.5], [26221.5, 17578.5], [26223.0, 17577.0], [26229.0, 17577.0], [26230.5, 17575.5], [26232.0, 17575.5], [26235.0, 17572.5], [26235.0, 17571.0], [26236.5, 17569.5], [26236.5, 17568.0], [26241.0, 17563.5], [26244.0, 17563.5], [26244.0, 17562.0], [26245.5, 17560.5], [26253.0, 17560.5], [26257.5, 17556.0], [26265.0, 17556.0], [26268.0, 17553.0], [26269.5, 17553.0], [26271.0, 17551.5], [26271.0, 17550.0], [26272.5, 17548.5], [26274.0, 17548.5], [26275.5, 17550.0], [26283.0, 17550.0], [26284.5, 17548.5], [26286.0, 17548.5], [26290.5, 17544.0], [26290.5, 17542.5], [26292.0, 17541.0], [26293.5, 17541.0], [26295.0, 17539.5], [26299.5, 17539.5], [26301.0, 17538.0], [26302.5, 17538.0], [26302.5, 17536.5], [26304.0, 17535.0], [26305.5, 17535.0], [26305.5, 17533.5], [26310.0, 17529.0], [26316.0, 17529.0], [26317.5, 17527.5], [26320.5, 17527.5], [26322.0, 17526.0], [26325.0, 17526.0], [26326.5, 17524.5], [26326.5, 17521.5], [26322.0, 17521.5], [26319.0, 17524.5], [26310.0, 17524.5], [26305.5, 17520.0], [26305.5, 17509.5], [26304.0, 17509.5], [26302.5, 17508.0], [26301.0, 17508.0], [26299.5, 17506.5], [26299.5, 17505.0], [26301.0, 17503.5], [26299.5, 17503.5], [26296.5, 17500.5], [26298.0, 17499.0], [26302.5, 17499.0], [26302.5, 17497.5], [26304.0, 17496.0], [26310.0, 17496.0], [26313.0, 17499.0], [26314.5, 17499.0], [26314.5, 17497.5], [26319.0, 17493.0], [26320.5, 17493.0], [26322.0, 17494.5], [26326.5, 17494.5], [26328.0, 17493.0], [26329.5, 17493.0], [26332.5, 17490.0], [26335.5, 17490.0], [26338.5, 17487.0], [26338.5, 17485.5], [26341.5, 17482.5], [26341.5, 17481.0], [26344.5, 17478.0], [26347.5, 17478.0], [26349.0, 17479.5], [26350.5, 17479.5], [26352.0, 17481.0], [26353.5, 17481.0], [26358.0, 17476.5], [26359.5, 17478.0], [26362.5, 17478.0], [26362.5, 17476.5], [26364.0, 17475.0], [26365.5, 17475.0], [26365.5, 17467.5], [26362.5, 17464.5], [26364.0, 17463.0], [26367.0, 17463.0], [26370.0, 17460.0], [26371.5, 17460.0], [26373.0, 17461.5], [26374.5, 17461.5], [26376.0, 17460.0], [26385.0, 17460.0], [26388.0, 17457.0], [26388.0, 17455.5], [26389.5, 17454.0], [26389.5, 17452.5], [26391.0, 17451.0], [26392.5, 17451.0], [26392.5, 17449.5], [26395.5, 17446.5], [26395.5, 17445.0], [26401.5, 17439.0], [26401.5, 17437.5], [26404.5, 17434.5], [26404.5, 17431.5], [26409.0, 17427.0], [26410.5, 17427.0], [26413.5, 17424.0], [26415.0, 17424.0], [26415.0, 17422.5], [26418.0, 17419.5], [26419.5, 17419.5], [26421.0, 17418.0], [26436.0, 17418.0], [26437.5, 17416.5], [26440.5, 17416.5], [26442.0, 17415.0], [26443.5, 17415.0], [26446.5, 17412.0], [26446.5, 17410.5], [26448.0, 17409.0], [26448.0, 17400.0], [26449.5, 17398.5], [26449.5, 17388.0], [26446.5, 17385.0], [26431.5, 17385.0], [26430.0, 17383.5], [26424.0, 17383.5], [26422.5, 17385.0], [26421.0, 17385.0], [26419.5, 17386.5], [26418.0, 17386.5], [26416.5, 17385.0], [26416.5, 17383.5], [26418.0, 17382.0], [26418.0, 17380.5], [26419.5, 17379.0], [26419.5, 17376.0], [26424.0, 17371.5], [26424.0, 17370.0], [26427.0, 17367.0], [26427.0, 17365.5], [26431.5, 17361.0], [26431.5, 17359.5], [26434.5, 17356.5], [26434.5, 17355.0], [26436.0, 17353.5], [26436.0, 17350.5], [26437.5, 17349.0], [26437.5, 17343.0], [26443.5, 17337.0], [26445.0, 17337.0], [26446.5, 17335.5], [26452.5, 17335.5], [26454.0, 17337.0], [26455.5, 17337.0], [26457.0, 17338.5], [26458.5, 17338.5], [26460.0, 17340.0], [26461.5, 17340.0], [26466.0, 17344.5], [26466.0, 17347.5], [26470.5, 17352.0], [26475.0, 17352.0], [26476.5, 17350.5], [26478.0, 17350.5], [26479.5, 17349.0], [26484.0, 17349.0], [26485.5, 17350.5], [26487.0, 17350.5], [26488.5, 17352.0], [26494.5, 17352.0], [26505.0, 17341.5], [26506.5, 17341.5], [26508.0, 17340.0], [26530.5, 17340.0], [26532.0, 17338.5], [26533.5, 17340.0], [26538.0, 17340.0], [26538.0, 17338.5], [26536.5, 17337.0], [26536.5, 17335.5], [26535.0, 17335.5], [26533.5, 17334.0], [26533.5, 17329.5], [26536.5, 17326.5], [26536.5, 17325.0], [26539.5, 17322.0], [26539.5, 17319.0], [26541.0, 17317.5], [26541.0, 17311.5], [26542.5, 17310.0], [26542.5, 17308.5], [26539.5, 17305.5], [26538.0, 17305.5], [26536.5, 17304.0], [26536.5, 17302.5], [26535.0, 17302.5], [26533.5, 17301.0], [26533.5, 17295.0], [26532.0, 17293.5], [26532.0, 17292.0], [26533.5, 17290.5], [26533.5, 17289.0], [26536.5, 17286.0], [26536.5, 17284.5], [26541.0, 17280.0], [26542.5, 17280.0], [26544.0, 17278.5], [26545.5, 17278.5], [26547.0, 17280.0], [26550.0, 17280.0], [26551.5, 17278.5], [26553.0, 17278.5], [26554.5, 17277.0], [26556.0, 17277.0], [26557.5, 17275.5], [26565.0, 17275.5], [26566.5, 17274.0], [26571.0, 17274.0], [26574.0, 17271.0], [26575.5, 17271.0], [26577.0, 17269.5], [26577.0, 17268.0], [26581.5, 17263.5], [26583.0, 17263.5], [26586.0, 17260.5], [26589.0, 17260.5], [26590.5, 17259.0], [26599.5, 17259.0], [26601.0, 17257.5], [26608.5, 17257.5], [26610.0, 17256.0], [26611.5, 17256.0], [26613.0, 17254.5], [26614.5, 17254.5], [26614.5, 17253.0], [26616.0, 17251.5], [26617.5, 17251.5], [26619.0, 17253.0], [26622.0, 17253.0], [26623.5, 17254.5], [26625.0, 17254.5], [26626.5, 17256.0], [26628.0, 17256.0], [26631.0, 17259.0], [26632.5, 17259.0], [26634.0, 17260.5], [26635.5, 17260.5], [26637.0, 17262.0], [26647.5, 17262.0], [26649.0, 17260.5], [26653.5, 17260.5], [26655.0, 17259.0], [26656.5, 17259.0], [26659.5, 17256.0], [26659.5, 17251.5], [26661.0, 17250.0], [26662.5, 17250.0], [26664.0, 17248.5], [26665.5, 17248.5], [26665.5, 17245.5], [26667.0, 17244.0], [26668.5, 17244.0], [26671.5, 17241.0], [26671.5, 17239.5], [26673.0, 17238.0], [26676.0, 17238.0], [26677.5, 17236.5], [26677.5, 17235.0], [26683.5, 17229.0], [26691.0, 17229.0], [26694.0, 17232.0], [26704.5, 17232.0], [26710.5, 17226.0], [26712.0, 17226.0], [26715.0, 17223.0], [26716.5, 17223.0], [26718.0, 17221.5], [26721.0, 17221.5], [26722.5, 17220.0], [26722.5, 17218.5], [26724.0, 17217.0], [26725.5, 17218.5], [26731.5, 17218.5], [26733.0, 17217.0], [26734.5, 17217.0], [26734.5, 17214.0], [26736.0, 17212.5], [26736.0, 17209.5], [26740.5, 17205.0], [26740.5, 17203.5], [26743.5, 17200.5], [26743.5, 17197.5], [26745.0, 17196.0], [26745.0, 17191.5], [26742.0, 17188.5], [26742.0, 17184.0], [26743.5, 17182.5], [26745.0, 17182.5], [26746.5, 17181.0], [26748.0, 17181.0], [26749.5, 17179.5], [26754.0, 17179.5], [26757.0, 17182.5], [26757.0, 17184.0], [26758.5, 17185.5], [26758.5, 17187.0], [26760.0, 17188.5], [26760.0, 17190.0], [26761.5, 17191.5], [26763.0, 17191.5], [26766.0, 17194.5], [26766.0, 17196.0], [26769.0, 17196.0], [26772.0, 17199.0], [26770.5, 17200.5], [26770.5, 17205.0], [26776.5, 17205.0], [26779.5, 17202.0], [26782.5, 17202.0], [26784.0, 17203.5], [26784.0, 17205.0], [26788.5, 17205.0], [26793.0, 17200.5], [26796.0, 17203.5], [26797.5, 17203.5], [26799.0, 17205.0], [26800.5, 17205.0], [26802.0, 17206.5], [26803.5, 17206.5], [26805.0, 17205.0], [26806.5, 17205.0], [26808.0, 17203.5], [26806.5, 17202.0], [26806.5, 17200.5], [26808.0, 17199.0], [26815.5, 17199.0], [26818.5, 17196.0], [26824.5, 17196.0], [26824.5, 17193.0], [26827.5, 17190.0], [26830.5, 17190.0], [26832.0, 17188.5], [26833.5, 17188.5], [26835.0, 17187.0], [26836.5, 17187.0], [26838.0, 17185.5], [26841.0, 17185.5], [26842.5, 17187.0], [26845.5, 17187.0], [26845.5, 17185.5], [26848.5, 17182.5], [26850.0, 17182.5], [26854.5, 17178.0], [26856.0, 17178.0], [26857.5, 17176.5], [26859.0, 17176.5], [26860.5, 17175.0], [26860.5, 17163.0], [26862.0, 17161.5], [26862.0, 17158.5], [26860.5, 17157.0], [26860.5, 17155.5], [26862.0, 17154.0], [26863.5, 17154.0], [26865.0, 17152.5], [26865.0, 17151.0], [26868.0, 17148.0], [26868.0, 17146.5], [26869.5, 17145.0], [26869.5, 17140.5], [26868.0, 17139.0], [26868.0, 17137.5], [26862.0, 17131.5], [26859.0, 17131.5], [26857.5, 17130.0], [26856.0, 17130.0], [26854.5, 17128.5], [26854.5, 17122.5], [26857.5, 17119.5], [26857.5, 17118.0], [26859.0, 17116.5], [26859.0, 17113.5], [26857.5, 17112.0], [26857.5, 17110.5], [26856.0, 17109.0], [26857.5, 17107.5], [26856.0, 17106.0], [26856.0, 17104.5], [26854.5, 17103.0], [26853.0, 17103.0], [26851.5, 17101.5], [26853.0, 17100.0], [26856.0, 17100.0], [26856.0, 17095.5], [26854.5, 17094.0], [26857.5, 17091.0], [26860.5, 17091.0], [26862.0, 17089.5], [26863.5, 17089.5], [26865.0, 17088.0], [26868.0, 17088.0], [26869.5, 17089.5], [26871.0, 17089.5], [26874.0, 17092.5], [26875.5, 17092.5], [26877.0, 17094.0], [26877.0, 17098.5], [26878.5, 17100.0], [26878.5, 16929.0], [26875.5, 16929.0], [26874.0, 16927.5], [26871.0, 16930.5], [26872.5, 16932.0]]]}}, {"type": "Feature", "properties": {"class_id": 6, "classification": "OOF", "area": 12.375}, "geometry": {"type": "Polygon", "coordinates": [[[26989.5, 16926.0], [26988.0, 16927.5], [26986.5, 16927.5], [26986.5, 16929.0], [26989.5, 16929.0], [26991.0, 16927.5], [26992.5, 16927.5], [26994.0, 16926.0], [26989.5, 16926.0]]]}}, {"type": "Feature", "properties": {"class_id": 6, "classification": "OOF", "area": 4.5}, "geometry": {"type": "Polygon", "coordinates": [[[26998.5, 16924.5], [26998.5, 16926.0], [27001.5, 16926.0], [27001.5, 16924.5], [26998.5, 16924.5]]]}}, {"type": "Feature", "properties": {"class_id": 6, "classification": "OOF", "area": 103.5}, "geometry": {"type": "Polygon", "coordinates": [[[26974.5, 16875.0], [26973.0, 16876.5], [26973.0, 16878.0], [26971.5, 16879.5], [26971.5, 16881.0], [26967.0, 16885.5], [26967.0, 16887.0], [26965.5, 16888.5], [26964.0, 16888.5], [26958.0, 16894.5], [26971.5, 16894.5], [26971.5, 16887.0], [26973.0, 16885.5], [26973.0, 16879.5], [26974.5, 16878.0], [26974.5, 16875.0]]]}}, {"type": "Feature", "properties": {"class_id": 6, "classification": "OOF", "area": 5.625}, "geometry": {"type": "Polygon", "coordinates": [[[26884.5, 16870.5], [26883.0, 16872.0], [26881.5, 16872.0], [26880.0, 16873.5], [26883.0, 16873.5], [26884.5, 16872.0], [26884.5, 16870.5]]]}}, {"type": "Feature", "properties": {"class_id": 6, "classification": "OOF", "area": 2.25}, "geometry": {"type": "Polygon", "coordinates": [[[26863.5, 16864.5], [26863.5, 16866.0], [26865.0, 16866.0], [26865.0, 16864.5], [26863.5, 16864.5]]]}}, {"type": "Feature", "properties": {"class_id": 6, "classification": "OOF", "area": 58.5}, "geometry": {"type": "Polygon", "coordinates": [[[26875.5, 16845.0], [26874.0, 16846.5], [26874.0, 16848.0], [26872.5, 16849.5], [26872.5, 16852.5], [26874.0, 16854.0], [26874.0, 16855.5], [26875.5, 16857.0], [26878.5, 16857.0], [26878.5, 16845.0], [26875.5, 16845.0]]]}}, {"type": "Feature", "properties": {"class_id": 6, "classification": "OOF", "area": 1494.0}, "geometry": {"type": "Polygon", "coordinates": [[[26928.0, 16800.0], [26926.5, 16801.5], [26925.0, 16801.5], [26922.0, 16804.5], [26922.0, 16806.0], [26920.5, 16807.5], [26920.5, 16813.5], [26919.0, 16815.0], [26919.0, 16816.5], [26917.5, 16818.0], [26917.5, 16819.5], [26916.0, 16821.0], [26916.0, 16827.0], [26914.5, 16828.5], [26914.5, 16830.0], [26913.0, 16831.5], [26913.0, 16833.0], [26911.5, 16834.5], [26911.5, 16836.0], [26910.0, 16837.5], [26910.0, 16839.0], [26908.5, 16840.5], [26908.5, 16843.5], [26907.0, 16845.0], [26907.0, 16846.5], [26908.5, 16845.0], [26910.0, 16845.0], [26916.0, 16839.0], [26917.5, 16839.0], [26919.0, 16837.5], [26922.0, 16837.5], [26923.5, 16839.0], [26925.0, 16839.0], [26926.5, 16840.5], [26928.0, 16840.5], [26929.5, 16842.0], [26931.0, 16842.0], [26932.5, 16843.5], [26934.0, 16842.0], [26938.5, 16842.0], [26940.0, 16843.5], [26941.5, 16843.5], [26946.0, 16839.0], [26946.0, 16831.5], [26944.5, 16830.0], [26944.5, 16825.5], [26946.0, 16824.0], [26947.5, 16824.0], [26949.0, 16822.5], [26950.5, 16824.0], [26952.0, 16822.5], [26955.0, 16822.5], [26956.5, 16821.0], [26961.0, 16821.0], [26962.5, 16822.5], [26964.0, 16822.5], [26965.5, 16821.0], [26968.5, 16821.0], [26970.0, 16819.5], [26973.0, 16819.5], [26974.5, 16821.0], [26976.0, 16821.0], [26977.5, 16822.5], [26977.5, 16824.0], [26979.0, 16824.0], [26979.0, 16822.5], [26980.5, 16821.0], [26980.5, 16818.0], [26982.0, 16816.5], [26982.0, 16815.0], [26979.0, 16812.0], [26977.5, 16812.0], [26976.0, 16810.5], [26971.5, 16810.5], [26970.0, 16812.0], [26964.0, 16812.0], [26962.5, 16813.5], [26958.0, 16813.5], [26956.5, 16812.0], [26955.0, 16812.0], [26953.5, 16810.5], [26953.5, 16809.0], [26952.0, 16807.5], [26944.5, 16807.5], [26943.0, 16806.0], [26941.5, 16806.0], [26940.0, 16804.5], [26938.5, 16804.5], [26935.5, 16801.5], [26932.5, 16801.5], [26931.0, 16800.0], [26928.0, 16800.0]]]}}, {"type": "Feature", "properties": {"class_id": 6, "classification": "OOF", "area": 42775.875}, "geometry": {"type": "Polygon", "coordinates": [[[26709.0, 16725.0], [26706.0, 16725.0], [26704.5, 16726.5], [26703.0, 16726.5], [26700.0, 16729.5], [26700.0, 16731.0], [26698.5, 16732.5], [26698.5, 16743.0], [26697.0, 16744.5], [26697.0, 16746.0], [26695.5, 16747.5], [26695.5, 16749.0], [26692.5, 16752.0], [26691.0, 16752.0], [26689.5, 16753.5], [26688.0, 16752.0], [26683.5, 16752.0], [26682.0, 16750.5], [26679.0, 16750.5], [26677.5, 16749.0], [26670.0, 16749.0], [26668.5, 16750.5], [26665.5, 16750.5], [26662.5, 16753.5], [26662.5, 16771.5], [26661.0, 16773.0], [26661.0, 16786.5], [26662.5, 16788.0], [26662.5, 16794.0], [26661.0, 16795.5], [26661.0, 16797.0], [26656.5, 16801.5], [26656.5, 16809.0], [26655.0, 16810.5], [26655.0, 16815.0], [26653.5, 16816.5], [26653.5, 16822.5], [26652.0, 16824.0], [26652.0, 16825.5], [26653.5, 16827.0], [26653.5, 16831.5], [26655.0, 16833.0], [26655.0, 16836.0], [26656.5, 16837.5], [26656.5, 16840.5], [26659.5, 16843.5], [26659.5, 16852.5], [26656.5, 16855.5], [26656.5, 16857.0], [26655.0, 16858.5], [26655.0, 16876.5], [26653.5, 16878.0], [26653.5, 16879.5], [26647.5, 16885.5], [26647.5, 16887.0], [26646.0, 16888.5], [26646.0, 16890.0], [26644.5, 16891.5], [26644.5, 16894.5], [26661.0, 16894.5], [26662.5, 16896.0], [26662.5, 16899.0], [26661.0, 16900.5], [26661.0, 16905.0], [26659.5, 16906.5], [26659.5, 16930.5], [26658.0, 16932.0], [26658.0, 16935.0], [26656.5, 16936.5], [26656.5, 16938.0], [26655.0, 16939.5], [26655.0, 16942.5], [26653.5, 16944.0], [26653.5, 16947.0], [26652.0, 16948.5], [26652.0, 16953.0], [26653.5, 16954.5], [26653.5, 16957.5], [26655.0, 16959.0], [26655.0, 16962.0], [26656.5, 16963.5], [26656.5, 16968.0], [26655.0, 16969.5], [26655.0, 16972.5], [26653.5, 16974.0], [26653.5, 16975.5], [26652.0, 16977.0], [26652.0, 16981.5], [26653.5, 16983.0], [26653.5, 17002.5], [26652.0, 17004.0], [26652.0, 17013.0], [26653.5, 17014.5], [26653.5, 17061.0], [26650.5, 17064.0], [26649.0, 17064.0], [26647.5, 17065.5], [26646.0, 17065.5], [26644.5, 17067.0], [26652.0, 17067.0], [26655.0, 17070.0], [26656.5, 17070.0], [26656.5, 17053.5], [26658.0, 17052.0], [26658.0, 17050.5], [26659.5, 17049.0], [26659.5, 17047.5], [26662.5, 17044.5], [26662.5, 17043.0], [26665.5, 17040.0], [26665.5, 17038.5], [26667.0, 17037.0], [26668.5, 17037.0], [26671.5, 17034.0], [26671.5, 17032.5], [26673.0, 17031.0], [26676.0, 17031.0], [26677.5, 17029.5], [26677.5, 17028.0], [26682.0, 17023.5], [26686.5, 17023.5], [26686.5, 17022.0], [26691.0, 17017.5], [26692.5, 17017.5], [26694.0, 17016.0], [26695.5, 17016.0], [26697.0, 17014.5], [26698.5, 17016.0], [26698.5, 17020.5], [26697.0, 17022.0], [26697.0, 17034.0], [26700.0, 17037.0], [26700.0, 17038.5], [26701.5, 17040.0], [26703.0, 17040.0], [26706.0, 17043.0], [26706.0, 17044.5], [26703.0, 17047.5], [26701.5, 17046.0], [26700.0, 17046.0], [26698.5, 17047.5], [26697.0, 17047.5], [26697.0, 17055.0], [26695.5, 17056.5], [26694.0, 17056.5], [26694.0, 17058.0], [26695.5, 17059.5], [26697.0, 17059.5], [26698.5, 17061.0], [26700.0, 17059.5], [26701.5, 17059.5], [26703.0, 17058.0], [26704.5, 17058.0], [26704.5, 17052.0], [26710.5, 17046.0], [26710.5, 17044.5], [26712.0, 17043.0], [26716.5, 17043.0], [26716.5, 17041.5], [26718.0, 17040.0], [26719.5, 17040.0], [26721.0, 17038.5], [26722.5, 17038.5], [26727.0, 17034.0], [26728.5, 17034.0], [26728.5, 17032.5], [26730.0, 17031.0], [26731.5, 17031.0], [26731.5, 17029.5], [26733.0, 17028.0], [26734.5, 17028.0], [26737.5, 17025.0], [26737.5, 17022.0], [26736.0, 17020.5], [26734.5, 17020.5], [26731.5, 17017.5], [26731.5, 17011.5], [26733.0, 17010.0], [26733.0, 17008.5], [26734.5, 17007.0], [26740.5, 17007.0], [26740.5, 17002.5], [26737.5, 16999.5], [26739.0, 16998.0], [26740.5, 16998.0], [26740.5, 16996.5], [26742.0, 16995.0], [26742.0, 16984.5], [26743.5, 16983.0], [26743.5, 16981.5], [26745.0, 16980.0], [26746.5, 16980.0], [26751.0, 16975.5], [26751.0, 16974.0], [26758.5, 16966.5], [26758.5, 16963.5], [26760.0, 16962.0], [26761.5, 16962.0], [26761.5, 16959.0], [26764.5, 16956.0], [26764.5, 16951.5], [26770.5, 16945.5], [26770.5, 16944.0], [26773.5, 16941.0], [26773.5, 16939.5], [26778.0, 16935.0], [26778.0, 16933.5], [26779.5, 16932.0], [26779.5, 16930.5], [26782.5, 16927.5], [26782.5, 16926.0], [26785.5, 16923.0], [26785.5, 16921.5], [26787.0, 16920.0], [26787.0, 16918.5], [26788.5, 16917.0], [26788.5, 16914.0], [26791.5, 16911.0], [26791.5, 16909.5], [26802.0, 16899.0], [26803.5, 16899.0], [26808.0, 16894.5], [26823.0, 16894.5], [26823.0, 16893.0], [26827.5, 16888.5], [26829.0, 16888.5], [26830.5, 16887.0], [26832.0, 16887.0], [26832.0, 16885.5], [26826.0, 16879.5], [26826.0, 16878.0], [26827.5, 16876.5], [26827.5, 16875.0], [26829.0, 16873.5], [26829.0, 16870.5], [26830.5, 16869.0], [26830.5, 16867.5], [26833.5, 16864.5], [26838.0, 16864.5], [26839.5, 16866.0], [26848.5, 16866.0], [26860.5, 16854.0], [26860.5, 16845.0], [26859.0, 16843.5], [26859.0, 16842.0], [26841.0, 16824.0], [26841.0, 16819.5], [26842.5, 16818.0], [26844.0, 16818.0], [26847.0, 16815.0], [26850.0, 16815.0], [26853.0, 16812.0], [26854.5, 16812.0], [26863.5, 16803.0], [26863.5, 16801.5], [26865.0, 16800.0], [26865.0, 16798.5], [26866.5, 16797.0], [26866.5, 16795.5], [26871.0, 16791.0], [26871.0, 16789.5], [26872.5, 16788.0], [26874.0, 16788.0], [26875.5, 16786.5], [26877.0, 16786.5], [26878.5, 16785.0], [26878.5, 16761.0], [26875.5, 16761.0], [26874.0, 16762.5], [26872.5, 16762.5], [26871.0, 16764.0], [26869.5, 16764.0], [26869.5, 16765.5], [26866.5, 16768.5], [26866.5, 16771.5], [26865.0, 16773.0], [26865.0, 16774.5], [26863.5, 16776.0], [26863.5, 16777.5], [26862.0, 16779.0], [26860.5, 16779.0], [26859.0, 16780.5], [26857.5, 16780.5], [26856.0, 16782.0], [26853.0, 16782.0], [26851.5, 16783.5], [26850.0, 16783.5], [26848.5, 16785.0], [26841.0, 16785.0], [26835.0, 16779.0], [26835.0, 16770.0], [26833.5, 16768.5], [26826.0, 16768.5], [26824.5, 16770.0], [26811.0, 16770.0], [26809.5, 16768.5], [26799.0, 16768.5], [26797.5, 16770.0], [26794.5, 16770.0], [26793.0, 16768.5], [26793.0, 16765.5], [26791.5, 16764.0], [26791.5, 16762.5], [26785.5, 16756.5], [26775.0, 16756.5], [26773.5, 16758.0], [26770.5, 16758.0], [26769.0, 16756.5], [26767.5, 16756.5], [26764.5, 16753.5], [26763.0, 16753.5], [26758.5, 16749.0], [26757.0, 16749.0], [26755.5, 16747.5], [26754.0, 16747.5], [26752.5, 16746.0], [26752.5, 16744.5], [26751.0, 16743.0], [26751.0, 16737.0], [26748.0, 16734.0], [26748.0, 16732.5], [26746.5, 16732.5], [26743.5, 16729.5], [26742.0, 16729.5], [26740.5, 16728.0], [26725.5, 16728.0], [26724.0, 16726.5], [26721.0, 16726.5], [26719.5, 16725.0], [26718.0, 16725.0], [26716.5, 16723.5], [26710.5, 16723.5], [26709.0, 16725.0]]]}}, {"type": "Feature", "properties": {"class_id": 6, "classification": "OOF", "area": 102.375}, "geometry": {"type": "Polygon", "coordinates": [[[28168.5, 16221.0], [28168.5, 16228.5], [28170.0, 16230.0], [28170.0, 16231.5], [28173.0, 16234.5], [28174.5, 16233.0], [28176.0, 16233.0], [28177.5, 16231.5], [28177.5, 16221.0], [28168.5, 16221.0]]]}}, {"type": "Feature", "properties": {"class_id": 6, "classification": "OOF", "area": 1236.375}, "geometry": {"type": "Polygon", "coordinates": [[[28194.0, 16159.5], [28192.5, 16161.0], [28189.5, 16161.0], [28188.0, 16162.5], [28185.0, 16162.5], [28182.0, 16165.5], [28180.5, 16165.5], [28179.0, 16167.0], [28180.5, 16168.5], [28180.5, 16173.0], [28182.0, 16174.5], [28182.0, 16177.5], [28183.5, 16179.0], [28183.5, 16180.5], [28185.0, 16182.0], [28186.5, 16182.0], [28188.0, 16183.5], [28192.5, 16183.5], [28194.0, 16185.0], [28195.5, 16185.0], [28200.0, 16189.5], [28200.0, 16192.5], [28197.0, 16195.5], [28195.5, 16195.5], [28194.0, 16197.0], [28192.5, 16197.0], [28183.5, 16206.0], [28183.5, 16207.5], [28182.0, 16209.0], [28182.0, 16212.0], [28180.5, 16213.5], [28180.5, 16215.0], [28182.0, 16216.5], [28189.5, 16216.5], [28194.0, 16212.0], [28197.0, 16212.0], [28198.5, 16210.5], [28201.5, 16210.5], [28206.0, 16206.0], [28206.0, 16204.5], [28207.5, 16203.0], [28207.5, 16201.5], [28210.5, 16198.5], [28210.5, 16197.0], [28213.5, 16194.0], [28213.5, 16192.5], [28215.0, 16191.0], [28215.0, 16188.0], [28213.5, 16186.5], [28210.5, 16186.5], [28209.0, 16185.0], [28207.5, 16185.0], [28204.5, 16182.0], [28204.5, 16180.5], [28210.5, 16174.5], [28212.0, 16174.5], [28213.5, 16173.0], [28216.5, 16173.0], [28218.0, 16171.5], [28219.5, 16171.5], [28221.0, 16170.0], [28225.5, 16170.0], [28227.0, 16168.5], [28222.5, 16164.0], [28221.0, 16164.0], [28219.5, 16162.5], [28216.5, 16162.5], [28215.0, 16164.0], [28213.5, 16164.0], [28212.0, 16165.5], [28204.5, 16165.5], [28201.5, 16162.5], [28201.5, 16159.5], [28194.0, 16159.5]]]}}, {"type": "Feature", "properties": {"class_id": 6, "classification": "OOF", "area": 209025.0}, "geometry": {"type": "Polygon", "coordinates": [[[27696.0, 16048.5], [27694.5, 16048.5], [27693.0, 16050.0], [27691.5, 16050.0], [27687.0, 16054.5], [27685.5, 16054.5], [27684.0, 16056.0], [27681.0, 16056.0], [27679.5, 16054.5], [27675.0, 16054.5], [27673.5, 16056.0], [27672.0, 16056.0], [27670.5, 16057.5], [27669.0, 16057.5], [27667.5, 16059.0], [27667.5, 16060.5], [27664.5, 16063.5], [27664.5, 16071.0], [27663.0, 16072.5], [27663.0, 16075.5], [27661.5, 16077.0], [27661.5, 16080.0], [27660.0, 16081.5], [27660.0, 16090.5], [27661.5, 16092.0], [27661.5, 16126.5], [27669.0, 16126.5], [27670.5, 16128.0], [27670.5, 16143.0], [27672.0, 16144.5], [27672.0, 16146.0], [27673.5, 16147.5], [27675.0, 16147.5], [27676.5, 16149.0], [27682.5, 16149.0], [27687.0, 16153.5], [27687.0, 16159.5], [27685.5, 16161.0], [27685.5, 16162.5], [27682.5, 16165.5], [27679.5, 16165.5], [27678.0, 16167.0], [27673.5, 16167.0], [27672.0, 16168.5], [27670.5, 16168.5], [27669.0, 16170.0], [27669.0, 16171.5], [27667.5, 16173.0], [27667.5, 16186.5], [27666.0, 16188.0], [27666.0, 16189.5], [27664.5, 16191.0], [27664.5, 16200.0], [27666.0, 16201.5], [27666.0, 16206.0], [27667.5, 16207.5], [27667.5, 16218.0], [27666.0, 16219.5], [27666.0, 16221.0], [27664.5, 16222.5], [27664.5, 16233.0], [27666.0, 16234.5], [27666.0, 16243.5], [27664.5, 16245.0], [27664.5, 16249.5], [27663.0, 16251.0], [27663.0, 16255.5], [27661.5, 16257.0], [27661.5, 16266.0], [27660.0, 16267.5], [27660.0, 16270.5], [27661.5, 16272.0], [27661.5, 16290.0], [27663.0, 16291.5], [27663.0, 16296.0], [27661.5, 16297.5], [27661.5, 16306.5], [27660.0, 16308.0], [27660.0, 16314.0], [27661.5, 16315.5], [27661.5, 16317.0], [27664.5, 16320.0], [27664.5, 16321.5], [27667.5, 16324.5], [27667.5, 16329.0], [27666.0, 16330.5], [27666.0, 16333.5], [27664.5, 16335.0], [27664.5, 16339.5], [27663.0, 16341.0], [27663.0, 16345.5], [27661.5, 16347.0], [27661.5, 16354.5], [27663.0, 16356.0], [27663.0, 16377.0], [27661.5, 16378.5], [27661.5, 16384.5], [27660.0, 16386.0], [27660.0, 16387.5], [27658.5, 16389.0], [27658.5, 16390.5], [27661.5, 16393.5], [27661.5, 16402.5], [27660.0, 16404.0], [27660.0, 16407.0], [27663.0, 16410.0], [27663.0, 16411.5], [27664.5, 16413.0], [27664.5, 16417.5], [27663.0, 16419.0], [27663.0, 16422.0], [27661.5, 16423.5], [27661.5, 16447.5], [27663.0, 16449.0], [27663.0, 16462.5], [27660.0, 16465.5], [27660.0, 16467.0], [27657.0, 16470.0], [27655.5, 16470.0], [27652.5, 16473.0], [27648.0, 16473.0], [27648.0, 16485.0], [27649.5, 16485.0], [27654.0, 16489.5], [27654.0, 16491.0], [27657.0, 16494.0], [27658.5, 16494.0], [27661.5, 16497.0], [27661.5, 16498.5], [27663.0, 16500.0], [27663.0, 16506.0], [27661.5, 16507.5], [27661.5, 16509.0], [27660.0, 16510.5], [27660.0, 16512.0], [27655.5, 16516.5], [27654.0, 16516.5], [27651.0, 16519.5], [27655.5, 16524.0], [27655.5, 16525.5], [27652.5, 16528.5], [27648.0, 16528.5], [27646.5, 16527.0], [27645.0, 16527.0], [27643.5, 16525.5], [27642.0, 16525.5], [27639.0, 16522.5], [27639.0, 16521.0], [27640.5, 16519.5], [27643.5, 16519.5], [27645.0, 16518.0], [27646.5, 16518.0], [27646.5, 16516.5], [27639.0, 16516.5], [27637.5, 16518.0], [27636.0, 16518.0], [27631.5, 16522.5], [27613.5, 16522.5], [27607.5, 16528.5], [27606.0, 16528.5], [27604.5, 16530.0], [27603.0, 16530.0], [27600.0, 16533.0], [27598.5, 16533.0], [27594.0, 16537.5], [27592.5, 16537.5], [27592.5, 16539.0], [27589.5, 16542.0], [27589.5, 16545.0], [27588.0, 16546.5], [27588.0, 16551.0], [27586.5, 16552.5], [27586.5, 16554.0], [27585.0, 16555.5], [27585.0, 16558.5], [27583.5, 16560.0], [27583.5, 16569.0], [27585.0, 16570.5], [27585.0, 16572.0], [27586.5, 16573.5], [27586.5, 16582.5], [27582.0, 16587.0], [27580.5, 16587.0], [27577.5, 16590.0], [27576.0, 16590.0], [27573.0, 16587.0], [27571.5, 16587.0], [27570.0, 16585.5], [27565.5, 16585.5], [27564.0, 16584.0], [27555.0, 16584.0], [27553.5, 16585.5], [27550.5, 16585.5], [27552.0, 16587.0], [27553.5, 16587.0], [27555.0, 16588.5], [27552.0, 16591.5], [27547.5, 16591.5], [27546.0, 16593.0], [27543.0, 16593.0], [27541.5, 16594.5], [27535.5, 16594.5], [27534.0, 16593.0], [27534.0, 16591.5], [27535.5, 16590.0], [27537.0, 16590.0], [27538.5, 16588.5], [27540.0, 16588.5], [27541.5, 16587.0], [27520.5, 16587.0], [27519.0, 16585.5], [27517.5, 16585.5], [27514.5, 16582.5], [27514.5, 16567.5], [27513.0, 16566.0], [27513.0, 16564.5], [27511.5, 16563.0], [27511.5, 16561.5], [27507.0, 16557.0], [27505.5, 16557.0], [27499.5, 16551.0], [27499.5, 16531.5], [27498.0, 16530.0], [27498.0, 16528.5], [27496.5, 16527.0], [27486.0, 16527.0], [27484.5, 16525.5], [27484.5, 16524.0], [27475.5, 16515.0], [27475.5, 16501.5], [27474.0, 16500.0], [27474.0, 16498.5], [27466.5, 16491.0], [27466.5, 16479.0], [27459.0, 16471.5], [27457.5, 16471.5], [27456.0, 16470.0], [27454.5, 16470.0], [27453.0, 16468.5], [27451.5, 16468.5], [27450.0, 16467.0], [27445.5, 16467.0], [27444.0, 16465.5], [27436.5, 16465.5], [27435.0, 16464.0], [27432.0, 16464.0], [27430.5, 16462.5], [27427.5, 16462.5], [27420.0, 16455.0], [27420.0, 16453.5], [27418.5, 16452.0], [27418.5, 16444.5], [27417.0, 16443.0], [27417.0, 16441.5], [27414.0, 16438.5], [27405.0, 16438.5], [27403.5, 16437.0], [27397.5, 16437.0], [27396.0, 16435.5], [27390.0, 16435.5], [27388.5, 16434.0], [27387.0, 16434.0], [27385.5, 16432.5], [27384.0, 16432.5], [27382.5, 16431.0], [27381.0, 16431.0], [27379.5, 16429.5], [27378.0, 16429.5], [27375.0, 16426.5], [27373.5, 16426.5], [27372.0, 16425.0], [27370.5, 16425.0], [27369.0, 16423.5], [27364.5, 16423.5], [27361.5, 16426.5], [27360.0, 16426.5], [27360.0, 16428.0], [27358.5, 16429.5], [27358.5, 16431.0], [27357.0, 16432.5], [27357.0, 16434.0], [27355.5, 16435.5], [27355.5, 16437.0], [27354.0, 16438.5], [27354.0, 16440.0], [27346.5, 16447.5], [27339.0, 16447.5], [27337.5, 16446.0], [27336.0, 16446.0], [27331.5, 16441.5], [27330.0, 16441.5], [27328.5, 16440.0], [27325.5, 16440.0], [27324.0, 16438.5], [27321.0, 16438.5], [27319.5, 16437.0], [27316.5, 16437.0], [27315.0, 16435.5], [27301.5, 16435.5], [27300.0, 16434.0], [27295.5, 16434.0], [27294.0, 16432.5], [27288.0, 16432.5], [27286.5, 16431.0], [27280.5, 16431.0], [27279.0, 16432.5], [27277.5, 16432.5], [27276.0, 16434.0], [27274.5, 16434.0], [27273.0, 16435.5], [27271.5, 16435.5], [27270.0, 16437.0], [27265.5, 16437.0], [27264.0, 16438.5], [27261.0, 16438.5], [27259.5, 16440.0], [27258.0, 16440.0], [27256.5, 16441.5], [27255.0, 16441.5], [27249.0, 16447.5], [27243.0, 16447.5], [27240.0, 16444.5], [27238.5, 16444.5], [27237.0, 16443.0], [27235.5, 16443.0], [27234.0, 16441.5], [27232.5, 16441.5], [27231.0, 16440.0], [27216.0, 16440.0], [27214.5, 16441.5], [27208.5, 16441.5], [27207.0, 16440.0], [27205.5, 16440.0], [27199.5, 16434.0], [27198.0, 16434.0], [27195.0, 16431.0], [27190.5, 16431.0], [27189.0, 16429.5], [27187.5, 16429.5], [27180.0, 16422.0], [27174.0, 16422.0], [27172.5, 16423.5], [27171.0, 16423.5], [27169.5, 16425.0], [27169.5, 16426.5], [27168.0, 16428.0], [27168.0, 16432.5], [27166.5, 16434.0], [27166.5, 16438.5], [27165.0, 16440.0], [27165.0, 16441.5], [27163.5, 16443.0], [27163.5, 16444.5], [27160.5, 16447.5], [27160.5, 16450.5], [27159.0, 16452.0], [27159.0, 16474.5], [27157.5, 16476.0], [27157.5, 16477.5], [27156.0, 16479.0], [27156.0, 16480.5], [27154.5, 16482.0], [27154.5, 16488.0], [27156.0, 16489.5], [27156.0, 16500.0], [27154.5, 16501.5], [27154.5, 16503.0], [27156.0, 16504.5], [27156.0, 16509.0], [27157.5, 16510.5], [27157.5, 16515.0], [27159.0, 16516.5], [27159.0, 16522.5], [27160.5, 16524.0], [27160.5, 16528.5], [27162.0, 16530.0], [27162.0, 16533.0], [27160.5, 16534.5], [27160.5, 16539.0], [27159.0, 16540.5], [27159.0, 16542.0], [27157.5, 16543.5], [27157.5, 16581.0], [27159.0, 16582.5], [27159.0, 16588.5], [27160.5, 16590.0], [27160.5, 16599.0], [27159.0, 16600.5], [27159.0, 16606.5], [27157.5, 16608.0], [27157.5, 16644.0], [27159.0, 16645.5], [27159.0, 16648.5], [27160.5, 16650.0], [27160.5, 16692.0], [27159.0, 16693.5], [27159.0, 16734.0], [27157.5, 16735.5], [27157.5, 16743.0], [27159.0, 16744.5], [27159.0, 16768.5], [27157.5, 16770.0], [27157.5, 16773.0], [27156.0, 16774.5], [27156.0, 16776.0], [27157.5, 16777.5], [27157.5, 16780.5], [27159.0, 16782.0], [27159.0, 16786.5], [27160.5, 16788.0], [27160.5, 16792.5], [27159.0, 16794.0], [27159.0, 16804.5], [27157.5, 16806.0], [27157.5, 16810.5], [27154.5, 16813.5], [27154.5, 16815.0], [27153.0, 16816.5], [27153.0, 16818.0], [27151.5, 16819.5], [27151.5, 16825.5], [27153.0, 16827.0], [27153.0, 16828.5], [27159.0, 16834.5], [27159.0, 16837.5], [27160.5, 16839.0], [27160.5, 16840.5], [27159.0, 16842.0], [27159.0, 16845.0], [27156.0, 16848.0], [27156.0, 16849.5], [27154.5, 16851.0], [27154.5, 16854.0], [27153.0, 16855.5], [27153.0, 16858.5], [27151.5, 16860.0], [27151.5, 16861.5], [27142.5, 16870.5], [27142.5, 16876.5], [27144.0, 16878.0], [27144.0, 16879.5], [27145.5, 16881.0], [27145.5, 16882.5], [27147.0, 16884.0], [27147.0, 16885.5], [27145.5, 16887.0], [27142.5, 16887.0], [27144.0, 16888.5], [27150.0, 16888.5], [27151.5, 16890.0], [27156.0, 16890.0], [27157.5, 16891.5], [27157.5, 16894.5], [27181.5, 16894.5], [27183.0, 16893.0], [27183.0, 16891.5], [27187.5, 16887.0], [27187.5, 16885.5], [27192.0, 16881.0], [27192.0, 16879.5], [27196.5, 16875.0], [27196.5, 16873.5], [27201.0, 16869.0], [27201.0, 16867.5], [27202.5, 16866.0], [27204.0, 16866.0], [27205.5, 16864.5], [27205.5, 16863.0], [27208.5, 16860.0], [27208.5, 16858.5], [27210.0, 16857.0], [27211.5, 16857.0], [27220.5, 16848.0], [27220.5, 16846.5], [27222.0, 16845.0], [27225.0, 16845.0], [27228.0, 16842.0], [27228.0, 16840.5], [27229.5, 16839.0], [27231.0, 16839.0], [27234.0, 16836.0], [27235.5, 16836.0], [27235.5, 16834.5], [27237.0, 16833.0], [27238.5, 16833.0], [27241.5, 16830.0], [27243.0, 16830.0], [27246.0, 16827.0], [27252.0, 16827.0], [27255.0, 16824.0], [27256.5, 16824.0], [27256.5, 16819.5], [27258.0, 16818.0], [27259.5, 16818.0], [27262.5, 16815.0], [27264.0, 16815.0], [27270.0, 16809.0], [27270.0, 16807.5], [27271.5, 16806.0], [27271.5, 16804.5], [27273.0, 16803.0], [27273.0, 16801.5], [27277.5, 16797.0], [27279.0, 16797.0], [27280.5, 16795.5], [27280.5, 16794.0], [27282.0, 16792.5], [27282.0, 16785.0], [27283.5, 16783.5], [27283.5, 16782.0], [27286.5, 16779.0], [27286.5, 16771.5], [27285.0, 16770.0], [27285.0, 16768.5], [27288.0, 16765.5], [27289.5, 16765.5], [27292.5, 16768.5], [27300.0, 16768.5], [27303.0, 16765.5], [27303.0, 16750.5], [27307.5, 16746.0], [27312.0, 16746.0], [27318.0, 16752.0], [27318.0, 16753.5], [27322.5, 16758.0], [27328.5, 16758.0], [27331.5, 16755.0], [27331.5, 16753.5], [27333.0, 16752.0], [27333.0, 16749.0], [27334.5, 16747.5], [27334.5, 16746.0], [27336.0, 16744.5], [27337.5, 16744.5], [27339.0, 16743.0], [27343.5, 16743.0], [27346.5, 16740.0], [27355.5, 16740.0], [27358.5, 16737.0], [27360.0, 16737.0], [27361.5, 16735.5], [27363.0, 16735.5], [27364.5, 16734.0], [27366.0, 16734.0], [27369.0, 16731.0], [27370.5, 16731.0], [27372.0, 16729.5], [27373.5, 16729.5], [27375.0, 16728.0], [27378.0, 16728.0], [27381.0, 16725.0], [27390.0, 16725.0], [27393.0, 16722.0], [27397.5, 16722.0], [27397.5, 16720.5], [27399.0, 16719.0], [27400.5, 16719.0], [27400.5, 16717.5], [27402.0, 16716.0], [27402.0, 16714.5], [27403.5, 16713.0], [27403.5, 16710.0], [27408.0, 16705.5], [27409.5, 16705.5], [27411.0, 16704.0], [27412.5, 16704.0], [27414.0, 16702.5], [27418.5, 16702.5], [27420.0, 16704.0], [27424.5, 16704.0], [27430.5, 16698.0], [27430.5, 16690.5], [27429.0, 16689.0], [27429.0, 16684.5], [27433.5, 16680.0], [27444.0, 16680.0], [27445.5, 16678.5], [27447.0, 16678.5], [27448.5, 16677.0], [27450.0, 16677.0], [27453.0, 16674.0], [27454.5, 16674.0], [27459.0, 16669.5], [27460.5, 16669.5], [27465.0, 16665.0], [27466.5, 16665.0], [27469.5, 16662.0], [27469.5, 16660.5], [27472.5, 16657.5], [27472.5, 16654.5], [27474.0, 16653.0], [27475.5, 16653.0], [27475.5, 16651.5], [27477.0, 16650.0], [27481.5, 16650.0], [27481.5, 16648.5], [27483.0, 16647.0], [27486.0, 16647.0], [27489.0, 16644.0], [27493.5, 16644.0], [27495.0, 16642.5], [27499.5, 16642.5], [27501.0, 16641.0], [27504.0, 16641.0], [27505.5, 16639.5], [27507.0, 16639.5], [27508.5, 16638.0], [27511.5, 16638.0], [27513.0, 16636.5], [27514.5, 16636.5], [27516.0, 16638.0], [27525.0, 16638.0], [27526.5, 16639.5], [27532.5, 16639.5], [27534.0, 16641.0], [27541.5, 16641.0], [27543.0, 16642.5], [27546.0, 16642.5], [27547.5, 16641.0], [27549.0, 16641.0], [27556.5, 16633.5], [27556.5, 16630.5], [27558.0, 16629.0], [27558.0, 16623.0], [27553.5, 16618.5], [27552.0, 16618.5], [27546.0, 16612.5], [27546.0, 16609.5], [27547.5, 16608.0], [27547.5, 16606.5], [27552.0, 16602.0], [27559.5, 16602.0], [27562.5, 16605.0], [27564.0, 16605.0], [27565.5, 16606.5], [27573.0, 16606.5], [27574.5, 16605.0], [27579.0, 16605.0], [27580.5, 16603.5], [27582.0, 16603.5], [27585.0, 16600.5], [27585.0, 16597.5], [27586.5, 16596.0], [27586.5, 16594.5], [27588.0, 16593.0], [27588.0, 16591.5], [27591.0, 16588.5], [27592.5, 16588.5], [27595.5, 16585.5], [27597.0, 16585.5], [27598.5, 16584.0], [27600.0, 16584.0], [27601.5, 16582.5], [27603.0, 16582.5], [27604.5, 16581.0], [27607.5, 16581.0], [27609.0, 16579.5], [27612.0, 16579.5], [27613.5, 16578.0], [27619.5, 16578.0], [27624.0, 16582.5], [27624.0, 16585.5], [27625.5, 16587.0], [27634.5, 16587.0], [27642.0, 16579.5], [27646.5, 16579.5], [27646.5, 16558.5], [27648.0, 16557.0], [27651.0, 16557.0], [27652.5, 16555.5], [27669.0, 16555.5], [27670.5, 16554.0], [27673.5, 16554.0], [27675.0, 16552.5], [27676.5, 16552.5], [27678.0, 16551.0], [27685.5, 16551.0], [27687.0, 16549.5], [27688.5, 16549.5], [27690.0, 16548.0], [27691.5, 16548.0], [27693.0, 16546.5], [27703.5, 16546.5], [27705.0, 16545.0], [27706.5, 16545.0], [27708.0, 16546.5], [27711.0, 16546.5], [27712.5, 16545.0], [27714.0, 16546.5], [27715.5, 16546.5], [27717.0, 16545.0], [27727.5, 16545.0], [27729.0, 16543.5], [27730.5, 16543.5], [27732.0, 16542.0], [27736.5, 16542.0], [27738.0, 16540.5], [27739.5, 16540.5], [27741.0, 16539.0], [27742.5, 16539.0], [27744.0, 16537.5], [27744.0, 16536.0], [27750.0, 16530.0], [27763.5, 16530.0], [27765.0, 16531.5], [27772.5, 16531.5], [27774.0, 16530.0], [27775.5, 16530.0], [27781.5, 16524.0], [27783.0, 16524.0], [27784.5, 16522.5], [27807.0, 16522.5], [27808.5, 16521.0], [27819.0, 16521.0], [27820.5, 16519.5], [27826.5, 16519.5], [27828.0, 16518.0], [27834.0, 16518.0], [27835.5, 16516.5], [27838.5, 16516.5], [27840.0, 16515.0], [27844.5, 16515.0], [27847.5, 16512.0], [27849.0, 16512.0], [27852.0, 16509.0], [27855.0, 16509.0], [27856.5, 16507.5], [27861.0, 16507.5], [27862.5, 16506.0], [27865.5, 16506.0], [27868.5, 16503.0], [27868.5, 16501.5], [27873.0, 16497.0], [27880.5, 16497.0], [27882.0, 16495.5], [27883.5, 16495.5], [27888.0, 16491.0], [27889.5, 16491.0], [27891.0, 16489.5], [27900.0, 16489.5], [27901.5, 16488.0], [27903.0, 16488.0], [27904.5, 16486.5], [27906.0, 16486.5], [27909.0, 16483.5], [27910.5, 16483.5], [27912.0, 16482.0], [27913.5, 16482.0], [27915.0, 16480.5], [27916.5, 16480.5], [27919.5, 16477.5], [27921.0, 16477.5], [27924.0, 16474.5], [27927.0, 16474.5], [27928.5, 16473.0], [27930.0, 16473.0], [27931.5, 16471.5], [27931.5, 16470.0], [27934.5, 16467.0], [27936.0, 16467.0], [27939.0, 16464.0], [27940.5, 16464.0], [27943.5, 16461.0], [27943.5, 16459.5], [27945.0, 16458.0], [27945.0, 16456.5], [27946.5, 16455.0], [27946.5, 16449.0], [27945.0, 16449.0], [27942.0, 16446.0], [27942.0, 16444.5], [27940.5, 16443.0], [27937.5, 16443.0], [27936.0, 16441.5], [27936.0, 16438.5], [27934.5, 16437.0], [27934.5, 16429.5], [27936.0, 16428.0], [27936.0, 16425.0], [27939.0, 16422.0], [27939.0, 16420.5], [27951.0, 16408.5], [27952.5, 16408.5], [27957.0, 16404.0], [27958.5, 16404.0], [27960.0, 16402.5], [27960.0, 16401.0], [27945.0, 16401.0], [27943.5, 16399.5], [27940.5, 16399.5], [27939.0, 16398.0], [27912.0, 16398.0], [27910.5, 16399.5], [27909.0, 16399.5], [27907.5, 16401.0], [27906.0, 16401.0], [27904.5, 16402.5], [27901.5, 16402.5], [27900.0, 16404.0], [27897.0, 16404.0], [27895.5, 16402.5], [27895.5, 16399.5], [27900.0, 16395.0], [27906.0, 16395.0], [27907.5, 16393.5], [27910.5, 16393.5], [27919.5, 16384.5], [27921.0, 16384.5], [27924.0, 16381.5], [27924.0, 16378.5], [27925.5, 16377.0], [27924.0, 16375.5], [27924.0, 16372.5], [27922.5, 16371.0], [27922.5, 16369.5], [27921.0, 16368.0], [27919.5, 16368.0], [27913.5, 16362.0], [27913.5, 16360.5], [27912.0, 16360.5], [27909.0, 16357.5], [27906.0, 16357.5], [27904.5, 16356.0], [27903.0, 16356.0], [27898.5, 16351.5], [27898.5, 16348.5], [27900.0, 16347.0], [27900.0, 16344.0], [27901.5, 16342.5], [27901.5, 16336.5], [27898.5, 16333.5], [27897.0, 16333.5], [27891.0, 16327.5], [27891.0, 16326.0], [27892.5, 16324.5], [27892.5, 16321.5], [27894.0, 16320.0], [27894.0, 16314.0], [27892.5, 16312.5], [27892.5, 16309.5], [27888.0, 16305.0], [27888.0, 16303.5], [27886.5, 16302.0], [27886.5, 16299.0], [27885.0, 16297.5], [27885.0, 16293.0], [27883.5, 16291.5], [27883.5, 16290.0], [27882.0, 16288.5], [27882.0, 16285.5], [27880.5, 16284.0], [27880.5, 16276.5], [27882.0, 16275.0], [27882.0, 16261.5], [27883.5, 16260.0], [27883.5, 16243.5], [27882.0, 16242.0], [27873.0, 16242.0], [27871.5, 16243.5], [27868.5, 16243.5], [27867.0, 16245.0], [27864.0, 16245.0], [27862.5, 16246.5], [27861.0, 16246.5], [27855.0, 16252.5], [27844.5, 16252.5], [27840.0, 16248.0], [27840.0, 16242.0], [27841.5, 16240.5], [27841.5, 16239.0], [27844.5, 16236.0], [27856.5, 16236.0], [27859.5, 16233.0], [27859.5, 16231.5], [27861.0, 16230.0], [27861.0, 16225.5], [27859.5, 16224.0], [27859.5, 16221.0], [27858.0, 16219.5], [27858.0, 16218.0], [27847.5, 16207.5], [27847.5, 16206.0], [27844.5, 16203.0], [27844.5, 16201.5], [27843.0, 16200.0], [27841.5, 16200.0], [27840.0, 16198.5], [27834.0, 16198.5], [27832.5, 16197.0], [27831.0, 16197.0], [27829.5, 16195.5], [27829.5, 16194.0], [27828.0, 16192.5], [27828.0, 16186.5], [27826.5, 16185.0], [27826.5, 16179.0], [27825.0, 16177.5], [27825.0, 16176.0], [27817.5, 16168.5], [27814.5, 16168.5], [27813.0, 16167.0], [27804.0, 16167.0], [27802.5, 16168.5], [27801.0, 16168.5], [27798.0, 16171.5], [27798.0, 16176.0], [27799.5, 16177.5], [27799.5, 16179.0], [27801.0, 16180.5], [27801.0, 16182.0], [27802.5, 16183.5], [27802.5, 16185.0], [27798.0, 16189.5], [27796.5, 16189.5], [27795.0, 16191.0], [27792.0, 16191.0], [27790.5, 16189.5], [27787.5, 16189.5], [27786.0, 16188.0], [27784.5, 16188.0], [27780.0, 16183.5], [27778.5, 16183.5], [27777.0, 16182.0], [27775.5, 16182.0], [27774.0, 16180.5], [27762.0, 16180.5], [27759.0, 16177.5], [27759.0, 16176.0], [27753.0, 16170.0], [27751.5, 16170.0], [27750.0, 16168.5], [27748.5, 16168.5], [27747.0, 16167.0], [27742.5, 16167.0], [27741.0, 16165.5], [27738.0, 16165.5], [27736.5, 16164.0], [27735.0, 16164.0], [27732.0, 16161.0], [27730.5, 16161.0], [27727.5, 16158.0], [27726.0, 16158.0], [27721.5, 16153.5], [27721.5, 16150.5], [27723.0, 16149.0], [27724.5, 16149.0], [27726.0, 16147.5], [27727.5, 16147.5], [27729.0, 16146.0], [27730.5, 16146.0], [27738.0, 16138.5], [27738.0, 16137.0], [27739.5, 16135.5], [27739.5, 16134.0], [27741.0, 16132.5], [27741.0, 16128.0], [27742.5, 16126.5], [27777.0, 16126.5], [27777.0, 16122.0], [27775.5, 16120.5], [27775.5, 16119.0], [27774.0, 16119.0], [27772.5, 16117.5], [27771.0, 16117.5], [27768.0, 16114.5], [27768.0, 16113.0], [27772.5, 16108.5], [27774.0, 16108.5], [27775.5, 16107.0], [27778.5, 16107.0], [27780.0, 16105.5], [27783.0, 16105.5], [27784.5, 16104.0], [27786.0, 16104.0], [27783.0, 16101.0], [27783.0, 16099.5], [27781.5, 16098.0], [27781.5, 16093.5], [27783.0, 16092.0], [27783.0, 16083.0], [27781.5, 16081.5], [27781.5, 16080.0], [27780.0, 16078.5], [27780.0, 16077.0], [27778.5, 16075.5], [27778.5, 16074.0], [27777.0, 16072.5], [27777.0, 16071.0], [27775.5, 16069.5], [27775.5, 16068.0], [27774.0, 16066.5], [27774.0, 16063.5], [27769.5, 16059.0], [27768.0, 16059.0], [27766.5, 16057.5], [27762.0, 16057.5], [27760.5, 16056.0], [27759.0, 16056.0], [27756.0, 16053.0], [27756.0, 16051.5], [27754.5, 16051.5], [27753.0, 16050.0], [27748.5, 16050.0], [27747.0, 16048.5], [27745.5, 16050.0], [27741.0, 16050.0], [27739.5, 16051.5], [27736.5, 16051.5], [27735.0, 16053.0], [27732.0, 16053.0], [27730.5, 16054.5], [27721.5, 16054.5], [27720.0, 16053.0], [27718.5, 16053.0], [27717.0, 16051.5], [27714.0, 16051.5], [27712.5, 16050.0], [27711.0, 16050.0], [27709.5, 16048.5], [27705.0, 16048.5], [27703.5, 16047.0], [27697.5, 16047.0], [27696.0, 16048.5]]]}}, {"type": "Feature", "properties": {"class_id": 6, "classification": "OOF", "area": 776.25}, "geometry": {"type": "Polygon", "coordinates": [[[9325.5, 15949.5], [9325.5, 15963.0], [9324.0, 15964.5], [9324.0, 15967.5], [9322.5, 15969.0], [9322.5, 15970.5], [9321.0, 15972.0], [9321.0, 15981.0], [9322.5, 15982.5], [9322.5, 15985.5], [9321.0, 15987.0], [9321.0, 15988.5], [9318.0, 15991.5], [9318.0, 15993.0], [9316.5, 15994.5], [9316.5, 16002.0], [9318.0, 16003.5], [9318.0, 16005.0], [9321.0, 16008.0], [9322.5, 16008.0], [9324.0, 16009.5], [9325.5, 16009.5], [9327.0, 16011.0], [9331.5, 16011.0], [9336.0, 16006.5], [9336.0, 16003.5], [9337.5, 16002.0], [9337.5, 15982.5], [9336.0, 15981.0], [9336.0, 15976.5], [9334.5, 15975.0], [9334.5, 15972.0], [9333.0, 15970.5], [9333.0, 15969.0], [9330.0, 15966.0], [9330.0, 15952.5], [9327.0, 15949.5], [9325.5, 15949.5]]]}}, {"type": "Feature", "properties": {"class_id": 6, "classification": "OOF", "area": 131.625}, "geometry": {"type": "Polygon", "coordinates": [[[28411.5, 15739.5], [28410.0, 15741.0], [28408.5, 15741.0], [28407.0, 15742.5], [28404.0, 15742.5], [28402.5, 15744.0], [28402.5, 15748.5], [28404.0, 15750.0], [28405.5, 15750.0], [28408.5, 15753.0], [28410.0, 15753.0], [28411.5, 15754.5], [28414.5, 15754.5], [28414.5, 15739.5], [28411.5, 15739.5]]]}}, {"type": "Feature", "properties": {"class_id": 6, "classification": "OOF", "area": 103160.25}, "geometry": {"type": "Polygon", "coordinates": [[[28207.5, 15640.5], [28206.0, 15642.0], [28204.5, 15642.0], [28200.0, 15646.5], [28198.5, 15646.5], [28197.0, 15648.0], [28195.5, 15648.0], [28189.5, 15654.0], [28189.5, 15655.5], [28182.0, 15663.0], [28180.5, 15663.0], [28174.5, 15669.0], [28174.5, 15682.5], [28173.0, 15684.0], [28173.0, 15685.5], [28171.5, 15687.0], [28171.5, 15688.5], [28170.0, 15690.0], [28170.0, 15691.5], [28168.5, 15693.0], [28168.5, 15696.0], [28167.0, 15697.5], [28167.0, 15700.5], [28165.5, 15702.0], [28165.5, 15705.0], [28164.0, 15706.5], [28164.0, 15709.5], [28165.5, 15711.0], [28165.5, 15733.5], [28167.0, 15735.0], [28167.0, 15739.5], [28168.5, 15741.0], [28168.5, 15751.5], [28170.0, 15753.0], [28170.0, 15754.5], [28171.5, 15756.0], [28171.5, 15760.5], [28170.0, 15762.0], [28170.0, 15763.5], [28168.5, 15765.0], [28168.5, 15768.0], [28165.5, 15771.0], [28165.5, 15774.0], [28164.0, 15775.5], [28164.0, 15784.5], [28165.5, 15786.0], [28165.5, 15789.0], [28167.0, 15790.5], [28167.0, 15793.5], [28168.5, 15795.0], [28168.5, 15801.0], [28170.0, 15802.5], [28170.0, 15808.5], [28171.5, 15810.0], [28171.5, 15816.0], [28170.0, 15817.5], [28170.0, 15820.5], [28168.5, 15822.0], [28168.5, 15831.0], [28170.0, 15832.5], [28170.0, 15834.0], [28168.5, 15835.5], [28168.5, 15856.5], [28167.0, 15858.0], [28167.0, 15868.5], [28165.5, 15870.0], [28165.5, 15874.5], [28164.0, 15876.0], [28164.0, 15883.5], [28165.5, 15885.0], [28165.5, 15886.5], [28167.0, 15888.0], [28167.0, 15889.5], [28168.5, 15891.0], [28168.5, 15930.0], [28167.0, 15931.5], [28167.0, 15945.0], [28168.5, 15946.5], [28167.0, 15948.0], [28167.0, 15951.0], [28165.5, 15952.5], [28165.5, 15955.5], [28164.0, 15957.0], [28164.0, 15958.5], [28162.5, 15960.0], [28162.5, 15973.5], [28164.0, 15975.0], [28164.0, 15991.5], [28165.5, 15993.0], [28165.5, 15997.5], [28167.0, 15999.0], [28167.0, 16002.0], [28168.5, 16003.5], [28168.5, 16008.0], [28167.0, 16009.5], [28167.0, 16011.0], [28165.5, 16012.5], [28165.5, 16021.5], [28167.0, 16023.0], [28167.0, 16024.5], [28168.5, 16026.0], [28168.5, 16035.0], [28167.0, 16036.5], [28167.0, 16042.5], [28165.5, 16044.0], [28165.5, 16062.0], [28162.5, 16065.0], [28162.5, 16066.5], [28161.0, 16068.0], [28161.0, 16071.0], [28159.5, 16072.5], [28159.5, 16078.5], [28161.0, 16080.0], [28161.0, 16083.0], [28162.5, 16084.5], [28162.5, 16087.5], [28164.0, 16089.0], [28164.0, 16090.5], [28165.5, 16092.0], [28165.5, 16093.5], [28168.5, 16096.5], [28168.5, 16098.0], [28171.5, 16101.0], [28171.5, 16104.0], [28173.0, 16105.5], [28173.0, 16113.0], [28171.5, 16114.5], [28171.5, 16126.5], [28270.5, 16126.5], [28273.5, 16123.5], [28273.5, 16120.5], [28275.0, 16119.0], [28275.0, 16117.5], [28278.0, 16114.5], [28278.0, 16113.0], [28279.5, 16111.5], [28279.5, 16105.5], [28282.5, 16102.5], [28296.0, 16102.5], [28299.0, 16099.5], [28300.5, 16099.5], [28302.0, 16098.0], [28303.5, 16098.0], [28314.0, 16087.5], [28315.5, 16087.5], [28317.0, 16086.0], [28317.0, 16084.5], [28318.5, 16083.0], [28324.5, 16083.0], [28327.5, 16080.0], [28327.5, 16078.5], [28329.0, 16077.0], [28330.5, 16077.0], [28330.5, 16075.5], [28333.5, 16072.5], [28333.5, 16071.0], [28335.0, 16069.5], [28335.0, 16066.5], [28336.5, 16065.0], [28336.5, 16063.5], [28338.0, 16062.0], [28338.0, 16059.0], [28341.0, 16056.0], [28341.0, 16054.5], [28351.5, 16044.0], [28353.0, 16044.0], [28354.5, 16042.5], [28357.5, 16042.5], [28362.0, 16038.0], [28363.5, 16038.0], [28363.5, 16036.5], [28377.0, 16023.0], [28378.5, 16023.0], [28383.0, 16018.5], [28384.5, 16018.5], [28386.0, 16017.0], [28387.5, 16017.0], [28392.0, 16012.5], [28392.0, 16009.5], [28393.5, 16008.0], [28396.5, 16008.0], [28396.5, 16006.5], [28398.0, 16005.0], [28399.5, 16005.0], [28401.0, 16003.5], [28402.5, 16003.5], [28404.0, 16002.0], [28405.5, 16002.0], [28408.5, 15999.0], [28410.0, 15999.0], [28413.0, 15996.0], [28414.5, 15996.0], [28414.5, 15780.0], [28410.0, 15780.0], [28408.5, 15781.5], [28401.0, 15781.5], [28398.0, 15778.5], [28398.0, 15777.0], [28396.5, 15775.5], [28396.5, 15774.0], [28395.0, 15772.5], [28395.0, 15763.5], [28396.5, 15762.0], [28396.5, 15760.5], [28395.0, 15759.0], [28395.0, 15756.0], [28386.0, 15747.0], [28386.0, 15744.0], [28392.0, 15738.0], [28398.0, 15738.0], [28399.5, 15736.5], [28402.5, 15736.5], [28404.0, 15735.0], [28405.5, 15735.0], [28410.0, 15730.5], [28411.5, 15730.5], [28414.5, 15727.5], [28414.5, 15693.0], [28411.5, 15693.0], [28410.0, 15694.5], [28408.5, 15694.5], [28402.5, 15700.5], [28399.5, 15700.5], [28398.0, 15702.0], [28395.0, 15702.0], [28393.5, 15700.5], [28392.0, 15700.5], [28381.5, 15690.0], [28380.0, 15690.0], [28378.5, 15688.5], [28374.0, 15688.5], [28372.5, 15690.0], [28363.5, 15690.0], [28362.0, 15688.5], [28360.5, 15688.5], [28357.5, 15685.5], [28354.5, 15685.5], [28353.0, 15684.0], [28350.0, 15684.0], [28348.5, 15682.5], [28347.0, 15682.5], [28344.0, 15679.5], [28344.0, 15678.0], [28342.5, 15676.5], [28342.5, 15675.0], [28338.0, 15670.5], [28336.5, 15670.5], [28333.5, 15667.5], [28330.5, 15667.5], [28329.0, 15666.0], [28324.5, 15666.0], [28323.0, 15664.5], [28321.5, 15666.0], [28318.5, 15666.0], [28317.0, 15664.5], [28315.5, 15664.5], [28314.0, 15663.0], [28312.5, 15663.0], [28308.0, 15658.5], [28306.5, 15658.5], [28305.0, 15657.0], [28285.5, 15657.0], [28284.0, 15655.5], [28282.5, 15655.5], [28281.0, 15654.0], [28279.5, 15654.0], [28278.0, 15652.5], [28270.5, 15652.5], [28269.0, 15651.0], [28266.0, 15651.0], [28264.5, 15649.5], [28260.0, 15649.5], [28260.0, 15658.5], [28257.0, 15661.5], [28252.5, 15661.5], [28251.0, 15660.0], [28249.5, 15660.0], [28248.0, 15658.5], [28248.0, 15652.5], [28249.5, 15651.0], [28251.0, 15651.0], [28255.5, 15646.5], [28255.5, 15643.5], [28252.5, 15640.5], [28248.0, 15640.5], [28246.5, 15642.0], [28243.5, 15642.0], [28242.0, 15643.5], [28240.5, 15643.5], [28239.0, 15642.0], [28225.5, 15642.0], [28224.0, 15640.5], [28207.5, 15640.5]]]}}, {"type": "Feature", "properties": {"class_id": 6, "classification": "OOF", "area": 37.125}, "geometry": {"type": "Polygon", "coordinates": [[[28411.5, 14064.0], [28408.5, 14067.0], [28408.5, 14068.5], [28410.0, 14070.0], [28410.0, 14071.5], [28414.5, 14071.5], [28414.5, 14064.0], [28411.5, 14064.0]]]}}, {"type": "Feature", "properties": {"class_id": 6, "classification": "OOF", "area": 817.875}, "geometry": {"type": "Polygon", "coordinates": [[[16110.0, 12982.5], [16108.5, 12984.0], [16105.5, 12984.0], [16104.0, 12985.5], [16102.5, 12985.5], [16102.5, 12987.0], [16101.0, 12988.5], [16101.0, 12990.0], [16099.5, 12991.5], [16099.5, 13006.5], [16108.5, 13015.5], [16110.0, 13015.5], [16111.5, 13017.0], [16120.5, 13017.0], [16122.0, 13015.5], [16125.0, 13015.5], [16126.5, 13014.0], [16126.5, 12985.5], [16125.0, 12984.0], [16119.0, 12984.0], [16117.5, 12982.5], [16110.0, 12982.5]]]}}, {"type": "Feature", "properties": {"class_id": 6, "classification": "OOF", "area": 114.75}, "geometry": {"type": "Polygon", "coordinates": [[[28113.0, 9081.0], [28111.5, 9082.5], [28111.5, 9085.5], [28116.0, 9090.0], [28117.5, 9090.0], [28120.5, 9093.0], [28123.5, 9093.0], [28125.0, 9091.5], [28125.0, 9085.5], [28122.0, 9082.5], [28120.5, 9082.5], [28119.0, 9081.0], [28113.0, 9081.0]]]}}, {"type": "Feature", "properties": {"class_id": 6, "classification": "OOF", "area": 104.625}, "geometry": {"type": "Polygon", "coordinates": [[[27985.5, 8659.5], [27984.0, 8661.0], [27982.5, 8661.0], [27979.5, 8664.0], [27979.5, 8668.5], [27982.5, 8671.5], [27987.0, 8671.5], [27991.5, 8667.0], [27991.5, 8664.0], [27988.5, 8661.0], [27987.0, 8661.0], [27985.5, 8659.5]]]}}, {"type": "Feature", "properties": {"class_id": 6, "classification": "OOF", "area": 227.25}, "geometry": {"type": "Polygon", "coordinates": [[[28032.0, 8607.0], [28029.0, 8610.0], [28027.5, 8610.0], [28026.0, 8611.5], [28026.0, 8613.0], [28023.0, 8616.0], [28023.0, 8628.0], [28024.5, 8629.5], [28026.0, 8629.5], [28027.5, 8628.0], [28027.5, 8626.5], [28033.5, 8620.5], [28035.0, 8620.5], [28036.5, 8619.0], [28036.5, 8617.5], [28039.5, 8614.5], [28039.5, 8610.0], [28041.0, 8608.5], [28039.5, 8608.5], [28038.0, 8607.0], [28032.0, 8607.0]]]}}, {"type": "Feature", "properties": {"class_id": 6, "classification": "OOF", "area": 9.0}, "geometry": {"type": "Polygon", "coordinates": [[[22674.0, 8448.0], [22674.0, 8449.5], [22675.5, 8451.0], [22677.0, 8451.0], [22677.0, 8449.5], [22678.5, 8448.0], [22674.0, 8448.0]]]}}, {"type": "Feature", "properties": {"class_id": 6, "classification": "OOF", "area": 83.25}, "geometry": {"type": "Polygon", "coordinates": [[[17449.5, 7155.0], [17448.0, 7156.5], [17448.0, 7158.0], [17446.5, 7159.5], [17446.5, 7161.0], [17445.0, 7162.5], [17445.0, 7165.5], [17443.5, 7167.0], [17443.5, 7173.0], [17445.0, 7173.0], [17449.5, 7168.5], [17449.5, 7167.0], [17451.0, 7165.5], [17451.0, 7159.5], [17452.5, 7158.0], [17451.0, 7156.5], [17451.0, 7155.0], [17449.5, 7155.0]]]}}, {"type": "Feature", "properties": {"class_id": 6, "classification": "OOF", "area": 117.0}, "geometry": {"type": "Polygon", "coordinates": [[[17484.0, 7093.5], [17482.5, 7095.0], [17481.0, 7095.0], [17470.5, 7105.5], [17470.5, 7110.0], [17472.0, 7108.5], [17473.5, 7108.5], [17476.5, 7105.5], [17478.0, 7105.5], [17479.5, 7104.0], [17481.0, 7104.0], [17482.5, 7102.5], [17485.5, 7102.5], [17487.0, 7101.0], [17487.0, 7093.5], [17484.0, 7093.5]]]}}, {"type": "Feature", "properties": {"class_id": 6, "classification": "OOF", "area": 23.625}, "geometry": {"type": "Polygon", "coordinates": [[[17508.0, 7075.5], [17506.5, 7077.0], [17505.0, 7077.0], [17500.5, 7081.5], [17502.0, 7081.5], [17503.5, 7083.0], [17505.0, 7083.0], [17506.5, 7081.5], [17506.5, 7078.5], [17508.0, 7077.0], [17508.0, 7075.5]]]}}, {"type": "Feature", "properties": {"class_id": 6, "classification": "OOF", "area": 25.875}, "geometry": {"type": "Polygon", "coordinates": [[[13777.5, 6921.0], [13777.5, 6927.0], [13782.0, 6927.0], [13782.0, 6922.5], [13780.5, 6921.0], [13777.5, 6921.0]]]}}, {"type": "Feature", "properties": {"class_id": 6, "classification": "OOF", "area": 14.625}, "geometry": {"type": "Polygon", "coordinates": [[[17884.5, 6798.0], [17883.0, 6798.0], [17878.5, 6802.5], [17880.0, 6802.5], [17881.5, 6801.0], [17883.0, 6801.0], [17887.5, 6796.5], [17887.5, 6795.0], [17884.5, 6798.0]]]}}, {"type": "Feature", "properties": {"class_id": 6, "classification": "OOF", "area": 27.0}, "geometry": {"type": "Polygon", "coordinates": [[[17925.0, 6775.5], [17920.5, 6780.0], [17926.5, 6780.0], [17931.0, 6775.5], [17925.0, 6775.5]]]}}, {"type": "Feature", "properties": {"class_id": 6, "classification": "OOF", "area": 159.75}, "geometry": {"type": "Polygon", "coordinates": [[[16896.0, 6379.5], [16896.0, 6391.5], [16899.0, 6391.5], [16900.5, 6390.0], [16903.5, 6390.0], [16905.0, 6388.5], [16908.0, 6388.5], [16909.5, 6387.0], [16912.5, 6387.0], [16914.0, 6385.5], [16915.5, 6385.5], [16917.0, 6384.0], [16914.0, 6381.0], [16902.0, 6381.0], [16900.5, 6379.5], [16896.0, 6379.5]]]}}, {"type": "Feature", "properties": {"class_id": 6, "classification": "OOF", "area": 6.75}, "geometry": {"type": "Polygon", "coordinates": [[[16998.0, 6363.0], [17001.0, 6363.0], [17002.5, 6361.5], [16999.5, 6361.5], [16998.0, 6363.0]]]}}, {"type": "Feature", "properties": {"class_id": 6, "classification": "OOF", "area": 1334.25}, "geometry": {"type": "Polygon", "coordinates": [[[17536.5, 6358.5], [17535.0, 6360.0], [17532.0, 6360.0], [17530.5, 6361.5], [17529.0, 6361.5], [17527.5, 6363.0], [17526.0, 6363.0], [17523.0, 6366.0], [17521.5, 6366.0], [17518.5, 6369.0], [17517.0, 6369.0], [17515.5, 6370.5], [17508.0, 6370.5], [17506.5, 6372.0], [17499.0, 6372.0], [17497.5, 6373.5], [17493.0, 6373.5], [17491.5, 6375.0], [17490.0, 6375.0], [17488.5, 6376.5], [17482.5, 6376.5], [17481.0, 6378.0], [17478.0, 6378.0], [17476.5, 6379.5], [17473.5, 6379.5], [17472.0, 6381.0], [17470.5, 6381.0], [17466.0, 6385.5], [17464.5, 6385.5], [17463.0, 6387.0], [17460.0, 6387.0], [17458.5, 6388.5], [17457.0, 6388.5], [17454.0, 6391.5], [17452.5, 6391.5], [17449.5, 6394.5], [17440.5, 6394.5], [17439.0, 6396.0], [17437.5, 6396.0], [17436.0, 6397.5], [17434.5, 6397.5], [17433.0, 6399.0], [17431.5, 6399.0], [17428.5, 6402.0], [17427.0, 6402.0], [17425.5, 6403.5], [17422.5, 6403.5], [17421.0, 6405.0], [17419.5, 6405.0], [17418.0, 6406.5], [17412.0, 6406.5], [17410.5, 6408.0], [17409.0, 6408.0], [17407.5, 6409.5], [17406.0, 6409.5], [17404.5, 6411.0], [17400.0, 6411.0], [17398.5, 6412.5], [17362.5, 6412.5], [17361.0, 6411.0], [17355.0, 6411.0], [17353.5, 6409.5], [17346.0, 6409.5], [17344.5, 6408.0], [17343.0, 6408.0], [17341.5, 6409.5], [17337.0, 6409.5], [17335.5, 6411.0], [17335.5, 6412.5], [17337.0, 6412.5], [17338.5, 6414.0], [17340.0, 6414.0], [17341.5, 6415.5], [17343.0, 6415.5], [17346.0, 6418.5], [17356.5, 6418.5], [17358.0, 6417.0], [17370.0, 6417.0], [17371.5, 6415.5], [17376.0, 6415.5], [17377.5, 6417.0], [17383.5, 6417.0], [17385.0, 6418.5], [17386.5, 6418.5], [17388.0, 6420.0], [17403.0, 6420.0], [17404.5, 6418.5], [17406.0, 6418.5], [17407.5, 6417.0], [17410.5, 6417.0], [17412.0, 6415.5], [17413.5, 6415.5], [17415.0, 6414.0], [17416.5, 6414.0], [17418.0, 6412.5], [17422.5, 6412.5], [17424.0, 6411.0], [17427.0, 6411.0], [17428.5, 6409.5], [17430.0, 6409.5], [17431.5, 6408.0], [17433.0, 6408.0], [17434.5, 6406.5], [17436.0, 6406.5], [17437.5, 6405.0], [17440.5, 6405.0], [17443.5, 6402.0], [17445.0, 6402.0], [17446.5, 6400.5], [17448.0, 6400.5], [17451.0, 6397.5], [17452.5, 6397.5], [17455.5, 6394.5], [17457.0, 6394.5], [17460.0, 6391.5], [17461.5, 6391.5], [17463.0, 6390.0], [17464.5, 6390.0], [17466.0, 6388.5], [17467.5, 6388.5], [17469.0, 6387.0], [17470.5, 6387.0], [17472.0, 6385.5], [17475.0, 6385.5], [17476.5, 6384.0], [17485.5, 6384.0], [17487.0, 6382.5], [17490.0, 6382.5], [17491.5, 6381.0], [17500.5, 6381.0], [17502.0, 6379.5], [17505.0, 6379.5], [17506.5, 6378.0], [17509.5, 6378.0], [17511.0, 6376.5], [17512.5, 6376.5], [17515.5, 6373.5], [17517.0, 6373.5], [17518.5, 6372.0], [17520.0, 6372.0], [17521.5, 6370.5], [17524.5, 6370.5], [17526.0, 6369.0], [17527.5, 6369.0], [17529.0, 6367.5], [17532.0, 6367.5], [17533.5, 6366.0], [17535.0, 6366.0], [17536.5, 6364.5], [17539.5, 6364.5], [17542.5, 6361.5], [17542.5, 6360.0], [17541.0, 6358.5], [17536.5, 6358.5]]]}}, {"type": "Feature", "properties": {"class_id": 6, "classification": "OOF", "area": 48.375}, "geometry": {"type": "Polygon", "coordinates": [[[17107.5, 6352.5], [17109.0, 6354.0], [17112.0, 6354.0], [17113.5, 6352.5], [17115.0, 6352.5], [17113.5, 6351.0], [17101.5, 6351.0], [17103.0, 6352.5], [17107.5, 6352.5]]]}}, {"type": "Feature", "properties": {"class_id": 6, "classification": "OOF", "area": 4.5}, "geometry": {"type": "Polygon", "coordinates": [[[16128.0, 6189.0], [16128.0, 6190.5], [16131.0, 6190.5], [16131.0, 6189.0], [16128.0, 6189.0]]]}}, {"type": "Feature", "properties": {"class_id": 6, "classification": "OOF", "area": 20.25}, "geometry": {"type": "Polygon", "coordinates": [[[26431.5, 6144.0], [26431.5, 6147.0], [26433.0, 6147.0], [26434.5, 6148.5], [26437.5, 6148.5], [26437.5, 6147.0], [26436.0, 6145.5], [26436.0, 6144.0], [26431.5, 6144.0]]]}}, {"type": "Feature", "properties": {"class_id": 6, "classification": "OOF", "area": 175.5}, "geometry": {"type": "Polygon", "coordinates": [[[9105.0, 5976.0], [9103.5, 5977.5], [9103.5, 5983.5], [9105.0, 5983.5], [9109.5, 5988.0], [9117.0, 5988.0], [9121.5, 5983.5], [9121.5, 5980.5], [9118.5, 5977.5], [9117.0, 5977.5], [9115.5, 5976.0], [9105.0, 5976.0]]]}}, {"type": "Feature", "properties": {"class_id": 6, "classification": "OOF", "area": 385.875}, "geometry": {"type": "Polygon", "coordinates": [[[9139.5, 5965.5], [9138.0, 5967.0], [9136.5, 5967.0], [9132.0, 5971.5], [9132.0, 5973.0], [9130.5, 5974.5], [9130.5, 5976.0], [9127.5, 5979.0], [9130.5, 5982.0], [9130.5, 5983.5], [9136.5, 5989.5], [9138.0, 5989.5], [9139.5, 5991.0], [9142.5, 5991.0], [9147.0, 5986.5], [9147.0, 5980.5], [9148.5, 5979.0], [9148.5, 5976.0], [9150.0, 5974.5], [9150.0, 5968.5], [9148.5, 5967.0], [9147.0, 5967.0], [9145.5, 5965.5], [9139.5, 5965.5]]]}}, {"type": "Feature", "properties": {"class_id": 6, "classification": "OOF", "area": 499.5}, "geometry": {"type": "Polygon", "coordinates": [[[9066.0, 5956.5], [9064.5, 5958.0], [9054.0, 5958.0], [9049.5, 5962.5], [9049.5, 5964.0], [9048.0, 5965.5], [9048.0, 5968.5], [9049.5, 5968.5], [9051.0, 5970.0], [9057.0, 5970.0], [9058.5, 5968.5], [9061.5, 5968.5], [9063.0, 5970.0], [9064.5, 5970.0], [9066.0, 5971.5], [9066.0, 5973.0], [9067.5, 5973.0], [9069.0, 5974.5], [9070.5, 5974.5], [9072.0, 5976.0], [9081.0, 5976.0], [9085.5, 5971.5], [9085.5, 5967.0], [9084.0, 5965.5], [9084.0, 5964.0], [9079.5, 5959.5], [9078.0, 5959.5], [9075.0, 5956.5], [9066.0, 5956.5]]]}}, {"type": "Feature", "properties": {"class_id": 6, "classification": "OOF", "area": 504.0}, "geometry": {"type": "Polygon", "coordinates": [[[8971.5, 5899.5], [8970.0, 5901.0], [8967.0, 5901.0], [8964.0, 5904.0], [8962.5, 5904.0], [8961.0, 5905.5], [8961.0, 5907.0], [8959.5, 5908.5], [8959.5, 5914.5], [8961.0, 5916.0], [8961.0, 5919.0], [8962.5, 5920.5], [8962.5, 5923.5], [8964.0, 5925.0], [8964.0, 5926.5], [8967.0, 5929.5], [8968.5, 5929.5], [8970.0, 5931.0], [8971.5, 5931.0], [8973.0, 5932.5], [8974.5, 5932.5], [8977.5, 5929.5], [8977.5, 5928.0], [8979.0, 5926.5], [8979.0, 5923.5], [8980.5, 5922.0], [8980.5, 5913.0], [8979.0, 5911.5], [8979.0, 5907.0], [8977.5, 5905.5], [8977.5, 5904.0], [8976.0, 5902.5], [8976.0, 5901.0], [8974.5, 5901.0], [8973.0, 5899.5], [8971.5, 5899.5]]]}}, {"type": "Feature", "properties": {"class_id": 6, "classification": "OOF", "area": 19.125}, "geometry": {"type": "Polygon", "coordinates": [[[13008.0, 5118.0], [13009.5, 5119.5], [13009.5, 5121.0], [13011.0, 5121.0], [13011.0, 5116.5], [13009.5, 5116.5], [13008.0, 5115.0], [13006.5, 5115.0], [13008.0, 5116.5], [13008.0, 5118.0]]]}}, {"type": "Feature", "properties": {"class_id": 6, "classification": "OOF", "area": 5.625}, "geometry": {"type": "Polygon", "coordinates": [[[13054.5, 5082.0], [13051.5, 5082.0], [13054.5, 5085.0], [13054.5, 5082.0]]]}}, {"type": "Feature", "properties": {"class_id": 6, "classification": "OOF", "area": 266.625}, "geometry": {"type": "Polygon", "coordinates": [[[11401.5, 3819.0], [11398.5, 3822.0], [11397.0, 3822.0], [11395.5, 3823.5], [11395.5, 3825.0], [11392.5, 3828.0], [11392.5, 3835.5], [11391.0, 3837.0], [11391.0, 3838.5], [11403.0, 3838.5], [11403.0, 3837.0], [11410.5, 3829.5], [11410.5, 3828.0], [11412.0, 3826.5], [11412.0, 3825.0], [11410.5, 3823.5], [11409.0, 3823.5], [11406.0, 3820.5], [11406.0, 3819.0], [11401.5, 3819.0]]]}}, {"type": "Feature", "properties": {"class_id": 6, "classification": "OOF", "area": 2.25}, "geometry": {"type": "Polygon", "coordinates": [[[11451.0, 3792.0], [11452.5, 3792.0], [11451.0, 3790.5], [11449.5, 3790.5], [11451.0, 3792.0]]]}}, {"type": "Feature", "properties": {"class_id": 6, "classification": "OOF", "area": 252.0}, "geometry": {"type": "Polygon", "coordinates": [[[11305.5, 3583.5], [11304.0, 3585.0], [11302.5, 3585.0], [11301.0, 3586.5], [11299.5, 3586.5], [11292.0, 3594.0], [11292.0, 3597.0], [11293.5, 3597.0], [11296.5, 3600.0], [11296.5, 3604.5], [11299.5, 3607.5], [11299.5, 3609.0], [11301.0, 3610.5], [11302.5, 3609.0], [11302.5, 3607.5], [11304.0, 3606.0], [11304.0, 3604.5], [11305.5, 3603.0], [11305.5, 3597.0], [11307.0, 3595.5], [11307.0, 3589.5], [11313.0, 3583.5], [11305.5, 3583.5]]]}}, {"type": "Feature", "properties": {"class_id": 6, "classification": "OOF", "area": 376.875}, "geometry": {"type": "Polygon", "coordinates": [[[12171.0, 3537.0], [12169.5, 3538.5], [12166.5, 3538.5], [12165.0, 3540.0], [12163.5, 3540.0], [12160.5, 3543.0], [12160.5, 3544.5], [12157.5, 3547.5], [12157.5, 3549.0], [12156.0, 3550.5], [12156.0, 3552.0], [12154.5, 3553.5], [12154.5, 3555.0], [12153.0, 3556.5], [12153.0, 3559.5], [12154.5, 3561.0], [12154.5, 3562.5], [12157.5, 3565.5], [12159.0, 3565.5], [12160.5, 3567.0], [12162.0, 3565.5], [12165.0, 3565.5], [12168.0, 3562.5], [12169.5, 3562.5], [12168.0, 3561.0], [12168.0, 3556.5], [12169.5, 3555.0], [12169.5, 3552.0], [12171.0, 3550.5], [12171.0, 3549.0], [12174.0, 3546.0], [12174.0, 3544.5], [12175.5, 3543.0], [12175.5, 3538.5], [12174.0, 3538.5], [12172.5, 3537.0], [12171.0, 3537.0]]]}}, {"type": "Feature", "properties": {"class_id": 6, "classification": "OOF", "area": 857.25}, "geometry": {"type": "Polygon", "coordinates": [[[19912.5, 3366.0], [19911.0, 3367.5], [19908.0, 3367.5], [19906.5, 3369.0], [19903.5, 3369.0], [19905.0, 3370.5], [19905.0, 3373.5], [19906.5, 3375.0], [19906.5, 3376.5], [19905.0, 3378.0], [19905.0, 3381.0], [19902.0, 3384.0], [19902.0, 3390.0], [19905.0, 3393.0], [19906.5, 3393.0], [19912.5, 3399.0], [19912.5, 3411.0], [19915.5, 3411.0], [19917.0, 3412.5], [19918.5, 3411.0], [19924.5, 3411.0], [19926.0, 3409.5], [19927.5, 3409.5], [19929.0, 3408.0], [19929.0, 3400.5], [19927.5, 3399.0], [19927.5, 3397.5], [19929.0, 3396.0], [19929.0, 3393.0], [19927.5, 3391.5], [19927.5, 3388.5], [19926.0, 3387.0], [19926.0, 3373.5], [19920.0, 3367.5], [19915.5, 3367.5], [19914.0, 3366.0], [19912.5, 3366.0]]]}}, {"type": "Feature", "properties": {"class_id": 6, "classification": "OOF", "area": 21.375}, "geometry": {"type": "Polygon", "coordinates": [[[19896.0, 3355.5], [19896.0, 3360.0], [19897.5, 3361.5], [19897.5, 3363.0], [19899.0, 3364.5], [19900.5, 3364.5], [19900.5, 3361.5], [19899.0, 3360.0], [19899.0, 3358.5], [19896.0, 3355.5]]]}}, {"type": "Feature", "properties": {"class_id": 6, "classification": "OOF", "area": 2631.375}, "geometry": {"type": "Polygon", "coordinates": [[[19867.5, 3346.5], [19864.5, 3349.5], [19864.5, 3351.0], [19863.0, 3352.5], [19863.0, 3354.0], [19855.5, 3361.5], [19855.5, 3373.5], [19854.0, 3375.0], [19854.0, 3376.5], [19852.5, 3378.0], [19852.5, 3381.0], [19851.0, 3382.5], [19851.0, 3387.0], [19849.5, 3388.5], [19849.5, 3393.0], [19851.0, 3394.5], [19851.0, 3397.5], [19852.5, 3399.0], [19852.5, 3405.0], [19854.0, 3406.5], [19854.0, 3409.5], [19855.5, 3411.0], [19855.5, 3412.5], [19857.0, 3414.0], [19858.5, 3414.0], [19861.5, 3417.0], [19864.5, 3417.0], [19866.0, 3418.5], [19867.5, 3418.5], [19870.5, 3421.5], [19872.0, 3421.5], [19875.0, 3424.5], [19878.0, 3424.5], [19879.5, 3426.0], [19882.5, 3426.0], [19884.0, 3424.5], [19887.0, 3424.5], [19888.5, 3423.0], [19891.5, 3423.0], [19897.5, 3417.0], [19897.5, 3415.5], [19899.0, 3414.0], [19899.0, 3409.5], [19897.5, 3408.0], [19897.5, 3406.5], [19893.0, 3402.0], [19893.0, 3400.5], [19891.5, 3399.0], [19891.5, 3397.5], [19890.0, 3396.0], [19890.0, 3379.5], [19891.5, 3378.0], [19891.5, 3375.0], [19893.0, 3373.5], [19893.0, 3372.0], [19891.5, 3370.5], [19891.5, 3367.5], [19888.5, 3364.5], [19887.0, 3364.5], [19882.5, 3360.0], [19882.5, 3357.0], [19881.0, 3355.5], [19881.0, 3349.5], [19878.0, 3346.5], [19867.5, 3346.5]]]}}, {"type": "Feature", "properties": {"class_id": 6, "classification": "OOF", "area": 156.375}, "geometry": {"type": "Polygon", "coordinates": [[[19882.5, 3316.5], [19881.0, 3318.0], [19878.0, 3318.0], [19875.0, 3321.0], [19875.0, 3327.0], [19878.0, 3330.0], [19881.0, 3330.0], [19882.5, 3331.5], [19885.5, 3331.5], [19888.5, 3328.5], [19888.5, 3322.5], [19887.0, 3321.0], [19887.0, 3319.5], [19884.0, 3316.5], [19882.5, 3316.5]]]}}, {"type": "Feature", "properties": {"class_id": 6, "classification": "OOF", "area": 13.5}, "geometry": {"type": "Polygon", "coordinates": [[[3126.0, 3028.5], [3123.0, 3028.5], [3121.5, 3030.0], [3127.5, 3030.0], [3130.5, 3027.0], [3127.5, 3027.0], [3126.0, 3028.5]]]}}, {"type": "Feature", "properties": {"class_id": 6, "classification": "OOF", "area": 244.125}, "geometry": {"type": "Polygon", "coordinates": [[[26293.5, 2203.5], [26292.0, 2205.0], [26292.0, 2206.5], [26290.5, 2208.0], [26290.5, 2212.5], [26289.0, 2214.0], [26289.0, 2223.0], [26292.0, 2226.0], [26299.5, 2226.0], [26301.0, 2224.5], [26302.5, 2224.5], [26304.0, 2223.0], [26304.0, 2217.0], [26302.5, 2215.5], [26302.5, 2214.0], [26299.5, 2211.0], [26299.5, 2209.5], [26296.5, 2206.5], [26296.5, 2205.0], [26295.0, 2203.5], [26293.5, 2203.5]]]}}, {"type": "Feature", "properties": {"class_id": 6, "classification": "OOF", "area": 555.75}, "geometry": {"type": "Polygon", "coordinates": [[[26248.5, 2179.5], [26247.0, 2181.0], [26242.5, 2181.0], [26241.0, 2182.5], [26238.0, 2182.5], [26236.5, 2184.0], [26235.0, 2184.0], [26233.5, 2185.5], [26232.0, 2185.5], [26230.5, 2187.0], [26232.0, 2187.0], [26233.5, 2188.5], [26259.0, 2188.5], [26260.5, 2190.0], [26274.0, 2190.0], [26275.5, 2191.5], [26280.0, 2191.5], [26281.5, 2193.0], [26283.0, 2193.0], [26286.0, 2190.0], [26286.0, 2184.0], [26283.0, 2181.0], [26281.5, 2181.0], [26280.0, 2179.5], [26274.0, 2179.5], [26272.5, 2178.0], [26271.0, 2178.0], [26269.5, 2176.5], [26253.0, 2176.5], [26250.0, 2179.5], [26248.5, 2179.5]]]}}, {"type": "Feature", "properties": {"class_id": 6, "classification": "OOF", "area": 102.375}, "geometry": {"type": "Polygon", "coordinates": [[[20482.5, 2104.5], [20481.0, 2106.0], [20481.0, 2110.5], [20479.5, 2112.0], [20479.5, 2118.0], [20484.0, 2118.0], [20487.0, 2115.0], [20487.0, 2113.5], [20490.0, 2110.5], [20491.5, 2110.5], [20491.5, 2109.0], [20490.0, 2107.5], [20488.5, 2107.5], [20485.5, 2104.5], [20482.5, 2104.5]]]}}, {"type": "Feature", "properties": {"class_id": 6, "classification": "OOF", "area": 24.75}, "geometry": {"type": "Polygon", "coordinates": [[[20503.5, 2103.0], [20503.5, 2106.0], [20506.5, 2103.0], [20508.0, 2103.0], [20512.5, 2098.5], [20508.0, 2098.5], [20503.5, 2103.0]]]}}, {"type": "Feature", "properties": {"class_id": 6, "classification": "OOF", "area": 193.5}, "geometry": {"type": "Polygon", "coordinates": [[[20568.0, 1983.0], [20565.0, 1986.0], [20565.0, 1987.5], [20563.5, 1989.0], [20563.5, 1990.5], [20560.5, 1993.5], [20559.0, 1993.5], [20554.5, 1998.0], [20554.5, 1999.5], [20553.0, 2001.0], [20553.0, 2004.0], [20556.0, 2004.0], [20557.5, 2005.5], [20562.0, 2005.5], [20566.5, 2010.0], [20568.0, 2010.0], [20569.5, 2008.5], [20572.5, 2008.5], [20572.5, 2007.0], [20569.5, 2004.0], [20569.5, 2002.5], [20568.0, 2004.0], [20566.5, 2004.0], [20563.5, 2001.0], [20563.5, 1999.5], [20565.0, 1998.0], [20565.0, 1996.5], [20563.5, 1995.0], [20563.5, 1993.5], [20566.5, 1990.5], [20566.5, 1989.0], [20569.5, 1986.0], [20571.0, 1986.0], [20572.5, 1984.5], [20574.0, 1984.5], [20574.0, 1983.0], [20568.0, 1983.0]]]}}, {"type": "Feature", "properties": {"class_id": 6, "classification": "OOF", "area": 133.875}, "geometry": {"type": "Polygon", "coordinates": [[[10282.5, 1896.0], [10281.0, 1897.5], [10279.5, 1897.5], [10279.5, 1899.0], [10278.0, 1900.5], [10279.5, 1902.0], [10279.5, 1905.0], [10281.0, 1906.5], [10281.0, 1908.0], [10282.5, 1909.5], [10284.0, 1909.5], [10285.5, 1911.0], [10287.0, 1911.0], [10290.0, 1908.0], [10290.0, 1899.0], [10288.5, 1897.5], [10288.5, 1896.0], [10282.5, 1896.0]]]}}, {"type": "Feature", "properties": {"class_id": 6, "classification": "OOF", "area": 2993.625}, "geometry": {"type": "Polygon", "coordinates": [[[5281.5, 1764.0], [5280.0, 1765.5], [5278.5, 1765.5], [5275.5, 1768.5], [5272.5, 1768.5], [5271.0, 1770.0], [5269.5, 1768.5], [5265.0, 1768.5], [5263.5, 1767.0], [5262.0, 1767.0], [5260.5, 1765.5], [5259.0, 1767.0], [5259.0, 1768.5], [5257.5, 1770.0], [5257.5, 1782.0], [5259.0, 1783.5], [5259.0, 1786.5], [5256.0, 1789.5], [5247.0, 1789.5], [5245.5, 1788.0], [5244.0, 1788.0], [5242.5, 1789.5], [5239.5, 1789.5], [5238.0, 1791.0], [5236.5, 1791.0], [5232.0, 1795.5], [5230.5, 1795.5], [5229.0, 1797.0], [5227.5, 1797.0], [5226.0, 1798.5], [5224.5, 1798.5], [5211.0, 1812.0], [5205.0, 1812.0], [5203.5, 1813.5], [5200.5, 1813.5], [5199.0, 1815.0], [5199.0, 1816.5], [5203.5, 1816.5], [5205.0, 1815.0], [5206.5, 1816.5], [5209.5, 1816.5], [5211.0, 1818.0], [5212.5, 1818.0], [5214.0, 1819.5], [5215.5, 1819.5], [5217.0, 1821.0], [5224.5, 1821.0], [5226.0, 1819.5], [5229.0, 1819.5], [5230.5, 1818.0], [5233.5, 1818.0], [5235.0, 1816.5], [5239.5, 1816.5], [5241.0, 1815.0], [5242.5, 1815.0], [5245.5, 1812.0], [5247.0, 1812.0], [5251.5, 1807.5], [5254.5, 1807.5], [5256.0, 1806.0], [5259.0, 1806.0], [5260.5, 1804.5], [5262.0, 1804.5], [5266.5, 1800.0], [5266.5, 1794.0], [5269.5, 1791.0], [5272.5, 1791.0], [5274.0, 1792.5], [5277.0, 1792.5], [5278.5, 1794.0], [5289.0, 1794.0], [5290.5, 1795.5], [5295.0, 1795.5], [5296.5, 1794.0], [5299.5, 1794.0], [5301.0, 1792.5], [5305.5, 1792.5], [5307.0, 1791.0], [5308.5, 1791.0], [5310.0, 1792.5], [5313.0, 1792.5], [5319.0, 1798.5], [5320.5, 1798.5], [5322.0, 1800.0], [5325.0, 1800.0], [5326.5, 1801.5], [5338.5, 1801.5], [5340.0, 1800.0], [5343.0, 1800.0], [5344.5, 1798.5], [5346.0, 1798.5], [5346.0, 1795.5], [5343.0, 1792.5], [5341.5, 1792.5], [5338.5, 1789.5], [5337.0, 1789.5], [5329.5, 1782.0], [5329.5, 1780.5], [5328.0, 1779.0], [5326.5, 1779.0], [5323.5, 1776.0], [5316.0, 1776.0], [5314.5, 1774.5], [5313.0, 1774.5], [5311.5, 1773.0], [5301.0, 1773.0], [5299.5, 1771.5], [5298.0, 1771.5], [5290.5, 1764.0], [5281.5, 1764.0]]]}}, {"type": "Feature", "properties": {"class_id": 6, "classification": "OOF", "area": 76.5}, "geometry": {"type": "Polygon", "coordinates": [[[5311.5, 1761.0], [5313.0, 1761.0], [5317.5, 1765.5], [5317.5, 1767.0], [5320.5, 1770.0], [5322.0, 1770.0], [5323.5, 1771.5], [5328.0, 1767.0], [5328.0, 1765.5], [5326.5, 1765.5], [5323.5, 1762.5], [5317.5, 1762.5], [5316.0, 1761.0], [5314.5, 1761.0], [5313.0, 1759.5], [5310.0, 1759.5], [5311.5, 1761.0]]]}}, {"type": "Feature", "properties": {"class_id": 6, "classification": "OOF", "area": 3.375}, "geometry": {"type": "Polygon", "coordinates": [[[5260.5, 1762.5], [5260.5, 1761.0], [5259.0, 1759.5], [5257.5, 1759.5], [5260.5, 1762.5]]]}}, {"type": "Feature", "properties": {"class_id": 6, "classification": "OOF", "area": 2.25}, "geometry": {"type": "Polygon", "coordinates": [[[20791.5, 1710.0], [20790.0, 1711.5], [20791.5, 1711.5], [20793.0, 1710.0], [20791.5, 1710.0]]]}}, {"type": "Feature", "properties": {"class_id": 6, "classification": "OOF", "area": 92.25}, "geometry": {"type": "Polygon", "coordinates": [[[25575.0, 1518.0], [25573.5, 1519.5], [25570.5, 1519.5], [25569.0, 1521.0], [25566.0, 1521.0], [25564.5, 1522.5], [25564.5, 1524.0], [25563.0, 1525.5], [25564.5, 1527.0], [25569.0, 1527.0], [25570.5, 1525.5], [25576.5, 1525.5], [25578.0, 1524.0], [25579.5, 1524.0], [25579.5, 1519.5], [25578.0, 1519.5], [25576.5, 1518.0], [25575.0, 1518.0]]]}}, {"type": "Feature", "properties": {"class_id": 6, "classification": "OOF", "area": 28.125}, "geometry": {"type": "Polygon", "coordinates": [[[25879.5, 1500.0], [25875.0, 1500.0], [25875.0, 1501.5], [25876.5, 1503.0], [25879.5, 1503.0], [25882.5, 1500.0], [25884.0, 1500.0], [25884.0, 1498.5], [25881.0, 1498.5], [25879.5, 1500.0]]]}}, {"type": "Feature", "properties": {"class_id": 6, "classification": "OOF", "area": 534.375}, "geometry": {"type": "Polygon", "coordinates": [[[8391.0, 1492.5], [8385.0, 1498.5], [8385.0, 1500.0], [8383.5, 1501.5], [8383.5, 1503.0], [8382.0, 1504.5], [8382.0, 1506.0], [8380.5, 1507.5], [8380.5, 1510.5], [8377.5, 1513.5], [8377.5, 1515.0], [8376.0, 1516.5], [8368.5, 1516.5], [8367.0, 1515.0], [8358.0, 1515.0], [8356.5, 1516.5], [8356.5, 1518.0], [8355.0, 1519.5], [8355.0, 1521.0], [8356.5, 1522.5], [8356.5, 1525.5], [8358.0, 1527.0], [8359.5, 1527.0], [8361.0, 1528.5], [8370.0, 1528.5], [8371.5, 1527.0], [8374.5, 1527.0], [8376.0, 1525.5], [8377.5, 1527.0], [8379.0, 1527.0], [8380.5, 1525.5], [8388.0, 1525.5], [8386.5, 1524.0], [8386.5, 1522.5], [8385.0, 1521.0], [8385.0, 1518.0], [8388.0, 1515.0], [8388.0, 1513.5], [8389.5, 1512.0], [8389.5, 1510.5], [8391.0, 1509.0], [8391.0, 1506.0], [8392.5, 1504.5], [8392.5, 1501.5], [8394.0, 1500.0], [8392.5, 1498.5], [8392.5, 1492.5], [8391.0, 1492.5]]]}}, {"type": "Feature", "properties": {"class_id": 6, "classification": "OOF", "area": 25.875}, "geometry": {"type": "Polygon", "coordinates": [[[11514.0, 1126.5], [11514.0, 1131.0], [11515.5, 1132.5], [11515.5, 1134.0], [11517.0, 1134.0], [11518.5, 1132.5], [11518.5, 1128.0], [11517.0, 1128.0], [11515.5, 1126.5], [11514.0, 1126.5]]]}}, {"type": "Feature", "properties": {"class_id": 6, "classification": "OOF", "area": 13.5}, "geometry": {"type": "Polygon", "coordinates": [[[21166.5, 1119.0], [21166.5, 1122.0], [21169.5, 1122.0], [21171.0, 1120.5], [21172.5, 1120.5], [21171.0, 1119.0], [21166.5, 1119.0]]]}}, {"type": "Feature", "properties": {"class_id": 6, "classification": "OOF", "area": 7.875}, "geometry": {"type": "Polygon", "coordinates": [[[13192.5, 1110.0], [13194.0, 1108.5], [13194.0, 1104.0], [13192.5, 1104.0], [13192.5, 1110.0]]]}}, {"type": "Feature", "properties": {"class_id": 6, "classification": "OOF", "area": 14.625}, "geometry": {"type": "Polygon", "coordinates": [[[11266.5, 1090.5], [11272.5, 1096.5], [11275.5, 1096.5], [11272.5, 1093.5], [11271.0, 1093.5], [11266.5, 1089.0], [11266.5, 1090.5]]]}}, {"type": "Feature", "properties": {"class_id": 6, "classification": "OOF", "area": 6.75}, "geometry": {"type": "Polygon", "coordinates": [[[16893.0, 411.0], [16891.5, 412.5], [16891.5, 415.5], [16893.0, 415.5], [16893.0, 412.5], [16894.5, 411.0], [16893.0, 411.0]]]}}], "metadata": {"class_mapping": {"1": "Normal Tissue", "2": "Fold", "3": "Darkspot & Foreign Object", "4": "PenMarking", "5": "Edge & Air Bubble", "6": "OOF", "7": "Background"}, "scale_factor": 1.5}}